date,equity_usd
2009-01-02,0.0
2009-01-05,0.0
2009-01-06,0.0
2009-01-07,0.0
2009-01-08,0.0
2009-01-09,0.0
2009-01-12,0.0
2009-01-13,0.0
2009-01-14,0.0
2009-01-15,0.0
2009-01-16,0.0
2009-01-20,0.0
2009-01-21,0.0
2009-01-22,0.0
2009-01-23,0.0
2009-01-26,0.0
2009-01-27,0.0
2009-01-28,0.0
2009-01-29,0.0
2009-01-30,0.0
2009-02-02,0.0
2009-02-03,0.0
2009-02-04,0.0
2009-02-05,0.0
2009-02-06,0.0
2009-02-09,0.0
2009-02-10,0.0
2009-02-11,0.0
2009-02-12,0.0
2009-02-13,0.0
2009-02-17,0.0
2009-02-18,0.0
2009-02-19,0.0
2009-02-20,0.0
2009-02-23,0.0
2009-02-24,0.0
2009-02-25,0.0
2009-02-26,0.0
2009-02-27,0.0
2009-03-02,0.0
2009-03-03,0.0
2009-03-04,0.0
2009-03-05,0.0
2009-03-06,0.0
2009-03-09,0.0
2009-03-10,0.0
2009-03-11,0.0
2009-03-12,0.0
2009-03-13,0.0
2009-03-16,0.0
2009-03-17,0.0
2009-03-18,0.0
2009-03-19,0.0
2009-03-20,0.0
2009-03-23,0.0
2009-03-24,0.0
2009-03-25,0.0
2009-03-26,0.0
2009-03-27,0.0
2009-03-30,0.0
2009-03-31,0.0
2009-04-01,0.0
2009-04-02,0.0
2009-04-03,0.0
2009-04-06,0.0
2009-04-07,0.0
2009-04-08,0.0
2009-04-09,0.0
2009-04-13,0.0
2009-04-14,0.0
2009-04-15,0.0
2009-04-16,0.0
2009-04-17,0.0
2009-04-20,0.0
2009-04-21,0.0
2009-04-22,0.0
2009-04-23,0.0
2009-04-24,0.0
2009-04-27,0.0
2009-04-28,0.0
2009-04-29,0.0
2009-04-30,0.0
2009-05-01,0.0
2009-05-04,0.0
2009-05-05,0.0
2009-05-06,0.0
2009-05-07,0.0
2009-05-08,0.0
2009-05-11,0.0
2009-05-12,0.0
2009-05-13,0.0
2009-05-14,190.0
2009-05-15,200.0
2009-05-18,871.0
2009-05-19,871.0
2009-05-20,871.0
2009-05-21,871.0
2009-05-22,871.0
2009-05-26,871.0
2009-05-27,871.0
2009-05-28,871.0
2009-05-29,871.0
2009-06-01,871.0
2009-06-02,871.0
2009-06-03,871.0
2009-06-04,871.0
2009-06-05,871.0
2009-06-08,871.0
2009-06-09,871.0
2009-06-10,871.0
2009-06-11,871.0
2009-06-12,871.0
2009-06-15,871.0
2009-06-16,41.0
2009-06-17,108.5
2009-06-18,433.5
2009-06-19,1201.101806640614
2009-06-22,1201.101806640614
2009-06-23,1201.101806640614
2009-06-24,1201.101806640614
2009-06-25,1201.101806640614
2009-06-26,1201.101806640614
2009-06-29,1201.101806640614
2009-06-30,1201.101806640614
2009-07-01,1201.101806640614
2009-07-02,1201.101806640614
2009-07-06,1116.101806640614
2009-07-07,456.1018066406141
2009-07-08,161.1018066406141
2009-07-09,553.6018066406141
2009-07-10,366.1018066406141
2009-07-13,1915.601806640614
2009-07-14,1915.601806640614
2009-07-15,1915.601806640614
2009-07-16,1915.601806640614
2009-07-17,1915.601806640614
2009-07-20,1915.601806640614
2009-07-21,1915.601806640614
2009-07-22,1915.601806640614
2009-07-23,1915.601806640614
2009-07-24,1915.601806640614
2009-07-27,1915.601806640614
2009-07-28,1915.601806640614
2009-07-29,1915.601806640614
2009-07-30,1915.601806640614
2009-07-31,1915.601806640614
2009-08-03,1915.601806640614
2009-08-04,1915.601806640614
2009-08-05,1915.601806640614
2009-08-06,1915.601806640614
2009-08-07,1915.601806640614
2009-08-10,1915.601806640614
2009-08-11,1915.601806640614
2009-08-12,1915.601806640614
2009-08-13,1915.601806640614
2009-08-14,1915.601806640614
2009-08-17,1915.601806640614
2009-08-18,2330.601806640614
2009-08-19,2565.601806640614
2009-08-20,2856.601806640614
2009-08-21,2856.601806640614
2009-08-24,2856.601806640614
2009-08-25,2856.601806640614
2009-08-26,2856.601806640614
2009-08-27,2856.601806640614
2009-08-28,2856.601806640614
2009-08-31,2856.601806640614
2009-09-01,2856.601806640614
2009-09-02,2694.101806640614
2009-09-03,3289.101806640614
2009-09-04,4493.601806640614
2009-09-08,4493.601806640614
2009-09-09,4493.601806640614
2009-09-10,4493.601806640614
2009-09-11,4493.601806640614
2009-09-14,4493.601806640614
2009-09-15,4493.601806640614
2009-09-16,4493.601806640614
2009-09-17,4493.601806640614
2009-09-18,4493.601806640614
2009-09-21,4493.601806640614
2009-09-22,4493.601806640614
2009-09-23,4493.601806640614
2009-09-24,4493.601806640614
2009-09-25,4493.601806640614
2009-09-28,5865.601806640614
2009-09-29,5865.601806640614
2009-09-30,5865.601806640614
2009-10-01,5865.601806640614
2009-10-02,5413.101806640614
2009-10-05,6385.601806640614
2009-10-06,7477.601806640614
2009-10-07,7477.601806640614
2009-10-08,7477.601806640614
2009-10-09,7477.601806640614
2009-10-12,7477.601806640614
2009-10-13,7477.601806640614
2009-10-14,7477.601806640614
2009-10-15,7477.601806640614
2009-10-16,7477.601806640614
2009-10-19,7477.601806640614
2009-10-20,7477.601806640614
2009-10-21,7477.601806640614
2009-10-22,7477.601806640614
2009-10-23,7477.601806640614
2009-10-26,7477.601806640614
2009-10-27,7477.601806640614
2009-10-28,6682.601806640614
2009-10-29,8382.601806640614
2009-10-30,6117.601806640614
2009-11-02,6487.601806640614
2009-11-03,6755.101806640614
2009-11-04,7228.601806640614
2009-11-05,8012.101806640614
2009-11-06,8012.101806640614
2009-11-09,8012.101806640614
2009-11-10,8012.101806640614
2009-11-11,8012.101806640614
2009-11-12,8012.101806640614
2009-11-13,8012.101806640614
2009-11-16,8012.101806640614
2009-11-17,8012.101806640614
2009-11-18,8012.101806640614
2009-11-19,8012.101806640614
2009-11-20,8012.101806640614
2009-11-23,8553.101806640614
2009-11-24,8553.101806640614
2009-11-25,8553.101806640614
2009-11-27,8553.101806640614
2009-11-30,8553.101806640614
2009-12-01,8553.101806640614
2009-12-02,8553.101806640614
2009-12-03,8553.101806640614
2009-12-04,8553.101806640614
2009-12-07,8553.101806640614
2009-12-08,8553.101806640614
2009-12-09,8553.101806640614
2009-12-10,8553.101806640614
2009-12-11,8553.101806640614
2009-12-14,8553.101806640614
2009-12-15,8553.101806640614
2009-12-16,8553.101806640614
2009-12-17,8553.101806640614
2009-12-18,8553.101806640614
2009-12-21,8553.101806640614
2009-12-22,8553.101806640614
2009-12-23,8553.101806640614
2009-12-24,8553.101806640614
2009-12-28,8553.101806640614
2009-12-29,8553.101806640614
2009-12-30,8553.101806640614
2009-12-31,8553.101806640614
2010-01-04,9424.101806640614
2010-01-05,9424.101806640614
2010-01-06,9424.101806640614
2010-01-07,9424.101806640614
2010-01-08,9424.101806640614
2010-01-11,9424.101806640614
2010-01-12,9424.101806640614
2010-01-13,9424.101806640614
2010-01-14,9424.101806640614
2010-01-15,9424.101806640614
2010-01-19,9424.101806640614
2010-01-20,9424.101806640614
2010-01-21,9424.101806640614
2010-01-22,9424.101806640614
2010-01-25,9514.101806640614
2010-01-26,9211.601806640614
2010-01-27,9824.101806640614
2010-01-28,8291.601806640614
2010-01-29,7229.101806640614
2010-02-01,8346.601806640614
2010-02-02,9132.601806640614
2010-02-03,9448.601806640614
2010-02-04,9448.601806640614
2010-02-05,9448.601806640614
2010-02-08,9448.601806640614
2010-02-09,9961.101806640614
2010-02-10,9811.101806640614
2010-02-11,10444.601806640614
2010-02-12,10444.601806640614
2010-02-16,10444.601806640614
2010-02-17,10444.601806640614
2010-02-18,10444.601806640614
2010-02-19,10444.601806640614
2010-02-22,10444.601806640614
2010-02-23,10444.601806640614
2010-02-24,10444.601806640614
2010-02-25,10444.601806640614
2010-02-26,10444.601806640614
2010-03-01,10444.601806640614
2010-03-02,10444.601806640614
2010-03-03,10444.601806640614
2010-03-04,10444.601806640614
2010-03-05,10444.601806640614
2010-03-08,10444.601806640614
2010-03-09,10444.601806640614
2010-03-10,10444.601806640614
2010-03-11,10444.601806640614
2010-03-12,10444.601806640614
2010-03-15,10444.601806640614
2010-03-16,10444.601806640614
2010-03-17,10444.601806640614
2010-03-18,10444.601806640614
2010-03-19,10444.601806640614
2010-03-22,10444.601806640614
2010-03-23,10444.601806640614
2010-03-24,10444.601806640614
2010-03-25,10444.601806640614
2010-03-26,10444.601806640614
2010-03-29,10444.601806640614
2010-03-30,10444.601806640614
2010-03-31,10444.601806640614
2010-04-01,10444.601806640614
2010-04-05,10444.601806640614
2010-04-06,10444.601806640614
2010-04-07,10444.601806640614
2010-04-08,10444.601806640614
2010-04-09,10444.601806640614
2010-04-12,10444.601806640614
2010-04-13,10444.601806640614
2010-04-14,10444.601806640614
2010-04-15,10444.601806640614
2010-04-16,10444.601806640614
2010-04-19,10444.601806640614
2010-04-20,10444.601806640614
2010-04-21,10444.601806640614
2010-04-22,10444.601806640614
2010-04-23,10444.601806640614
2010-04-26,10444.601806640614
2010-04-27,10444.601806640614
2010-04-28,10894.601806640614
2010-04-29,11628.101806640614
2010-04-30,11628.101806640614
2010-05-03,11628.101806640614
2010-05-04,11628.101806640614
2010-05-05,11628.101806640614
2010-05-06,11628.101806640614
2010-05-07,10103.101806640614
2010-05-10,14369.101806640614
2010-05-11,14284.101806640614
2010-05-12,15020.101806640614
2010-05-13,15020.101806640614
2010-05-14,15020.101806640614
2010-05-17,15020.101806640614
2010-05-18,15020.101806640614
2010-05-19,14582.601806640614
2010-05-20,11227.601806640614
2010-05-21,12327.601806640614
2010-05-24,11517.601806640614
2010-05-25,11677.601806640614
2010-05-26,10610.101806640614
2010-05-27,13999.601806640614
2010-05-28,13999.601806640614
2010-06-01,13999.601806640614
2010-06-02,13999.601806640614
2010-06-03,13999.601806640614
2010-06-04,13999.601806640614
2010-06-07,13999.601806640614
2010-06-08,13999.601806640614
2010-06-09,13999.601806640614
2010-06-10,13999.601806640614
2010-06-11,13999.601806640614
2010-06-14,13999.601806640614
2010-06-15,13999.601806640614
2010-06-16,13999.601806640614
2010-06-17,13999.601806640614
2010-06-18,13999.601806640614
2010-06-21,13999.601806640614
2010-06-22,13999.601806640614
2010-06-23,13999.601806640614
2010-06-24,13999.601806640614
2010-06-25,13794.601806640614
2010-06-28,13729.601806640614
2010-06-29,12279.601806640614
2010-06-30,11769.601806640614
2010-07-01,11569.601806640614
2010-07-02,11434.601806640614
2010-07-06,11699.601806640614
2010-07-07,12785.601806640614
2010-07-08,12785.601806640614
2010-07-09,12785.601806640614
2010-07-12,12785.601806640614
2010-07-13,12785.601806640614
2010-07-14,12785.601806640614
2010-07-15,12785.601806640614
2010-07-16,12785.601806640614
2010-07-19,12785.601806640614
2010-07-20,12785.601806640614
2010-07-21,12785.601806640614
2010-07-22,12785.601806640614
2010-07-23,12785.601806640614
2010-07-26,12785.601806640614
2010-07-27,12785.601806640614
2010-07-28,12785.601806640614
2010-07-29,12785.601806640614
2010-07-30,12785.601806640614
2010-08-02,12785.601806640614
2010-08-03,12785.601806640614
2010-08-04,12785.601806640614
2010-08-05,12785.601806640614
2010-08-06,12785.601806640614
2010-08-09,12785.601806640614
2010-08-10,12785.601806640614
2010-08-11,12785.601806640614
2010-08-12,12575.601806640614
2010-08-13,12335.601806640614
2010-08-16,12430.601806640614
2010-08-17,12806.601806640614
2010-08-18,12806.601806640614
2010-08-19,12806.601806640614
2010-08-20,12806.601806640614
2010-08-23,12806.601806640614
2010-08-24,12806.601806640614
2010-08-25,12806.601806640614
2010-08-26,12806.601806640614
2010-08-27,12806.601806640614
2010-08-30,12806.601806640614
2010-08-31,12806.601806640614
2010-09-01,12806.601806640614
2010-09-02,12806.601806640614
2010-09-03,12806.601806640614
2010-09-07,12806.601806640614
2010-09-08,12806.601806640614
2010-09-09,12806.601806640614
2010-09-10,12806.601806640614
2010-09-13,12806.601806640614
2010-09-14,12806.601806640614
2010-09-15,12806.601806640614
2010-09-16,12806.601806640614
2010-09-17,12806.601806640614
2010-09-20,12806.601806640614
2010-09-21,12806.601806640614
2010-09-22,12806.601806640614
2010-09-23,12806.601806640614
2010-09-24,12806.601806640614
2010-09-27,12806.601806640614
2010-09-28,12806.601806640614
2010-09-29,12806.601806640614
2010-09-30,12806.601806640614
2010-10-01,12806.601806640614
2010-10-04,12806.601806640614
2010-10-05,13622.601806640614
2010-10-06,13622.601806640614
2010-10-07,13622.601806640614
2010-10-08,13622.601806640614
2010-10-11,13622.601806640614
2010-10-12,13622.601806640614
2010-10-13,13622.601806640614
2010-10-14,13622.601806640614
2010-10-15,13622.601806640614
2010-10-18,13622.601806640614
2010-10-19,13622.601806640614
2010-10-20,13622.601806640614
2010-10-21,13622.601806640614
2010-10-22,13622.601806640614
2010-10-25,13622.601806640614
2010-10-26,13622.601806640614
2010-10-27,13622.601806640614
2010-10-28,13622.601806640614
2010-10-29,13622.601806640614
2010-11-01,13622.601806640614
2010-11-02,13622.601806640614
2010-11-03,13622.601806640614
2010-11-04,13622.601806640614
2010-11-05,13622.601806640614
2010-11-08,13622.601806640614
2010-11-09,13622.601806640614
2010-11-10,13622.601806640614
2010-11-11,13622.601806640614
2010-11-12,13622.601806640614
2010-11-15,13520.101806640614
2010-11-16,11725.101806640614
2010-11-17,11987.601806640614
2010-11-18,13702.101806640614
2010-11-19,13702.101806640614
2010-11-22,13702.101806640614
2010-11-23,13702.101806640614
2010-11-24,13702.101806640614
2010-11-26,13702.101806640614
2010-11-29,13702.101806640614
2010-11-30,13702.101806640614
2010-12-01,13702.101806640614
2010-12-02,13702.101806640614
2010-12-03,13702.101806640614
2010-12-06,13702.101806640614
2010-12-07,13702.101806640614
2010-12-08,13702.101806640614
2010-12-09,13702.101806640614
2010-12-10,13702.101806640614
2010-12-13,13702.101806640614
2010-12-14,13702.101806640614
2010-12-15,13702.101806640614
2010-12-16,13702.101806640614
2010-12-17,13702.101806640614
2010-12-20,13702.101806640614
2010-12-21,13702.101806640614
2010-12-22,13702.101806640614
2010-12-23,13702.101806640614
2010-12-27,13702.101806640614
2010-12-28,13702.101806640614
2010-12-29,13702.101806640614
2010-12-30,13702.101806640614
2010-12-31,13702.101806640614
2011-01-03,14378.101806640614
2011-01-04,14378.101806640614
2011-01-05,14378.101806640614
2011-01-06,14378.101806640614
2011-01-07,14378.101806640614
2011-01-10,14378.101806640614
2011-01-11,14378.101806640614
2011-01-12,14378.101806640614
2011-01-13,14378.101806640614
2011-01-14,14378.101806640614
2011-01-18,14378.101806640614
2011-01-19,14378.101806640614
2011-01-20,14378.101806640614
2011-01-21,14378.101806640614
2011-01-24,14958.101806640614
2011-01-25,15009.101806640614
2011-01-26,15009.101806640614
2011-01-27,15009.101806640614
2011-01-28,15009.101806640614
2011-01-31,15009.101806640614
2011-02-01,15009.101806640614
2011-02-02,15009.101806640614
2011-02-03,15009.101806640614
2011-02-04,15009.101806640614
2011-02-07,15009.101806640614
2011-02-08,15009.101806640614
2011-02-09,15009.101806640614
2011-02-10,15009.101806640614
2011-02-11,15009.101806640614
2011-02-14,15009.101806640614
2011-02-15,15009.101806640614
2011-02-16,15009.101806640614
2011-02-17,15009.101806640614
2011-02-18,15009.101806640614
2011-02-22,15009.101806640614
2011-02-23,14644.101806640614
2011-02-24,14601.601806640614
2011-02-25,16137.601806640614
2011-02-28,16471.101806640614
2011-03-01,16471.101806640614
2011-03-02,16471.101806640614
2011-03-03,16471.101806640614
2011-03-04,16471.101806640614
2011-03-07,16471.101806640614
2011-03-08,16471.101806640614
2011-03-09,16471.101806640614
2011-03-10,16471.101806640614
2011-03-11,16916.101806640614
2011-03-14,16651.101806640614
2011-03-15,15761.101806640614
2011-03-16,15031.101806640614
2011-03-17,16131.101806640614
2011-03-18,17089.299072265614
2011-03-21,17916.10244589289
2011-03-22,17916.10244589289
2011-03-23,17916.10244589289
2011-03-24,17916.10244589289
2011-03-25,17916.10244589289
2011-03-28,17916.10244589289
2011-03-29,17916.10244589289
2011-03-30,17916.10244589289
2011-03-31,17916.10244589289
2011-04-01,17916.10244589289
2011-04-04,17916.10244589289
2011-04-05,17916.10244589289
2011-04-06,17916.10244589289
2011-04-07,17916.10244589289
2011-04-08,17916.10244589289
2011-04-11,17916.10244589289
2011-04-12,17053.60244589289
2011-04-13,17388.60244589289
2011-04-14,17308.60244589289
2011-04-15,17884.60244589289
2011-04-18,17489.60244589289
2011-04-19,17909.60244589289
2011-04-20,18775.60244589289
2011-04-21,18775.60244589289
2011-04-25,18775.60244589289
2011-04-26,18775.60244589289
2011-04-27,18775.60244589289
2011-04-28,18775.60244589289
2011-04-29,18775.60244589289
2011-05-02,18775.60244589289
2011-05-03,18775.60244589289
2011-05-04,18775.60244589289
2011-05-05,18275.60244589289
2011-05-06,18140.60244589289
2011-05-09,18799.10244589289
2011-05-10,19320.10244589289
2011-05-11,19320.10244589289
2011-05-12,19320.10244589289
2011-05-13,19320.10244589289
2011-05-16,19320.10244589289
2011-05-17,19375.10244589289
2011-05-18,19860.10244589289
2011-05-19,19996.10244589289
2011-05-20,19996.10244589289
2011-05-23,19996.10244589289
2011-05-24,19996.10244589289
2011-05-25,20301.10244589289
2011-05-26,21087.10244589289
2011-05-27,21218.10244589289
2011-05-31,21218.10244589289
2011-06-01,21218.10244589289
2011-06-02,21218.10244589289
2011-06-03,21218.10244589289
2011-06-06,20655.60244589289
2011-06-07,20643.10244589289
2011-06-08,20255.60244589289
2011-06-09,20870.60244589289
2011-06-10,19333.10244589289
2011-06-13,19485.60244589289
2011-06-14,20917.60244589289
2011-06-15,20917.60244589289
2011-06-16,20917.60244589289
2011-06-17,20917.60244589289
2011-06-20,20917.60244589289
2011-06-21,20917.60244589289
2011-06-22,20917.60244589289
2011-06-23,20917.60244589289
2011-06-24,20917.60244589289
2011-06-27,20917.60244589289
2011-06-28,20917.60244589289
2011-06-29,20917.60244589289
2011-06-30,20917.60244589289
2011-07-01,20917.60244589289
2011-07-05,20917.60244589289
2011-07-06,20917.60244589289
2011-07-07,20917.60244589289
2011-07-08,20917.60244589289
2011-07-11,20917.60244589289
2011-07-12,20917.60244589289
2011-07-13,20917.60244589289
2011-07-14,20917.60244589289
2011-07-15,21347.60244589289
2011-07-18,21037.60244589289
2011-07-19,22003.60244589289
2011-07-20,22003.60244589289
2011-07-21,22003.60244589289
2011-07-22,22003.60244589289
2011-07-25,22003.60244589289
2011-07-26,22003.60244589289
2011-07-27,22003.60244589289
2011-07-28,22136.10244589289
2011-07-29,21508.60244589289
2011-08-01,20806.10244589289
2011-08-02,18026.10244589289
2011-08-03,18673.60244589289
2011-08-04,14026.102445892891
2011-08-05,13526.102445892891
2011-08-08,6221.102445892891
2011-08-09,11586.102445892891
2011-08-10,7730.602445892891
2011-08-11,7730.602445892891
2011-08-12,7730.602445892891
2011-08-15,7730.602445892891
2011-08-16,7730.602445892891
2011-08-17,7730.602445892891
2011-08-18,7730.602445892891
2011-08-19,7730.602445892891
2011-08-22,7730.602445892891
2011-08-23,7730.602445892891
2011-08-24,7730.602445892891
2011-08-25,7730.602445892891
2011-08-26,7730.602445892891
2011-08-29,7730.602445892891
2011-08-30,7730.602445892891
2011-08-31,7730.602445892891
2011-09-01,7730.602445892891
2011-09-02,7730.602445892891
2011-09-06,7730.602445892891
2011-09-07,7730.602445892891
2011-09-08,7730.602445892891
2011-09-09,7730.602445892891
2011-09-12,7730.602445892891
2011-09-13,7730.602445892891
2011-09-14,7730.602445892891
2011-09-15,7730.602445892891
2011-09-16,7730.602445892891
2011-09-19,7730.602445892891
2011-09-20,7730.602445892891
2011-09-21,7730.602445892891
2011-09-22,7730.602445892891
2011-09-23,7730.602445892891
2011-09-26,7730.602445892891
2011-09-27,7730.602445892891
2011-09-28,7730.602445892891
2011-09-29,7730.602445892891
2011-09-30,7730.602445892891
2011-10-03,7730.602445892891
2011-10-04,7730.602445892891
2011-10-05,7730.602445892891
2011-10-06,7730.602445892891
2011-10-07,7730.602445892891
2011-10-10,7730.602445892891
2011-10-11,7730.602445892891
2011-10-12,7730.602445892891
2011-10-13,7730.602445892891
2011-10-14,7730.602445892891
2011-10-17,7730.602445892891
2011-10-18,7730.602445892891
2011-10-19,7730.602445892891
2011-10-20,7730.602445892891
2011-10-21,7730.602445892891
2011-10-24,7730.602445892891
2011-10-25,7730.602445892891
2011-10-26,7730.602445892891
2011-10-27,7730.602445892891
2011-10-28,7730.602445892891
2011-10-31,7730.602445892891
2011-11-01,7730.602445892891
2011-11-02,7730.602445892891
2011-11-03,7730.602445892891
2011-11-04,7730.602445892891
2011-11-07,7730.602445892891
2011-11-08,7730.602445892891
2011-11-09,7730.602445892891
2011-11-10,7730.602445892891
2011-11-11,7730.602445892891
2011-11-14,7730.602445892891
2011-11-15,7730.602445892891
2011-11-16,7730.602445892891
2011-11-17,7730.602445892891
2011-11-18,7360.602445892891
2011-11-21,6635.602445892891
2011-11-22,6650.602445892891
2011-11-23,5585.602445892891
2011-11-25,5315.602445892891
2011-11-28,6771.602445892891
2011-11-29,6771.602445892891
2011-11-30,6771.602445892891
2011-12-01,6771.602445892891
2011-12-02,6771.602445892891
2011-12-05,6771.602445892891
2011-12-06,6771.602445892891
2011-12-07,6771.602445892891
2011-12-08,6771.602445892891
2011-12-09,6771.602445892891
2011-12-12,6771.602445892891
2011-12-13,6771.602445892891
2011-12-14,6771.602445892891
2011-12-15,6771.602445892891
2011-12-16,6771.602445892891
2011-12-19,6771.602445892891
2011-12-20,6771.602445892891
2011-12-21,6771.602445892891
2011-12-22,6771.602445892891
2011-12-23,6771.602445892891
2011-12-27,6771.602445892891
2011-12-28,6771.602445892891
2011-12-29,6771.602445892891
2011-12-30,6771.602445892891
2012-01-03,6771.602445892891
2012-01-04,6771.602445892891
2012-01-05,6771.602445892891
2012-01-06,6771.602445892891
2012-01-09,6771.602445892891
2012-01-10,6771.602445892891
2012-01-11,6771.602445892891
2012-01-12,6771.602445892891
2012-01-13,6771.602445892891
2012-01-17,6771.602445892891
2012-01-18,6771.602445892891
2012-01-19,6771.602445892891
2012-01-20,6771.602445892891
2012-01-23,6771.602445892891
2012-01-24,6771.602445892891
2012-01-25,6771.602445892891
2012-01-26,6771.602445892891
2012-01-27,6771.602445892891
2012-01-30,6771.602445892891
2012-01-31,6771.602445892891
2012-02-01,6771.602445892891
2012-02-02,6771.602445892891
2012-02-03,6771.602445892891
2012-02-06,6771.602445892891
2012-02-07,6771.602445892891
2012-02-08,6771.602445892891
2012-02-09,6771.602445892891
2012-02-10,6771.602445892891
2012-02-13,6771.602445892891
2012-02-14,6771.602445892891
2012-02-15,6771.602445892891
2012-02-16,6771.602445892891
2012-02-17,6771.602445892891
2012-02-21,6771.602445892891
2012-02-22,6771.602445892891
2012-02-23,6771.602445892891
2012-02-24,6771.602445892891
2012-02-27,6771.602445892891
2012-02-28,6771.602445892891
2012-02-29,6771.602445892891
2012-03-01,6771.602445892891
2012-03-02,6771.602445892891
2012-03-05,6771.602445892891
2012-03-06,6771.602445892891
2012-03-07,7694.102445892891
2012-03-08,8918.602445892891
2012-03-09,8918.602445892891
2012-03-12,8918.602445892891
2012-03-13,8918.602445892891
2012-03-14,8918.602445892891
2012-03-15,8918.602445892891
2012-03-16,8918.602445892891
2012-03-19,8918.602445892891
2012-03-20,8918.602445892891
2012-03-21,8918.602445892891
2012-03-22,8918.602445892891
2012-03-23,8918.602445892891
2012-03-26,8918.602445892891
2012-03-27,8918.602445892891
2012-03-28,8918.602445892891
2012-03-29,8918.602445892891
2012-03-30,8918.602445892891
2012-04-02,8918.602445892891
2012-04-03,8918.602445892891
2012-04-04,8918.602445892891
2012-04-05,8918.602445892891
2012-04-09,8918.602445892891
2012-04-10,8018.602445892891
2012-04-11,8513.602445892891
2012-04-12,10260.602445892891
2012-04-13,10260.602445892891
2012-04-16,10260.602445892891
2012-04-17,10260.602445892891
2012-04-18,10260.602445892891
2012-04-19,10260.602445892891
2012-04-20,10260.602445892891
2012-04-23,10260.602445892891
2012-04-24,9905.602445892891
2012-04-25,11331.602445892891
2012-04-26,11331.602445892891
2012-04-27,11331.602445892891
2012-04-30,11331.602445892891
2012-05-01,11331.602445892891
2012-05-02,11331.602445892891
2012-05-03,11331.602445892891
2012-05-04,11331.602445892891
2012-05-07,11714.102445892891
2012-05-08,11076.602445892891
2012-05-09,10631.602445892891
2012-05-10,10946.602445892891
2012-05-11,10411.602445892891
2012-05-14,9096.602445892891
2012-05-15,8674.102445892891
2012-05-16,7971.602445892891
2012-05-17,5854.102445892891
2012-05-18,4556.102445892891
2012-05-21,7311.102445892891
2012-05-22,7096.102445892891
2012-05-23,7251.102445892891
2012-05-24,7474.602445892891
2012-05-25,7229.602445892891
2012-05-29,7925.602445892891
2012-05-30,7925.602445892891
2012-05-31,7925.602445892891
2012-06-01,7925.602445892891
2012-06-04,8155.602445892891
2012-06-05,9150.602445892891
2012-06-06,11857.602445892891
2012-06-07,11857.602445892891
2012-06-08,11857.602445892891
2012-06-11,11857.602445892891
2012-06-12,11857.602445892891
2012-06-13,11857.602445892891
2012-06-14,11857.602445892891
2012-06-15,11857.602445892891
2012-06-18,11857.602445892891
2012-06-19,11857.602445892891
2012-06-20,11857.602445892891
2012-06-21,11857.602445892891
2012-06-22,11857.602445892891
2012-06-25,11857.602445892891
2012-06-26,11857.602445892891
2012-06-27,11857.602445892891
2012-06-28,11857.602445892891
2012-06-29,11857.602445892891
2012-07-02,11857.602445892891
2012-07-03,11857.602445892891
2012-07-05,11857.602445892891
2012-07-06,11857.602445892891
2012-07-09,11857.602445892891
2012-07-10,11857.602445892891
2012-07-11,11565.102445892891
2012-07-12,10740.102445892891
2012-07-13,12621.102445892891
2012-07-16,12511.102445892891
2012-07-17,12807.102445892891
2012-07-18,12807.102445892891
2012-07-19,12807.102445892891
2012-07-20,12807.102445892891
2012-07-23,12807.102445892891
2012-07-24,12807.102445892891
2012-07-25,13082.102445892891
2012-07-26,14620.602445892891
2012-07-27,15996.602445892891
2012-07-30,15996.602445892891
2012-07-31,15996.602445892891
2012-08-01,15996.602445892891
2012-08-02,15996.602445892891
2012-08-03,15996.602445892891
2012-08-06,15996.602445892891
2012-08-07,15996.602445892891
2012-08-08,15996.602445892891
2012-08-09,15996.602445892891
2012-08-10,15996.602445892891
2012-08-13,15996.602445892891
2012-08-14,15996.602445892891
2012-08-15,15996.602445892891
2012-08-16,15996.602445892891
2012-08-17,15996.602445892891
2012-08-20,15996.602445892891
2012-08-21,15996.602445892891
2012-08-22,15996.602445892891
2012-08-23,15996.602445892891
2012-08-24,16484.10244589289
2012-08-27,16409.10244589289
2012-08-28,16384.10244589289
2012-08-29,16359.102445892891
2012-08-30,15846.602445892891
2012-08-31,16591.60244589289
2012-09-04,16711.60244589289
2012-09-05,16446.60244589289
2012-09-06,18938.60244589289
2012-09-07,18938.60244589289
2012-09-10,18938.60244589289
2012-09-11,18938.60244589289
2012-09-12,18938.60244589289
2012-09-13,18938.60244589289
2012-09-14,18938.60244589289
2012-09-17,18938.60244589289
2012-09-18,18938.60244589289
2012-09-19,18938.60244589289
2012-09-20,18938.60244589289
2012-09-21,18938.60244589289
2012-09-24,18938.60244589289
2012-09-25,17526.10244589289
2012-09-26,16433.60244589289
2012-09-27,17938.60244589289
2012-09-28,17151.10244589289
2012-10-01,17213.60244589289
2012-10-02,17524.60244589289
2012-10-03,17765.60244589289
2012-10-04,17765.60244589289
2012-10-05,17765.60244589289
2012-10-08,17765.60244589289
2012-10-09,17765.60244589289
2012-10-10,17053.10244589289
2012-10-11,16975.60244589289
2012-10-12,16560.60244589289
2012-10-15,17656.60244589289
2012-10-16,18322.60244589289
2012-10-17,18322.60244589289
2012-10-18,18322.60244589289
2012-10-19,18322.60244589289
2012-10-22,18797.60244589289
2012-10-23,18252.60244589289
2012-10-24,18052.60244589289
2012-10-25,18002.60244589289
2012-10-26,18222.60244589289
2012-10-31,17852.60244589289
2012-11-01,18723.60244589289
2012-11-02,18723.60244589289
2012-11-05,18723.60244589289
2012-11-06,18723.60244589289
2012-11-07,18723.60244589289
2012-11-08,18723.60244589289
2012-11-09,18723.60244589289
2012-11-12,18723.60244589289
2012-11-13,18723.60244589289
2012-11-14,18723.60244589289
2012-11-15,18723.60244589289
2012-11-16,18723.60244589289
2012-11-19,18723.60244589289
2012-11-20,18723.60244589289
2012-11-21,18723.60244589289
2012-11-23,18723.60244589289
2012-11-26,18723.60244589289
2012-11-27,18723.60244589289
2012-11-28,18723.60244589289
2012-11-29,18723.60244589289
2012-11-30,18723.60244589289
2012-12-03,18723.60244589289
2012-12-04,18723.60244589289
2012-12-05,18723.60244589289
2012-12-06,18723.60244589289
2012-12-07,18723.60244589289
2012-12-10,18723.60244589289
2012-12-11,18723.60244589289
2012-12-12,18723.60244589289
2012-12-13,18723.60244589289
2012-12-14,18723.60244589289
2012-12-17,18723.60244589289
2012-12-18,18723.60244589289
2012-12-19,18723.60244589289
2012-12-20,18723.60244589289
2012-12-21,18723.60244589289
2012-12-24,18723.60244589289
2012-12-26,18723.60244589289
2012-12-27,18723.60244589289
2012-12-28,17386.10244589289
2012-12-31,19186.10244589289
2013-01-02,21007.10244589289
2013-01-03,21007.10244589289
2013-01-04,21007.10244589289
2013-01-07,21007.10244589289
2013-01-08,21007.10244589289
2013-01-09,21007.10244589289
2013-01-10,21007.10244589289
2013-01-11,21007.10244589289
2013-01-14,21007.10244589289
2013-01-15,21007.10244589289
2013-01-16,21007.10244589289
2013-01-17,21007.10244589289
2013-01-18,21007.10244589289
2013-01-22,21007.10244589289
2013-01-23,21007.10244589289
2013-01-24,21007.10244589289
2013-01-25,21007.10244589289
2013-01-28,21007.10244589289
2013-01-29,21007.10244589289
2013-01-30,21007.10244589289
2013-01-31,21007.10244589289
2013-02-01,21007.10244589289
2013-02-04,21007.10244589289
2013-02-05,21007.10244589289
2013-02-06,21007.10244589289
2013-02-07,21007.10244589289
2013-02-08,21007.10244589289
2013-02-11,21007.10244589289
2013-02-12,21007.10244589289
2013-02-13,21007.10244589289
2013-02-14,21007.10244589289
2013-02-15,21007.10244589289
2013-02-19,21007.10244589289
2013-02-20,21007.10244589289
2013-02-21,21007.10244589289
2013-02-22,21007.10244589289
2013-02-25,21007.10244589289
2013-02-26,21007.10244589289
2013-02-27,21007.10244589289
2013-02-28,21007.10244589289
2013-03-01,21007.10244589289
2013-03-04,21007.10244589289
2013-03-05,21007.10244589289
2013-03-06,21007.10244589289
2013-03-07,21007.10244589289
2013-03-08,21007.10244589289
2013-03-11,21007.10244589289
2013-03-12,21007.10244589289
2013-03-13,21007.10244589289
2013-03-14,21007.10244589289
2013-03-15,21007.10244589289
2013-03-18,21007.10244589289
2013-03-19,21007.10244589289
2013-03-20,21122.10244589289
2013-03-21,20505.48002453703
2013-03-22,20980.48002453703
2013-03-25,20795.48002453703
2013-03-26,21091.48002453703
2013-03-27,21091.48002453703
2013-03-28,21091.48002453703
2013-04-01,21091.48002453703
2013-04-02,21091.48002453703
2013-04-03,21091.48002453703
2013-04-04,21091.48002453703
2013-04-05,21091.48002453703
2013-04-08,21091.48002453703
2013-04-09,21091.48002453703
2013-04-10,21091.48002453703
2013-04-11,21091.48002453703
2013-04-12,21091.48002453703
2013-04-15,21091.48002453703
2013-04-16,22353.98002453703
2013-04-17,21216.48002453703
2013-04-18,20616.48002453703
2013-04-19,21291.48002453703
2013-04-22,21687.48002453703
2013-04-23,21687.48002453703
2013-04-24,21687.48002453703
2013-04-25,21687.48002453703
2013-04-26,21687.48002453703
2013-04-29,21687.48002453703
2013-04-30,21687.48002453703
2013-05-01,21687.48002453703
2013-05-02,21687.48002453703
2013-05-03,21687.48002453703
2013-05-06,21687.48002453703
2013-05-07,21687.48002453703
2013-05-08,21687.48002453703
2013-05-09,21687.48002453703
2013-05-10,21687.48002453703
2013-05-13,21687.48002453703
2013-05-14,21687.48002453703
2013-05-15,21687.48002453703
2013-05-16,21687.48002453703
2013-05-17,21687.48002453703
2013-05-20,21687.48002453703
2013-05-21,21687.48002453703
2013-05-22,21687.48002453703
2013-05-23,21687.48002453703
2013-05-24,21687.48002453703
2013-05-28,21898.48002453703
2013-05-29,21898.48002453703
2013-05-30,21898.48002453703
2013-05-31,21898.48002453703
2013-06-03,21898.48002453703
2013-06-04,21898.48002453703
2013-06-05,21898.48002453703
2013-06-06,22855.98002453703
2013-06-07,24220.48002453703
2013-06-10,24220.48002453703
2013-06-11,24220.48002453703
2013-06-12,24220.48002453703
2013-06-13,25060.48002453703
2013-06-14,24655.48002453703
2013-06-17,25215.48002453703
2013-06-18,25671.48002453703
2013-06-19,25671.48002453703
2013-06-20,25671.48002453703
2013-06-21,25883.794006787622
2013-06-24,23128.794006787622
2013-06-25,24176.294006787622
2013-06-26,25371.294006787622
2013-06-27,26208.294006787622
2013-06-28,26208.294006787622
2013-07-01,26208.294006787622
2013-07-02,26208.294006787622
2013-07-03,26208.294006787622
2013-07-05,26208.294006787622
2013-07-08,26208.294006787622
2013-07-09,26208.294006787622
2013-07-10,26208.294006787622
2013-07-11,26208.294006787622
2013-07-12,26208.294006787622
2013-07-15,26208.294006787622
2013-07-16,26208.294006787622
2013-07-17,26208.294006787622
2013-07-18,26208.294006787622
2013-07-19,26208.294006787622
2013-07-22,26208.294006787622
2013-07-23,26208.294006787622
2013-07-24,26208.294006787622
2013-07-25,26208.294006787622
2013-07-26,26208.294006787622
2013-07-29,26208.294006787622
2013-07-30,26208.294006787622
2013-07-31,26208.294006787622
2013-08-01,26208.294006787622
2013-08-02,26208.294006787622
2013-08-05,26208.294006787622
2013-08-06,26208.294006787622
2013-08-07,26208.294006787622
2013-08-08,26208.294006787622
2013-08-09,26208.294006787622
2013-08-12,26208.294006787622
2013-08-13,26208.294006787622
2013-08-14,26208.294006787622
2013-08-15,26208.294006787622
2013-08-16,25945.794006787622
2013-08-19,25660.794006787637
2013-08-20,26145.794006787622
2013-08-21,25075.794006787637
2013-08-22,26759.294006787622
2013-08-23,27067.794006787622
2013-08-26,27067.794006787622
2013-08-27,27067.794006787622
2013-08-28,27067.794006787622
2013-08-29,27067.794006787622
2013-08-30,27067.794006787622
2013-09-03,27067.794006787622
2013-09-04,27067.794006787622
2013-09-05,27067.794006787622
2013-09-06,27067.794006787622
2013-09-09,27067.794006787622
2013-09-10,27067.794006787622
2013-09-11,27067.794006787622
2013-09-12,27067.794006787622
2013-09-13,27067.794006787622
2013-09-16,27067.794006787622
2013-09-17,27067.794006787622
2013-09-18,27067.794006787622
2013-09-19,27067.794006787622
2013-09-20,27067.794006787622
2013-09-23,27067.794006787622
2013-09-24,27067.794006787622
2013-09-25,27067.794006787622
2013-09-26,27067.794006787622
2013-09-27,27067.794006787622
2013-09-30,27067.794006787622
2013-10-01,27067.794006787622
2013-10-02,27067.794006787622
2013-10-03,27067.794006787622
2013-10-04,27067.794006787622
2013-10-07,27067.794006787622
2013-10-08,27067.794006787622
2013-10-09,27067.794006787622
2013-10-10,28287.794006787622
2013-10-11,28913.794006787622
2013-10-14,28913.794006787622
2013-10-15,28913.794006787622
2013-10-16,28913.794006787622
2013-10-17,28913.794006787622
2013-10-18,28913.794006787622
2013-10-21,28913.794006787622
2013-10-22,28913.794006787622
2013-10-23,28913.794006787622
2013-10-24,28913.794006787622
2013-10-25,28913.794006787622
2013-10-28,28913.794006787622
2013-10-29,28913.794006787622
2013-10-30,28913.794006787622
2013-10-31,28913.794006787622
2013-11-01,28913.794006787622
2013-11-04,28913.794006787622
2013-11-05,28913.794006787622
2013-11-06,28913.794006787622
2013-11-07,28913.794006787622
2013-11-08,29733.794006787622
2013-11-11,29608.794006787622
2013-11-12,29813.794006787622
2013-11-13,30549.794006787622
2013-11-14,30549.794006787622
2013-11-15,30549.794006787622
2013-11-18,30549.794006787622
2013-11-19,30549.794006787622
2013-11-20,30549.794006787622
2013-11-21,30549.794006787622
2013-11-22,30549.794006787622
2013-11-25,30549.794006787622
2013-11-26,30549.794006787622
2013-11-27,30549.794006787622
2013-11-29,30549.794006787622
2013-12-02,30549.794006787622
2013-12-03,30549.794006787622
2013-12-04,30562.294006787622
2013-12-05,30174.794006787622
2013-12-06,31195.794006787622
2013-12-09,31195.794006787622
2013-12-10,31195.794006787622
2013-12-11,31195.794006787622
2013-12-12,31195.794006787622
2013-12-13,31143.294006787622
2013-12-16,32041.794006787622
2013-12-17,31856.794006787622
2013-12-18,32792.79400678762
2013-12-19,32792.79400678762
2013-12-20,32792.79400678762
2013-12-23,32792.79400678762
2013-12-24,32792.79400678762
2013-12-26,32792.79400678762
2013-12-27,32792.79400678762
2013-12-30,32792.79400678762
2013-12-31,32792.79400678762
2014-01-02,32792.79400678762
2014-01-03,32792.79400678762
2014-01-06,32792.79400678762
2014-01-07,33412.79400678762
2014-01-08,33718.79400678762
2014-01-09,33718.79400678762
2014-01-10,33718.79400678762
2014-01-13,33718.79400678762
2014-01-14,33718.79400678762
2014-01-15,33718.79400678762
2014-01-16,33718.79400678762
2014-01-17,33718.79400678762
2014-01-21,33718.79400678762
2014-01-22,33718.79400678762
2014-01-23,33718.79400678762
2014-01-24,31606.294006787622
2014-01-27,30708.794006787622
2014-01-28,31293.794006787622
2014-01-29,29883.794006787622
2014-01-30,30963.794006787622
2014-01-31,30966.294006787622
2014-02-03,27098.794006787622
2014-02-04,28088.794006787622
2014-02-05,27971.294006787622
2014-02-06,29888.294006787622
2014-02-07,29888.294006787622
2014-02-10,29888.294006787622
2014-02-11,29888.294006787622
2014-02-12,29888.294006787622
2014-02-13,29888.294006787622
2014-02-14,29888.294006787622
2014-02-18,29888.294006787622
2014-02-19,29888.294006787622
2014-02-20,29888.294006787622
2014-02-21,29888.294006787622
2014-02-24,29888.294006787622
2014-02-25,29888.294006787622
2014-02-26,29888.294006787622
2014-02-27,29888.294006787622
2014-02-28,29888.294006787622
2014-03-03,29888.294006787622
2014-03-04,29888.294006787622
2014-03-05,29888.294006787622
2014-03-06,29888.294006787622
2014-03-07,29888.294006787622
2014-03-10,29888.294006787622
2014-03-11,29888.294006787622
2014-03-12,29888.294006787622
2014-03-13,29888.294006787622
2014-03-14,29550.794006787622
2014-03-17,31048.294006787622
2014-03-18,32520.294006787622
2014-03-19,32520.294006787622
2014-03-20,32520.294006787622
2014-03-21,32520.294006787622
2014-03-24,32520.294006787622
2014-03-25,32775.29400678762
2014-03-26,31755.294006787622
2014-03-27,31385.294006787622
2014-03-28,31560.294006787622
2014-03-31,32025.294006787622
2014-04-01,33291.29400678762
2014-04-02,33291.29400678762
2014-04-03,33291.29400678762
2014-04-04,33291.29400678762
2014-04-07,32526.294006787622
2014-04-08,33461.29400678762
2014-04-09,35655.79400678762
2014-04-10,35655.79400678762
2014-04-11,35655.79400678762
2014-04-14,35655.79400678762
2014-04-15,35655.79400678762
2014-04-16,35655.79400678762
2014-04-17,35655.79400678762
2014-04-21,35655.79400678762
2014-04-22,35655.79400678762
2014-04-23,35655.79400678762
2014-04-24,35655.79400678762
2014-04-25,35655.79400678762
2014-04-28,35655.79400678762
2014-04-29,35655.79400678762
2014-04-30,35655.79400678762
2014-05-01,35655.79400678762
2014-05-02,35655.79400678762
2014-05-05,35655.79400678762
2014-05-06,35655.79400678762
2014-05-07,36155.79400678762
2014-05-08,36055.79400678762
2014-05-09,36118.29400678762
2014-05-12,37051.79400678762
2014-05-13,37051.79400678762
2014-05-14,37051.79400678762
2014-05-15,37051.79400678762
2014-05-16,37051.79400678762
2014-05-19,37051.79400678762
2014-05-20,37051.79400678762
2014-05-21,37051.79400678762
2014-05-22,37051.79400678762
2014-05-23,37051.79400678762
2014-05-27,37051.79400678762
2014-05-28,37051.79400678762
2014-05-29,37051.79400678762
2014-05-30,37051.79400678762
2014-06-02,37051.79400678762
2014-06-03,37051.79400678762
2014-06-04,37051.79400678762
2014-06-05,37051.79400678762
2014-06-06,37051.79400678762
2014-06-09,37051.79400678762
2014-06-10,37051.79400678762
2014-06-11,37051.79400678762
2014-06-12,37051.79400678762
2014-06-13,37314.29400678762
2014-06-16,37351.79400678762
2014-06-17,37572.79400678762
2014-06-18,37572.79400678762
2014-06-19,37572.79400678762
2014-06-20,37572.79400678762
2014-06-23,37572.79400678762
2014-06-24,37572.79400678762
2014-06-25,37572.79400678762
2014-06-26,37572.79400678762
2014-06-27,37572.79400678762
2014-06-30,37572.79400678762
2014-07-01,37572.79400678762
2014-07-02,37572.79400678762
2014-07-03,37572.79400678762
2014-07-07,37572.79400678762
2014-07-08,37572.79400678762
2014-07-09,37572.79400678762
2014-07-10,37572.79400678762
2014-07-11,37572.79400678762
2014-07-14,37572.79400678762
2014-07-15,37572.79400678762
2014-07-16,37572.79400678762
2014-07-17,37572.79400678762
2014-07-18,37572.79400678762
2014-07-21,37572.79400678762
2014-07-22,37572.79400678762
2014-07-23,37572.79400678762
2014-07-24,37572.79400678762
2014-07-25,37572.79400678762
2014-07-28,37572.79400678762
2014-07-29,37572.79400678762
2014-07-30,37572.79400678762
2014-07-31,37572.79400678762
2014-08-01,37030.29400678762
2014-08-04,38175.29400678762
2014-08-05,36725.29400678762
2014-08-06,36752.79400678762
2014-08-07,36037.79400678762
2014-08-08,37268.79400678762
2014-08-11,37884.79400678762
2014-08-12,37884.79400678762
2014-08-13,37884.79400678762
2014-08-14,37884.79400678762
2014-08-15,37884.79400678762
2014-08-18,37884.79400678762
2014-08-19,37884.79400678762
2014-08-20,37884.79400678762
2014-08-21,37884.79400678762
2014-08-22,37884.79400678762
2014-08-25,37884.79400678762
2014-08-26,37884.79400678762
2014-08-27,37884.79400678762
2014-08-28,37884.79400678762
2014-08-29,37884.79400678762
2014-09-02,37884.79400678762
2014-09-03,37884.79400678762
2014-09-04,37884.79400678762
2014-09-05,37884.79400678762
2014-09-08,37884.79400678762
2014-09-09,37884.79400678762
2014-09-10,37884.79400678762
2014-09-11,37884.79400678762
2014-09-12,37884.79400678762
2014-09-15,37884.79400678762
2014-09-16,38534.79400678762
2014-09-17,38664.79400678762
2014-09-18,39275.79400678762
2014-09-19,39275.79400678762
2014-09-22,39275.79400678762
2014-09-23,39275.79400678762
2014-09-24,39275.79400678762
2014-09-25,39275.79400678762
2014-09-26,39275.79400678762
2014-09-29,39275.79400678762
2014-09-30,39275.79400678762
2014-10-01,39275.79400678762
2014-10-02,39163.29400678762
2014-10-03,40221.79400678762
2014-10-06,40221.79400678762
2014-10-07,40221.79400678762
2014-10-08,40221.79400678762
2014-10-09,40221.79400678762
2014-10-10,40221.79400678762
2014-10-13,40221.79400678762
2014-10-14,40486.79400678762
2014-10-15,39291.79400678762
2014-10-16,39081.79400678762
2014-10-17,40331.79400678762
2014-10-20,41557.79400678762
2014-10-21,41557.79400678762
2014-10-22,41557.79400678762
2014-10-23,41557.79400678762
2014-10-24,41557.79400678762
2014-10-27,41557.79400678762
2014-10-28,41557.79400678762
2014-10-29,41557.79400678762
2014-10-30,41557.79400678762
2014-10-31,41557.79400678762
2014-11-03,41557.79400678762
2014-11-04,41557.79400678762
2014-11-05,41557.79400678762
2014-11-06,41557.79400678762
2014-11-07,41557.79400678762
2014-11-10,41557.79400678762
2014-11-11,41557.79400678762
2014-11-12,41557.79400678762
2014-11-13,41557.79400678762
2014-11-14,41557.79400678762
2014-11-17,41557.79400678762
2014-11-18,41557.79400678762
2014-11-19,41557.79400678762
2014-11-20,41557.79400678762
2014-11-21,41557.79400678762
2014-11-24,41557.79400678762
2014-11-25,41557.79400678762
2014-11-26,41557.79400678762
2014-11-28,41557.79400678762
2014-12-01,41557.79400678762
2014-12-02,42320.29400678762
2014-12-03,42616.29400678762
2014-12-04,42616.29400678762
2014-12-05,42616.29400678762
2014-12-08,42616.29400678762
2014-12-09,42851.29400678762
2014-12-10,41576.29400678762
2014-12-11,41991.29400678762
2014-12-12,39363.79400678762
2014-12-15,38486.29400678762
2014-12-16,36016.29400678762
2014-12-17,39649.79400678762
2014-12-18,41680.79400678762
2014-12-19,41680.79400678762
2014-12-22,41680.79400678762
2014-12-23,41680.79400678762
2014-12-24,41680.79400678762
2014-12-26,41680.79400678762
2014-12-29,41680.79400678762
2014-12-30,41680.79400678762
2014-12-31,41680.79400678762
2015-01-02,40998.29400678762
2015-01-05,38435.79400678762
2015-01-06,36170.79400678762
2015-01-07,38405.79400678762
2015-01-08,41752.79400678762
2015-01-09,41752.79400678762
2015-01-12,41752.79400678762
2015-01-13,41752.79400678762
2015-01-14,41752.79400678762
2015-01-15,41752.79400678762
2015-01-16,43852.79400678762
2015-01-20,44657.29400678762
2015-01-21,44657.29400678762
2015-01-22,44657.29400678762
2015-01-23,44657.29400678762
2015-01-26,44657.29400678762
2015-01-27,44657.29400678762
2015-01-28,44657.29400678762
2015-01-29,47237.29400678762
2015-01-30,44847.29400678762
2015-02-02,47157.29400678762
2015-02-03,48979.29400678762
2015-02-04,48979.29400678762
2015-02-05,48979.29400678762
2015-02-06,48979.29400678762
2015-02-09,48979.29400678762
2015-02-10,48979.29400678762
2015-02-11,48979.29400678762
2015-02-12,48979.29400678762
2015-02-13,48979.29400678762
2015-02-17,48979.29400678762
2015-02-18,48979.29400678762
2015-02-19,48979.29400678762
2015-02-20,48979.29400678762
2015-02-23,48979.29400678762
2015-02-24,48979.29400678762
2015-02-25,48979.29400678762
2015-02-26,48979.29400678762
2015-02-27,48979.29400678762
2015-03-02,48979.29400678762
2015-03-03,48979.29400678762
2015-03-04,48979.29400678762
2015-03-05,48979.29400678762
2015-03-06,48979.29400678762
2015-03-09,49499.29400678762
2015-03-10,46066.79400678762
2015-03-11,45466.79400678762
2015-03-12,47156.79400678762
2015-03-13,46004.29400678762
2015-03-16,48313.79400678762
2015-03-17,48313.79400678762
2015-03-18,48313.79400678762
2015-03-19,48313.79400678762
2015-03-20,48313.79400678762
2015-03-23,48313.79400678762
2015-03-24,48313.79400678762
2015-03-25,48313.79400678762
2015-03-26,47796.29400678762
2015-03-27,48296.29400678762
2015-03-30,50338.29400678762
2015-03-31,50338.29400678762
2015-04-01,50338.29400678762
2015-04-02,50338.29400678762
2015-04-06,50338.29400678762
2015-04-07,50338.29400678762
2015-04-08,50338.29400678762
2015-04-09,50338.29400678762
2015-04-10,50338.29400678762
2015-04-13,50338.29400678762
2015-04-14,50338.29400678762
2015-04-15,50338.29400678762
2015-04-16,50338.29400678762
2015-04-17,50338.29400678762
2015-04-20,51508.29400678762
2015-04-21,51914.29400678762
2015-04-22,51914.29400678762
2015-04-23,51914.29400678762
2015-04-24,51914.29400678762
2015-04-27,51914.29400678762
2015-04-28,51914.29400678762
2015-04-29,51914.29400678762
2015-04-30,51914.29400678762
2015-05-01,54229.29400678762
2015-05-04,54762.79400678762
2015-05-05,53382.79400678762
2015-05-06,52692.79400678762
2015-05-07,53282.79400678762
2015-05-08,54193.79400678762
2015-05-11,54193.79400678762
2015-05-12,54193.79400678762
2015-05-13,54193.79400678762
2015-05-14,54193.79400678762
2015-05-15,54193.79400678762
2015-05-18,54193.79400678762
2015-05-19,54193.79400678762
2015-05-20,54193.79400678762
2015-05-21,54193.79400678762
2015-05-22,54193.79400678762
2015-05-26,54193.79400678762
2015-05-27,54993.79400678762
2015-05-28,55031.29400678762
2015-05-29,54243.79400678762
2015-06-01,54406.29400678762
2015-06-02,54281.29400678762
2015-06-03,54714.79400678762
2015-06-04,54714.79400678762
2015-06-05,54714.79400678762
2015-06-08,54714.79400678762
2015-06-09,54787.29400678762
2015-06-10,57239.29400678762
2015-06-11,57239.29400678762
2015-06-12,57239.29400678762
2015-06-15,57239.29400678762
2015-06-16,57239.29400678762
2015-06-17,57239.29400678762
2015-06-18,57239.29400678762
2015-06-19,57239.29400678762
2015-06-22,57239.29400678762
2015-06-23,57239.29400678762
2015-06-24,57239.29400678762
2015-06-25,57239.29400678762
2015-06-26,57239.29400678762
2015-06-29,57239.29400678762
2015-06-30,57684.29400678762
2015-07-01,59144.29400678762
2015-07-02,59166.79400678762
2015-07-06,58834.29400678762
2015-07-07,59257.79400678762
2015-07-08,57742.79400678762
2015-07-09,57602.79400678762
2015-07-10,58963.79400678762
2015-07-13,58963.79400678762
2015-07-14,58963.79400678762
2015-07-15,58963.79400678762
2015-07-16,58963.79400678762
2015-07-17,58963.79400678762
2015-07-20,58963.79400678762
2015-07-21,58963.79400678762
2015-07-22,58963.79400678762
2015-07-23,58963.79400678762
2015-07-24,57913.79400678762
2015-07-27,56478.79400678762
2015-07-28,58286.29400678762
2015-07-29,59149.79400678762
2015-07-30,59740.79400678762
2015-07-31,59740.79400678762
2015-08-03,59740.79400678762
2015-08-04,59740.79400678762
2015-08-05,59740.79400678762
2015-08-06,59740.79400678762
2015-08-07,59740.79400678762
2015-08-10,59740.79400678762
2015-08-11,59740.79400678762
2015-08-12,59740.79400678762
2015-08-13,59740.79400678762
2015-08-14,59740.79400678762
2015-08-17,59740.79400678762
2015-08-18,59740.79400678762
2015-08-19,59740.79400678762
2015-08-20,59740.79400678762
2015-08-21,56430.79400678762
2015-08-24,52480.79400678762
2015-08-25,52985.79400678762
2015-08-26,56691.79400678762
2015-08-27,56691.79400678762
2015-08-28,56691.79400678762
2015-08-31,56691.79400678762
2015-09-01,56691.79400678762
2015-09-02,56691.79400678762
2015-09-03,56691.79400678762
2015-09-04,56691.79400678762
2015-09-08,56691.79400678762
2015-09-09,56691.79400678762
2015-09-10,56691.79400678762
2015-09-11,56691.79400678762
2015-09-14,56691.79400678762
2015-09-15,56691.79400678762
2015-09-16,56691.79400678762
2015-09-17,56691.79400678762
2015-09-18,56691.79400678762
2015-09-21,56691.79400678762
2015-09-22,56691.79400678762
2015-09-23,56691.79400678762
2015-09-24,56691.79400678762
2015-09-25,56691.79400678762
2015-09-28,56691.79400678762
2015-09-29,56691.79400678762
2015-09-30,56691.79400678762
2015-10-01,56691.79400678762
2015-10-02,56691.79400678762
2015-10-05,56691.79400678762
2015-10-06,56691.79400678762
2015-10-07,56691.79400678762
2015-10-08,56691.79400678762
2015-10-09,56691.79400678762
2015-10-12,56691.79400678762
2015-10-13,56691.79400678762
2015-10-14,56691.79400678762
2015-10-15,56691.79400678762
2015-10-16,56691.79400678762
2015-10-19,56691.79400678762
2015-10-20,56691.79400678762
2015-10-21,56691.79400678762
2015-10-22,56691.79400678762
2015-10-23,56691.79400678762
2015-10-26,56691.79400678762
2015-10-27,56691.79400678762
2015-10-28,56691.79400678762
2015-10-29,56691.79400678762
2015-10-30,56691.79400678762
2015-11-02,56691.79400678762
2015-11-03,56691.79400678762
2015-11-04,56691.79400678762
2015-11-05,56691.79400678762
2015-11-06,56691.79400678762
2015-11-09,56691.79400678762
2015-11-10,56941.79400678762
2015-11-11,56266.79400678762
2015-11-12,53911.79400678762
2015-11-13,51146.79400678762
2015-11-16,53776.79400678762
2015-11-17,54021.79400678762
2015-11-18,57176.29400678762
2015-11-19,57176.29400678762
2015-11-20,57176.29400678762
2015-11-23,57176.29400678762
2015-11-24,57176.29400678762
2015-11-25,57176.29400678762
2015-11-27,57176.29400678762
2015-11-30,57176.29400678762
2015-12-01,57176.29400678762
2015-12-02,57176.29400678762
2015-12-03,57176.29400678762
2015-12-04,57176.29400678762
2015-12-07,57176.29400678762
2015-12-08,57176.29400678762
2015-12-09,57176.29400678762
2015-12-10,57176.29400678762
2015-12-11,57176.29400678762
2015-12-14,57176.29400678762
2015-12-15,57176.29400678762
2015-12-16,57176.29400678762
2015-12-17,57176.29400678762
2015-12-18,57176.29400678762
2015-12-21,57176.29400678762
2015-12-22,57176.29400678762
2015-12-23,57176.29400678762
2015-12-24,57176.29400678762
2015-12-28,57176.29400678762
2015-12-29,57176.29400678762
2015-12-30,57176.29400678762
2015-12-31,57176.29400678762
2016-01-04,57176.29400678762
2016-01-05,57176.29400678762
2016-01-06,57176.29400678762
2016-01-07,57176.29400678762
2016-01-08,57176.29400678762
2016-01-11,57176.29400678762
2016-01-12,57176.29400678762
2016-01-13,57176.29400678762
2016-01-14,57176.29400678762
2016-01-15,57176.29400678762
2016-01-19,57176.29400678762
2016-01-20,57176.29400678762
2016-01-21,57176.29400678762
2016-01-22,57176.29400678762
2016-01-25,57176.29400678762
2016-01-26,57176.29400678762
2016-01-27,57176.29400678762
2016-01-28,57176.29400678762
2016-01-29,57176.29400678762
2016-02-01,57176.29400678762
2016-02-02,57176.29400678762
2016-02-03,57176.29400678762
2016-02-04,57176.29400678762
2016-02-05,57176.29400678762
2016-02-08,57176.29400678762
2016-02-09,57176.29400678762
2016-02-10,57176.29400678762
2016-02-11,57176.29400678762
2016-02-12,57176.29400678762
2016-02-16,57176.29400678762
2016-02-17,57176.29400678762
2016-02-18,57176.29400678762
2016-02-19,57176.29400678762
2016-02-22,57176.29400678762
2016-02-23,57176.29400678762
2016-02-24,57176.29400678762
2016-02-25,57176.29400678762
2016-02-26,57176.29400678762
2016-02-29,57176.29400678762
2016-03-01,57176.29400678762
2016-03-02,57176.29400678762
2016-03-03,57176.29400678762
2016-03-04,57176.29400678762
2016-03-07,57176.29400678762
2016-03-08,57176.29400678762
2016-03-09,57176.29400678762
2016-03-10,57176.29400678762
2016-03-11,57176.29400678762
2016-03-14,57176.29400678762
2016-03-15,57176.29400678762
2016-03-16,57176.29400678762
2016-03-17,57176.29400678762
2016-03-18,57176.29400678762
2016-03-21,57176.29400678762
2016-03-22,57176.29400678762
2016-03-23,57176.29400678762
2016-03-24,57176.29400678762
2016-03-28,57176.29400678762
2016-03-29,57176.29400678762
2016-03-30,57176.29400678762
2016-03-31,57176.29400678762
2016-04-01,57176.29400678762
2016-04-04,57176.29400678762
2016-04-05,57176.29400678762
2016-04-06,57176.29400678762
2016-04-07,57176.29400678762
2016-04-08,57176.29400678762
2016-04-11,57176.29400678762
2016-04-12,57176.29400678762
2016-04-13,57176.29400678762
2016-04-14,57176.29400678762
2016-04-15,57176.29400678762
2016-04-18,57176.29400678762
2016-04-19,57176.29400678762
2016-04-20,57176.29400678762
2016-04-21,57176.29400678762
2016-04-22,57176.29400678762
2016-04-25,57306.29400678762
2016-04-26,56911.29400678762
2016-04-27,56336.29400678762
2016-04-28,55501.29400678762
2016-04-29,54491.29400678762
2016-05-02,56003.79400678762
2016-05-03,54451.29400678762
2016-05-04,53456.29400678762
2016-05-05,53116.29400678762
2016-05-06,54099.79400678762
2016-05-09,54174.79400678762
2016-05-10,55308.29400678762
2016-05-11,55308.29400678762
2016-05-12,55308.29400678762
2016-05-13,55308.29400678762
2016-05-16,55308.29400678762
2016-05-17,55308.29400678762
2016-05-18,55308.29400678762
2016-05-19,55308.29400678762
2016-05-20,55308.29400678762
2016-05-23,55308.29400678762
2016-05-24,55308.29400678762
2016-05-25,55308.29400678762
2016-05-26,55308.29400678762
2016-05-27,55308.29400678762
2016-05-31,55308.29400678762
2016-06-01,55308.29400678762
2016-06-02,55308.29400678762
2016-06-03,55308.29400678762
2016-06-06,55308.29400678762
2016-06-07,55308.29400678762
2016-06-08,55308.29400678762
2016-06-09,55308.29400678762
2016-06-10,55308.29400678762
2016-06-13,54518.29400678762
2016-06-14,54285.79400678762
2016-06-15,53898.29400678762
2016-06-16,54513.29400678762
2016-06-17,54325.79400678762
2016-06-20,55407.06820269223
2016-06-21,55407.06820269223
2016-06-22,55407.06820269223
2016-06-23,55407.06820269223
2016-06-24,55407.06820269223
2016-06-27,55407.06820269223
2016-06-28,55407.06820269223
2016-06-29,55407.06820269223
2016-06-30,55407.06820269223
2016-07-01,55407.06820269223
2016-07-05,55407.06820269223
2016-07-06,55407.06820269223
2016-07-07,55407.06820269223
2016-07-08,55407.06820269223
2016-07-11,55407.06820269223
2016-07-12,55407.06820269223
2016-07-13,55407.06820269223
2016-07-14,55407.06820269223
2016-07-15,55407.06820269223
2016-07-18,55407.06820269223
2016-07-19,55407.06820269223
2016-07-20,55407.06820269223
2016-07-21,55407.06820269223
2016-07-22,55407.06820269223
2016-07-25,55407.06820269223
2016-07-26,55407.06820269223
2016-07-27,55407.06820269223
2016-07-28,55407.06820269223
2016-07-29,55407.06820269223
2016-08-01,55407.06820269223
2016-08-02,55407.06820269223
2016-08-03,55619.56820269223
2016-08-04,55732.06820269223
2016-08-05,56578.06820269223
2016-08-08,56578.06820269223
2016-08-09,56578.06820269223
2016-08-10,56578.06820269223
2016-08-11,56578.06820269223
2016-08-12,56578.06820269223
2016-08-15,56578.06820269223
2016-08-16,56578.06820269223
2016-08-17,56578.06820269223
2016-08-18,56578.06820269223
2016-08-19,56578.06820269223
2016-08-22,56578.06820269223
2016-08-23,56578.06820269223
2016-08-24,56578.06820269223
2016-08-25,56578.06820269223
2016-08-26,56578.06820269223
2016-08-29,57086.56820269223
2016-08-30,57086.56820269223
2016-08-31,57086.56820269223
2016-09-01,57086.56820269223
2016-09-02,57086.56820269223
2016-09-06,57086.56820269223
2016-09-07,57086.56820269223
2016-09-08,57086.56820269223
2016-09-09,57086.56820269223
2016-09-12,60789.06820269223
2016-09-13,58521.56820269223
2016-09-14,58561.24902276197
2016-09-15,61489.74902276197
2016-09-16,61327.24902276197
2016-09-19,61325.25686749007
2016-09-20,61225.25686749007
2016-09-21,62458.75686749007
2016-09-22,62458.75686749007
2016-09-23,62458.75686749007
2016-09-26,62458.75686749007
2016-09-27,62458.75686749007
2016-09-28,62458.75686749007
2016-09-29,62458.75686749007
2016-09-30,62458.75686749007
2016-10-03,62458.75686749007
2016-10-04,62458.75686749007
2016-10-05,62458.75686749007
2016-10-06,62458.75686749007
2016-10-07,62458.75686749007
2016-10-11,62458.75686749007
2016-10-12,62188.75686749007
2016-10-13,61576.25686749007
2016-10-14,61778.75686749007
2016-10-17,61558.75686749007
2016-10-18,62440.75686749007
2016-10-19,62440.75686749007
2016-10-20,62440.75686749007
2016-10-21,62440.75686749007
2016-10-24,62440.75686749007
2016-10-25,62440.75686749007
2016-10-26,62440.75686749007
2016-10-27,62440.75686749007
2016-10-28,62453.25686749007
2016-10-31,62265.75686749007
2016-11-01,60663.25686749007
2016-11-02,59278.25686749007
2016-11-03,57995.75686749007
2016-11-04,57485.75686749007
2016-11-07,62252.75686749007
2016-11-08,62252.75686749007
2016-11-09,62252.75686749007
2016-11-10,62252.75686749007
2016-11-14,62252.75686749007
2016-11-15,62252.75686749007
2016-11-16,62252.75686749007
2016-11-17,62252.75686749007
2016-11-18,62252.75686749007
2016-11-21,62252.75686749007
2016-11-22,62252.75686749007
2016-11-23,62252.75686749007
2016-11-25,62252.75686749007
2016-11-28,62252.75686749007
2016-11-29,62252.75686749007
2016-11-30,62252.75686749007
2016-12-01,62252.75686749007
2016-12-02,62292.75686749007
2016-12-05,63132.75686749007
2016-12-06,63257.75686749007
2016-12-07,64343.75686749007
2016-12-08,64343.75686749007
2016-12-09,64343.75686749007
2016-12-12,64343.75686749007
2016-12-13,64343.75686749007
2016-12-14,64343.75686749007
2016-12-15,64343.75686749007
2016-12-16,64343.75686749007
2016-12-19,64343.75686749007
2016-12-20,64343.75686749007
2016-12-21,64343.75686749007
2016-12-22,64343.75686749007
2016-12-23,64343.75686749007
2016-12-27,64343.75686749007
2016-12-28,64343.75686749007
2016-12-29,64331.25686749007
2016-12-30,63893.75686749007
2017-01-03,65522.25686749007
2017-01-04,66053.25686749007
2017-01-05,66053.25686749007
2017-01-06,66053.25686749007
2017-01-09,66053.25686749007
2017-01-10,66053.25686749007
2017-01-11,66053.25686749007
2017-01-12,66053.25686749007
2017-01-13,66053.25686749007
2017-01-17,66053.25686749007
2017-01-18,66053.25686749007
2017-01-19,66053.25686749007
2017-01-20,66053.25686749007
2017-01-23,66053.25686749007
2017-01-24,66053.25686749007
2017-01-25,66053.25686749007
2017-01-26,66053.25686749007
2017-01-27,66053.25686749007
2017-01-30,66053.25686749007
2017-01-31,66053.25686749007
2017-02-01,66053.25686749007
2017-02-02,66053.25686749007
2017-02-03,66053.25686749007
2017-02-06,66053.25686749007
2017-02-07,66053.25686749007
2017-02-08,66053.25686749007
2017-02-09,66053.25686749007
2017-02-10,66053.25686749007
2017-02-13,66053.25686749007
2017-02-14,66053.25686749007
2017-02-15,66053.25686749007
2017-02-16,66053.25686749007
2017-02-17,66053.25686749007
2017-02-21,66053.25686749007
2017-02-22,66053.25686749007
2017-02-23,66053.25686749007
2017-02-24,66053.25686749007
2017-02-27,66053.25686749007
2017-02-28,66053.25686749007
2017-03-01,66053.25686749007
2017-03-02,66053.25686749007
2017-03-03,66053.25686749007
2017-03-06,66053.25686749007
2017-03-07,66053.25686749007
2017-03-08,66053.25686749007
2017-03-09,66165.75686749007
2017-03-10,66411.75686749007
2017-03-13,66411.75686749007
2017-03-14,66411.75686749007
2017-03-15,66411.75686749007
2017-03-16,66411.75686749007
2017-03-17,66411.75686749007
2017-03-20,66411.75686749007
2017-03-21,66411.75686749007
2017-03-22,66974.25686749007
2017-03-23,66624.25686749007
2017-03-24,67346.75686749007
2017-03-27,67039.25686749007
2017-03-28,68166.25686749007
2017-03-29,68166.25686749007
2017-03-30,68166.25686749007
2017-03-31,68166.25686749007
2017-04-03,68166.25686749007
2017-04-04,68166.25686749007
2017-04-05,68166.25686749007
2017-04-06,68528.75686749007
2017-04-07,68453.75686749007
2017-04-10,68466.25686749007
2017-04-11,68391.25686749007
2017-04-12,67298.75686749007
2017-04-13,66361.25686749007
2017-04-17,67961.25686749007
2017-04-18,67453.75686749007
2017-04-19,67434.75686749007
2017-04-20,68318.25686749007
2017-04-21,68318.25686749007
2017-04-24,68318.25686749007
2017-04-25,68318.25686749007
2017-04-26,68318.25686749007
2017-04-27,68318.25686749007
2017-04-28,68318.25686749007
2017-05-01,68318.25686749007
2017-05-02,68318.25686749007
2017-05-03,68318.25686749007
2017-05-04,68318.25686749007
2017-05-05,68318.25686749007
2017-05-08,68318.25686749007
2017-05-09,68318.25686749007
2017-05-10,68318.25686749007
2017-05-11,68318.25686749007
2017-05-12,68318.25686749007
2017-05-15,68318.25686749007
2017-05-16,68318.25686749007
2017-05-17,68318.25686749007
2017-05-18,68618.25686749007
2017-05-19,69518.25686749007
2017-05-22,70051.75686749007
2017-05-23,70051.75686749007
2017-05-24,70051.75686749007
2017-05-25,70051.75686749007
2017-05-26,70051.75686749007
2017-05-30,70051.75686749007
2017-05-31,70051.75686749007
2017-06-01,70051.75686749007
2017-06-02,70051.75686749007
2017-06-05,70051.75686749007
2017-06-06,70051.75686749007
2017-06-07,70051.75686749007
2017-06-08,70051.75686749007
2017-06-09,70051.75686749007
2017-06-12,69461.75686749007
2017-06-13,70266.75686749007
2017-06-14,69746.75686749007
2017-06-15,69291.75686749007
2017-06-16,69281.75686749007
2017-06-19,71089.11615480579
2017-06-20,71089.11615480579
2017-06-21,71089.11615480579
2017-06-22,71089.11615480579
2017-06-23,71089.11615480579
2017-06-26,71089.11615480579
2017-06-27,71089.11615480579
2017-06-28,73729.11615480579
2017-06-29,70594.11615480579
2017-06-30,70639.11615480579
2017-07-03,69569.11615480579
2017-07-05,70964.11615480579
2017-07-06,68894.11615480579
2017-07-07,70774.11615480579
2017-07-10,71625.11615480579
2017-07-11,71625.11615480579
2017-07-12,72371.11615480579
2017-07-13,72371.11615480579
2017-07-14,72371.11615480579
2017-07-17,72371.11615480579
2017-07-18,72371.11615480579
2017-07-19,72371.11615480579
2017-07-20,72371.11615480579
2017-07-21,72371.11615480579
2017-07-24,72371.11615480579
2017-07-25,72371.11615480579
2017-07-26,72371.11615480579
2017-07-27,72371.11615480579
2017-07-28,72371.11615480579
2017-07-31,72371.11615480579
2017-08-01,72506.11615480579
2017-08-02,72922.11615480579
2017-08-03,72922.11615480579
2017-08-04,72922.11615480579
2017-08-07,72922.11615480579
2017-08-08,72922.11615480579
2017-08-09,72922.11615480579
2017-08-10,72922.11615480579
2017-08-11,74017.11615480579
2017-08-14,76584.11615480579
2017-08-15,76584.11615480579
2017-08-16,76584.11615480579
2017-08-17,76584.11615480579
2017-08-18,76584.11615480579
2017-08-21,76584.11615480579
2017-08-22,76584.11615480579
2017-08-23,76584.11615480579
2017-08-24,76584.11615480579
2017-08-25,76584.11615480579
2017-08-28,76584.11615480579
2017-08-29,76584.11615480579
2017-08-30,76584.11615480579
2017-08-31,76584.11615480579
2017-09-01,76584.11615480579
2017-09-05,76584.11615480579
2017-09-06,76584.11615480579
2017-09-07,76584.11615480579
2017-09-08,76584.11615480579
2017-09-11,76584.11615480579
2017-09-12,76584.11615480579
2017-09-13,76584.11615480579
2017-09-14,76584.11615480579
2017-09-15,76584.11615480579
2017-09-18,76584.11615480579
2017-09-19,76584.11615480579
2017-09-20,76584.11615480579
2017-09-21,76584.11615480579
2017-09-22,76394.11615480579
2017-09-25,75209.11615480579
2017-09-26,75454.11615480579
2017-09-27,76831.11615480579
2017-09-28,76831.11615480579
2017-09-29,76831.11615480579
2017-10-02,76831.11615480579
2017-10-03,76831.11615480579
2017-10-04,76831.11615480579
2017-10-05,76831.11615480579
2017-10-06,76831.11615480579
2017-10-09,76831.11615480579
2017-10-10,76831.11615480579
2017-10-11,76831.11615480579
2017-10-12,76831.11615480579
2017-10-13,76831.11615480579
2017-10-16,76831.11615480579
2017-10-17,76831.11615480579
2017-10-18,76831.11615480579
2017-10-19,76831.11615480579
2017-10-20,76831.11615480579
2017-10-23,76831.11615480579
2017-10-24,76831.11615480579
2017-10-25,76831.11615480579
2017-10-26,76831.11615480579
2017-10-27,76831.11615480579
2017-10-30,76831.11615480579
2017-10-31,76831.11615480579
2017-11-01,76831.11615480579
2017-11-02,76831.11615480579
2017-11-03,76831.11615480579
2017-11-06,76831.11615480579
2017-11-07,76831.11615480579
2017-11-08,76831.11615480579
2017-11-09,76831.11615480579
2017-11-10,76831.11615480579
2017-11-13,76831.11615480579
2017-11-14,76831.11615480579
2017-11-15,76831.11615480579
2017-11-16,79283.11615480579
2017-11-17,79283.11615480579
2017-11-20,79283.11615480579
2017-11-21,79283.11615480579
2017-11-22,79283.11615480579
2017-11-24,79283.11615480579
2017-11-27,79283.11615480579
2017-11-28,79283.11615480579
2017-11-29,79283.11615480579
2017-11-30,80553.11615480579
2017-12-01,80098.11615480579
2017-12-04,78478.11615480579
2017-12-05,78608.11615480579
2017-12-06,79033.11615480579
2017-12-07,79619.11615480579
2017-12-08,79619.11615480579
2017-12-11,79619.11615480579
2017-12-12,79619.11615480579
2017-12-13,79619.11615480579
2017-12-14,79619.11615480579
2017-12-15,79619.11615480579
2017-12-18,79619.11615480579
2017-12-19,79619.11615480579
2017-12-20,79619.11615480579
2017-12-21,79619.11615480579
2017-12-22,79619.11615480579
2017-12-26,79619.11615480579
2017-12-27,79619.11615480579
2017-12-28,79464.11615480579
2017-12-29,78714.11615480579
2018-01-02,81641.11615480579
2018-01-03,81641.11615480579
2018-01-04,81641.11615480579
2018-01-05,81641.11615480579
2018-01-08,81641.11615480579
2018-01-09,81641.11615480579
2018-01-10,81641.11615480579
2018-01-11,81641.11615480579
2018-01-12,81641.11615480579
2018-01-16,81641.11615480579
2018-01-17,81641.11615480579
2018-01-18,81641.11615480579
2018-01-19,81641.11615480579
2018-01-22,81641.11615480579
2018-01-23,81641.11615480579
2018-01-24,81641.11615480579
2018-01-25,81641.11615480579
2018-01-26,81641.11615480579
2018-01-29,81641.11615480579
2018-01-30,81641.11615480579
2018-01-31,81641.11615480579
2018-02-01,81641.11615480579
2018-02-02,81641.11615480579
2018-02-05,67661.11615480579
2018-02-06,76476.11615480579
2018-02-07,73216.11615480579
2018-02-08,64708.616154805786
2018-02-09,67993.61615480579
2018-02-12,72086.11615480579
2018-02-13,72943.11615480579
2018-02-14,72943.11615480579
2018-02-15,72943.11615480579
2018-02-16,72943.11615480579
2018-02-20,72943.11615480579
2018-02-21,72943.11615480579
2018-02-22,72943.11615480579
2018-02-23,72943.11615480579
2018-02-26,72943.11615480579
2018-02-27,72943.11615480579
2018-02-28,72943.11615480579
2018-03-01,72943.11615480579
2018-03-02,72943.11615480579
2018-03-05,72943.11615480579
2018-03-06,72943.11615480579
2018-03-07,72943.11615480579
2018-03-08,72943.11615480579
2018-03-09,72943.11615480579
2018-03-12,72943.11615480579
2018-03-13,72943.11615480579
2018-03-14,72943.11615480579
2018-03-15,72943.11615480579
2018-03-16,72943.11615480579
2018-03-19,72943.11615480579
2018-03-20,73045.61615480579
2018-03-21,72113.11615480579
2018-03-22,64523.116154805786
2018-03-23,58263.60485371752
2018-03-26,65736.10485371752
2018-03-27,59303.60485371752
2018-03-28,57211.10485371752
2018-03-29,61321.10485371752
2018-04-02,53906.10485371752
2018-04-03,57295.60485371752
2018-04-04,57295.60485371752
2018-04-05,57295.60485371752
2018-04-06,57295.60485371752
2018-04-09,57295.60485371752
2018-04-10,57295.60485371752
2018-04-11,57295.60485371752
2018-04-12,57295.60485371752
2018-04-13,57295.60485371752
2018-04-16,57295.60485371752
2018-04-17,57295.60485371752
2018-04-18,57295.60485371752
2018-04-19,57295.60485371752
2018-04-20,57295.60485371752
2018-04-23,57295.60485371752
2018-04-24,57295.60485371752
2018-04-25,58338.10485371752
2018-04-26,63375.10485371752
2018-04-27,63375.10485371752
2018-04-30,63375.10485371752
2018-05-01,63375.10485371752
2018-05-02,63375.10485371752
2018-05-03,63375.10485371752
2018-05-04,63375.10485371752
2018-05-07,63375.10485371752
2018-05-08,63375.10485371752
2018-05-09,63375.10485371752
2018-05-10,63375.10485371752
2018-05-11,63375.10485371752
2018-05-14,63375.10485371752
2018-05-15,63375.10485371752
2018-05-16,63375.10485371752
2018-05-17,63375.10485371752
2018-05-18,63375.10485371752
2018-05-21,63375.10485371752
2018-05-22,63375.10485371752
2018-05-23,63375.10485371752
2018-05-24,63375.10485371752
2018-05-25,63375.10485371752
2018-05-29,63375.10485371752
2018-05-30,64987.60485371752
2018-05-31,64037.60485371752
2018-06-01,65421.10485371752
2018-06-04,65421.10485371752
2018-06-05,65421.10485371752
2018-06-06,65421.10485371752
2018-06-07,65421.10485371752
2018-06-08,65421.10485371752
2018-06-11,65421.10485371752
2018-06-12,65421.10485371752
2018-06-13,65421.10485371752
2018-06-14,65421.10485371752
2018-06-15,65421.10485371752
2018-06-18,65421.10485371752
2018-06-19,65421.10485371752
2018-06-20,65708.60485371752
2018-06-21,64733.60485371752
2018-06-22,65083.60485371752
2018-06-25,63221.10485371752
2018-06-26,64143.60485371752
2018-06-27,60853.60485371752
2018-06-28,62823.60485371752
2018-06-29,63048.60485371752
2018-07-02,64288.10485371752
2018-07-03,64288.10485371752
2018-07-05,64288.10485371752
2018-07-06,64288.10485371752
2018-07-09,64288.10485371752
2018-07-10,64288.10485371752
2018-07-11,64288.10485371752
2018-07-12,64288.10485371752
2018-07-13,64288.10485371752
2018-07-16,64288.10485371752
2018-07-17,64288.10485371752
2018-07-18,64288.10485371752
2018-07-19,64288.10485371752
2018-07-20,64288.10485371752
2018-07-23,64288.10485371752
2018-07-24,64288.10485371752
2018-07-25,64288.10485371752
2018-07-26,64288.10485371752
2018-07-27,64288.10485371752
2018-07-30,64288.10485371752
2018-07-31,65173.10485371752
2018-08-01,65818.10485371752
2018-08-02,67979.10485371752
2018-08-03,67979.10485371752
2018-08-06,67979.10485371752
2018-08-07,67979.10485371752
2018-08-08,67979.10485371752
2018-08-09,67979.10485371752
2018-08-10,67979.10485371752
2018-08-13,67979.10485371752
2018-08-14,68754.10485371752
2018-08-15,67766.60485371752
2018-08-16,68941.60485371752
2018-08-17,69287.60485371752
2018-08-20,69287.60485371752
2018-08-21,69287.60485371752
2018-08-22,69287.60485371752
2018-08-23,69287.60485371752
2018-08-24,69287.60485371752
2018-08-27,69287.60485371752
2018-08-28,69287.60485371752
2018-08-29,69287.60485371752
2018-08-30,69287.60485371752
2018-08-31,69287.60485371752
2018-09-04,69287.60485371752
2018-09-05,69287.60485371752
2018-09-06,67340.10485371752
2018-09-07,66747.60485371752
2018-09-10,67457.60485371752
2018-09-11,68924.60485371752
2018-09-12,68924.60485371752
2018-09-13,68924.60485371752
2018-09-14,68924.60485371752
2018-09-17,68924.60485371752
2018-09-18,68924.60485371752
2018-09-19,68924.60485371752
2018-09-20,68924.60485371752
2018-09-21,68924.60485371752
2018-09-24,68924.60485371752
2018-09-25,68924.60485371752
2018-09-26,68924.60485371752
2018-09-27,68924.60485371752
2018-09-28,68924.60485371752
2018-10-01,68924.60485371752
2018-10-02,68924.60485371752
2018-10-03,68924.60485371752
2018-10-04,68924.60485371752
2018-10-05,67359.60485371752
2018-10-08,66462.10485371752
2018-10-09,66332.10485371752
2018-10-10,53629.60485371752
2018-10-11,51834.60485371752
2018-10-12,55809.60485371752
2018-10-15,52919.60485371752
2018-10-16,61859.10485371752
2018-10-17,61859.10485371752
2018-10-18,61859.10485371752
2018-10-19,61859.10485371752
2018-10-22,61859.10485371752
2018-10-23,61859.10485371752
2018-10-24,61859.10485371752
2018-10-25,61859.10485371752
2018-10-26,61859.10485371752
2018-10-29,61859.10485371752
2018-10-30,61859.10485371752
2018-10-31,61859.10485371752
2018-11-01,61859.10485371752
2018-11-02,61859.10485371752
2018-11-05,61859.10485371752
2018-11-06,61859.10485371752
2018-11-07,61859.10485371752
2018-11-08,61859.10485371752
2018-11-09,61859.10485371752
2018-11-12,61859.10485371752
2018-11-13,61859.10485371752
2018-11-14,61859.10485371752
2018-11-15,61859.10485371752
2018-11-16,61859.10485371752
2018-11-19,61859.10485371752
2018-11-20,61859.10485371752
2018-11-21,61859.10485371752
2018-11-23,61859.10485371752
2018-11-26,61859.10485371752
2018-11-27,61859.10485371752
2018-11-28,61859.10485371752
2018-11-29,61859.10485371752
2018-11-30,61859.10485371752
2018-12-03,61859.10485371752
2018-12-04,61859.10485371752
2018-12-06,61859.10485371752
2018-12-07,61859.10485371752
2018-12-10,61859.10485371752
2018-12-11,61859.10485371752
2018-12-12,61859.10485371752
2018-12-13,61859.10485371752
2018-12-14,61859.10485371752
2018-12-17,61859.10485371752
2018-12-18,61859.10485371752
2018-12-19,61859.10485371752
2018-12-20,61859.10485371752
2018-12-21,61859.10485371752
2018-12-24,61859.10485371752
2018-12-26,61859.10485371752
2018-12-27,61859.10485371752
2018-12-28,61859.10485371752
2018-12-31,61859.10485371752
2019-01-02,61859.10485371752
2019-01-03,61859.10485371752
2019-01-04,61859.10485371752
2019-01-07,61859.10485371752
2019-01-08,61859.10485371752
2019-01-09,61859.10485371752
2019-01-10,61859.10485371752
2019-01-11,61859.10485371752
2019-01-14,61859.10485371752
2019-01-15,61859.10485371752
2019-01-16,61859.10485371752
2019-01-17,61859.10485371752
2019-01-18,61859.10485371752
2019-01-22,61859.10485371752
2019-01-23,61859.10485371752
2019-01-24,61859.10485371752
2019-01-25,61859.10485371752
2019-01-28,61859.10485371752
2019-01-29,61859.10485371752
2019-01-30,61859.10485371752
2019-01-31,61859.10485371752
2019-02-01,61859.10485371752
2019-02-04,61859.10485371752
2019-02-05,61859.10485371752
2019-02-06,61859.10485371752
2019-02-07,61859.10485371752
2019-02-08,61859.10485371752
2019-02-11,61859.10485371752
2019-02-12,61859.10485371752
2019-02-13,61859.10485371752
2019-02-14,61859.10485371752
2019-02-15,61859.10485371752
2019-02-19,61859.10485371752
2019-02-20,61859.10485371752
2019-02-21,61859.10485371752
2019-02-22,61859.10485371752
2019-02-25,61859.10485371752
2019-02-26,61859.10485371752
2019-02-27,61859.10485371752
2019-02-28,61859.10485371752
2019-03-01,61859.10485371752
2019-03-04,61859.10485371752
2019-03-05,61859.10485371752
2019-03-06,61859.10485371752
2019-03-07,61859.10485371752
2019-03-08,61859.10485371752
2019-03-11,61859.10485371752
2019-03-12,61859.10485371752
2019-03-13,61859.10485371752
2019-03-14,61859.10485371752
2019-03-15,61859.10485371752
2019-03-18,61859.10485371752
2019-03-19,61859.10485371752
2019-03-20,61859.10485371752
2019-03-21,61859.10485371752
2019-03-22,61859.10485371752
2019-03-25,61859.10485371752
2019-03-26,61859.10485371752
2019-03-27,61859.10485371752
2019-03-28,61859.10485371752
2019-03-29,61859.10485371752
2019-04-01,61859.10485371752
2019-04-02,61859.10485371752
2019-04-03,61859.10485371752
2019-04-04,61859.10485371752
2019-04-05,61859.10485371752
2019-04-08,61859.10485371752
2019-04-09,61859.10485371752
2019-04-10,61859.10485371752
2019-04-11,61859.10485371752
2019-04-12,61859.10485371752
2019-04-15,61859.10485371752
2019-04-16,61859.10485371752
2019-04-17,61859.10485371752
2019-04-18,61859.10485371752
2019-04-22,61859.10485371752
2019-04-23,61859.10485371752
2019-04-24,61859.10485371752
2019-04-25,61859.10485371752
2019-04-26,61859.10485371752
2019-04-29,61859.10485371752
2019-04-30,61859.10485371752
2019-05-01,61859.10485371752
2019-05-02,61859.10485371752
2019-05-03,64460.10485371752
2019-05-06,64460.10485371752
2019-05-07,64460.10485371752
2019-05-08,64460.10485371752
2019-05-09,64460.10485371752
2019-05-10,65472.60485371752
2019-05-13,55562.60485371752
2019-05-14,59300.10485371752
2019-05-15,62252.60485371752
2019-05-16,64804.60485371752
2019-05-17,64804.60485371752
2019-05-20,64804.60485371752
2019-05-21,64804.60485371752
2019-05-22,64804.60485371752
2019-05-23,64804.60485371752
2019-05-24,64804.60485371752
2019-05-28,64804.60485371752
2019-05-29,64804.60485371752
2019-05-30,64804.60485371752
2019-05-31,64804.60485371752
2019-06-03,64804.60485371752
2019-06-04,64804.60485371752
2019-06-05,64804.60485371752
2019-06-06,64804.60485371752
2019-06-07,64804.60485371752
2019-06-10,64804.60485371752
2019-06-11,64804.60485371752
2019-06-12,64804.60485371752
2019-06-13,64804.60485371752
2019-06-14,64804.60485371752
2019-06-17,64804.60485371752
2019-06-18,64804.60485371752
2019-06-19,64804.60485371752
2019-06-20,64804.60485371752
2019-06-21,64804.60485371752
2019-06-24,64804.60485371752
2019-06-25,64804.60485371752
2019-06-26,64804.60485371752
2019-06-27,64804.60485371752
2019-06-28,64804.60485371752
2019-07-01,64804.60485371752
2019-07-02,64804.60485371752
2019-07-03,64804.60485371752
2019-07-05,64804.60485371752
2019-07-08,64804.60485371752
2019-07-09,64804.60485371752
2019-07-10,64804.60485371752
2019-07-11,64804.60485371752
2019-07-12,64804.60485371752
2019-07-15,64804.60485371752
2019-07-16,64804.60485371752
2019-07-17,64804.60485371752
2019-07-18,65429.60485371752
2019-07-19,64404.60485371752
2019-07-22,65004.60485371752
2019-07-23,65925.60485371752
2019-07-24,65925.60485371752
2019-07-25,65925.60485371752
2019-07-26,65925.60485371752
2019-07-29,65925.60485371752
2019-07-30,65925.60485371752
2019-07-31,65925.60485371752
2019-08-01,63243.10485371752
2019-08-02,60148.10485371752
2019-08-05,48683.10485371752
2019-08-06,53588.10485371752
2019-08-07,54568.10485371752
2019-08-08,61150.10485371752
2019-08-09,61150.10485371752
2019-08-12,61150.10485371752
2019-08-13,61150.10485371752
2019-08-14,61150.10485371752
2019-08-15,61150.10485371752
2019-08-16,61150.10485371752
2019-08-19,61150.10485371752
2019-08-20,61150.10485371752
2019-08-21,61150.10485371752
2019-08-22,61150.10485371752
2019-08-23,61150.10485371752
2019-08-26,61150.10485371752
2019-08-27,61150.10485371752
2019-08-28,61150.10485371752
2019-08-29,61150.10485371752
2019-08-30,61150.10485371752
2019-09-03,61150.10485371752
2019-09-04,61150.10485371752
2019-09-05,61150.10485371752
2019-09-06,61150.10485371752
2019-09-09,61150.10485371752
2019-09-10,61150.10485371752
2019-09-11,61150.10485371752
2019-09-12,61150.10485371752
2019-09-13,61150.10485371752
2019-09-16,61150.10485371752
2019-09-17,61150.10485371752
2019-09-18,61150.10485371752
2019-09-19,61150.10485371752
2019-09-20,61150.10485371752
2019-09-23,59339.99987324877
2019-09-24,55697.49987324877
2019-09-25,58197.49987324877
2019-09-26,57249.99987324877
2019-09-27,54692.49987324877
2019-09-30,56814.99987324877
2019-10-01,53277.49987324877
2019-10-02,47429.99987324877
2019-10-03,51237.49987324877
2019-10-04,55331.99987324877
2019-10-07,55331.99987324877
2019-10-08,55331.99987324877
2019-10-09,55331.99987324877
2019-10-10,55331.99987324877
2019-10-11,55331.99987324877
2019-10-14,55331.99987324877
2019-10-15,55331.99987324877
2019-10-16,55331.99987324877
2019-10-17,55331.99987324877
2019-10-18,55331.99987324877
2019-10-21,55331.99987324877
2019-10-22,55331.99987324877
2019-10-23,55331.99987324877
2019-10-24,55331.99987324877
2019-10-25,55331.99987324877
2019-10-28,55331.99987324877
2019-10-29,55331.99987324877
2019-10-30,55331.99987324877
2019-10-31,55331.99987324877
2019-11-01,55331.99987324877
2019-11-04,55331.99987324877
2019-11-05,55331.99987324877
2019-11-06,55331.99987324877
2019-11-07,55331.99987324877
2019-11-08,55331.99987324877
2019-11-11,55331.99987324877
2019-11-12,55331.99987324877
2019-11-13,55331.99987324877
2019-11-14,55331.99987324877
2019-11-15,55331.99987324877
2019-11-18,55331.99987324877
2019-11-19,55331.99987324877
2019-11-20,55331.99987324877
2019-11-21,55331.99987324877
2019-11-22,55331.99987324877
2019-11-25,55331.99987324877
2019-11-26,55331.99987324877
2019-11-27,55331.99987324877
2019-11-29,55331.99987324877
2019-12-02,55331.99987324877
2019-12-03,55331.99987324877
2019-12-04,57211.99987324877
2019-12-05,57829.49987324877
2019-12-06,61018.99987324877
2019-12-09,61018.99987324877
2019-12-10,61018.99987324877
2019-12-11,61018.99987324877
2019-12-12,61018.99987324877
2019-12-13,61018.99987324877
2019-12-16,61018.99987324877
2019-12-17,61018.99987324877
2019-12-18,61018.99987324877
2019-12-19,61018.99987324877
2019-12-20,61018.99987324877
2019-12-23,61018.99987324877
2019-12-24,61018.99987324877
2019-12-26,61018.99987324877
2019-12-27,61018.99987324877
2019-12-30,61018.99987324877
2019-12-31,61018.99987324877
2020-01-02,61018.99987324877
2020-01-03,61018.99987324877
2020-01-06,61018.99987324877
2020-01-07,61018.99987324877
2020-01-08,61018.99987324877
2020-01-09,61018.99987324877
2020-01-10,61018.99987324877
2020-01-13,61018.99987324877
2020-01-14,61018.99987324877
2020-01-15,61018.99987324877
2020-01-16,61018.99987324877
2020-01-17,61018.99987324877
2020-01-21,61018.99987324877
2020-01-22,61018.99987324877
2020-01-23,61018.99987324877
2020-01-24,61018.99987324877
2020-01-27,61018.99987324877
2020-01-28,65971.49987324877
2020-01-29,65548.99987324877
2020-01-30,68752.49987324877
2020-01-31,65464.99987324877
2020-02-03,66539.99987324877
2020-02-04,69210.99987324877
2020-02-05,69210.99987324877
2020-02-06,69210.99987324877
2020-02-07,69210.99987324877
2020-02-10,69210.99987324877
2020-02-11,69210.99987324877
2020-02-12,69210.99987324877
2020-02-13,69210.99987324877
2020-02-14,69210.99987324877
2020-02-18,69210.99987324877
2020-02-19,69210.99987324877
2020-02-20,69210.99987324877
2020-02-21,69210.99987324877
2020-02-24,69210.99987324877
2020-02-25,59788.49987324877
2020-02-26,58595.99987324877
2020-02-27,41583.49987324877
2020-02-28,42708.49987324877
2020-03-02,55139.49987324877
2020-03-03,51739.49987324877
2020-03-04,57597.99987324877
2020-03-05,57597.99987324877
2020-03-06,57597.99987324877
2020-03-09,57597.99987324877
2020-03-10,57597.99987324877
2020-03-11,57597.99987324877
2020-03-12,57597.99987324877
2020-03-13,57597.99987324877
2020-03-16,57597.99987324877
2020-03-17,57597.99987324877
2020-03-18,57597.99987324877
2020-03-19,57597.99987324877
2020-03-20,57597.99987324877
2020-03-23,57597.99987324877
2020-03-24,57597.99987324877
2020-03-25,57597.99987324877
2020-03-26,57597.99987324877
2020-03-27,57597.99987324877
2020-03-30,57597.99987324877
2020-03-31,57597.99987324877
2020-04-01,57597.99987324877
2020-04-02,57597.99987324877
2020-04-03,57597.99987324877
2020-04-06,57597.99987324877
2020-04-07,57597.99987324877
2020-04-08,57597.99987324877
2020-04-09,57597.99987324877
2020-04-13,57597.99987324877
2020-04-14,57597.99987324877
2020-04-15,57597.99987324877
2020-04-16,57597.99987324877
2020-04-17,57597.99987324877
2020-04-20,57597.99987324877
2020-04-21,57597.99987324877
2020-04-22,57597.99987324877
2020-04-23,57597.99987324877
2020-04-24,57597.99987324877
2020-04-27,57597.99987324877
2020-04-28,57597.99987324877
2020-04-29,57597.99987324877
2020-04-30,57597.99987324877
2020-05-01,57597.99987324877
2020-05-04,57597.99987324877
2020-05-05,57597.99987324877
2020-05-06,57597.99987324877
2020-05-07,57597.99987324877
2020-05-08,57597.99987324877
2020-05-11,57597.99987324877
2020-05-12,57597.99987324877
2020-05-13,57597.99987324877
2020-05-14,57597.99987324877
2020-05-15,57597.99987324877
2020-05-18,57597.99987324877
2020-05-19,57597.99987324877
2020-05-20,57597.99987324877
2020-05-21,57597.99987324877
2020-05-22,57597.99987324877
2020-05-26,57597.99987324877
2020-05-27,57597.99987324877
2020-05-28,57597.99987324877
2020-05-29,57597.99987324877
2020-06-01,57597.99987324877
2020-06-02,57597.99987324877
2020-06-03,57597.99987324877
2020-06-04,57597.99987324877
2020-06-05,57597.99987324877
2020-06-08,57597.99987324877
2020-06-09,57597.99987324877
2020-06-10,57597.99987324877
2020-06-11,57597.99987324877
2020-06-12,58822.99987324877
2020-06-15,60735.49987324877
2020-06-16,63493.99987324877
2020-06-17,63493.99987324877
2020-06-18,63493.99987324877
2020-06-19,63493.99987324877
2020-06-22,63493.99987324877
2020-06-23,63493.99987324877
2020-06-24,63493.99987324877
2020-06-25,63493.99987324877
2020-06-26,63493.99987324877
2020-06-29,63493.99987324877
2020-06-30,63493.99987324877
2020-07-01,63493.99987324877
2020-07-02,63493.99987324877
2020-07-06,63493.99987324877
2020-07-07,63493.99987324877
2020-07-08,63493.99987324877
2020-07-09,63493.99987324877
2020-07-10,63493.99987324877
2020-07-13,63493.99987324877
2020-07-14,63493.99987324877
2020-07-15,63493.99987324877
2020-07-16,63493.99987324877
2020-07-17,63493.99987324877
2020-07-20,63493.99987324877
2020-07-21,63493.99987324877
2020-07-22,63493.99987324877
2020-07-23,63493.99987324877
2020-07-24,63493.99987324877
2020-07-27,67818.99987324877
2020-07-28,65113.99987324877
2020-07-29,67798.99987324877
2020-07-30,70179.99987324877
2020-07-31,70179.99987324877
2020-08-03,70179.99987324877
2020-08-04,70179.99987324877
2020-08-05,70179.99987324877
2020-08-06,70179.99987324877
2020-08-07,70179.99987324877
2020-08-10,70179.99987324877
2020-08-11,70179.99987324877
2020-08-12,75129.99987324877
2020-08-13,76100.99987324877
2020-08-14,76100.99987324877
2020-08-17,76100.99987324877
2020-08-18,76100.99987324877
2020-08-19,76100.99987324877
2020-08-20,76100.99987324877
2020-08-21,76100.99987324877
2020-08-24,76100.99987324877
2020-08-25,76100.99987324877
2020-08-26,76100.99987324877
2020-08-27,76100.99987324877
2020-08-28,76100.99987324877
2020-08-31,76100.99987324877
2020-09-01,76100.99987324877
2020-09-02,76100.99987324877
2020-09-03,76100.99987324877
2020-09-04,76100.99987324877
2020-09-08,66335.99987324877
2020-09-09,76218.49987324877
2020-09-10,68940.99987324877
2020-09-11,66268.49987324877
2020-09-14,73085.99987324877
2020-09-15,77855.49987324877
2020-09-16,77855.49987324877
2020-09-17,77855.49987324877
2020-09-18,77855.49987324877
2020-09-21,77855.49987324877
2020-09-22,82277.99987324877
2020-09-23,72467.99987324877
2020-09-24,74060.49987324877
2020-09-25,81374.99987324877
2020-09-28,81374.99987324877
2020-09-29,81374.99987324877
2020-09-30,81374.99987324877
2020-10-01,81374.99987324877
2020-10-02,81374.99987324877
2020-10-05,81374.99987324877
2020-10-06,81374.99987324877
2020-10-07,81374.99987324877
2020-10-08,81374.99987324877
2020-10-09,81374.99987324877
2020-10-12,81374.99987324877
2020-10-13,81374.99987324877
2020-10-14,81374.99987324877
2020-10-15,81374.99987324877
2020-10-16,81374.99987324877
2020-10-19,81374.99987324877
2020-10-20,82059.99987324877
2020-10-21,82682.49987324877
2020-10-22,82660.99987324877
2020-10-23,82935.99987324877
2020-10-26,79510.99987324877
2020-10-27,80900.99987324877
2020-10-28,65820.99987324877
2020-10-29,71958.49987324877
2020-10-30,64153.49987324877
2020-11-02,66266.99987324877
2020-11-03,69287.99987324877
2020-11-04,69287.99987324877
2020-11-05,69287.99987324877
2020-11-06,69287.99987324877
2020-11-09,69287.99987324877
2020-11-10,69287.99987324877
2020-11-11,69287.99987324877
2020-11-12,69287.99987324877
2020-11-13,69287.99987324877
2020-11-16,69287.99987324877
2020-11-17,69287.99987324877
2020-11-18,69287.99987324877
2020-11-19,69287.99987324877
2020-11-20,69287.99987324877
2020-11-23,69287.99987324877
2020-11-24,69287.99987324877
2020-11-25,69287.99987324877
2020-11-27,69287.99987324877
2020-11-30,69287.99987324877
2020-12-01,69287.99987324877
2020-12-02,69287.99987324877
2020-12-03,69287.99987324877
2020-12-04,69287.99987324877
2020-12-07,69287.99987324877
2020-12-08,69287.99987324877
2020-12-09,69287.99987324877
2020-12-10,69287.99987324877
2020-12-11,69287.99987324877
2020-12-14,69287.99987324877
2020-12-15,71658.99987324877
2020-12-16,71658.99987324877
2020-12-17,71658.99987324877
2020-12-18,71658.99987324877
2020-12-21,71658.99987324877
2020-12-22,71658.99987324877
2020-12-23,71658.99987324877
2020-12-24,71658.99987324877
2020-12-28,71658.99987324877
2020-12-29,71658.99987324877
2020-12-30,71658.99987324877
2020-12-31,71658.99987324877
2021-01-04,71658.99987324877
2021-01-05,71658.99987324877
2021-01-06,71658.99987324877
2021-01-07,71658.99987324877
2021-01-08,71658.99987324877
2021-01-11,71658.99987324877
2021-01-12,71658.99987324877
2021-01-13,71658.99987324877
2021-01-14,71658.99987324877
2021-01-15,71658.99987324877
2021-01-19,71658.99987324877
2021-01-20,71658.99987324877
2021-01-21,71658.99987324877
2021-01-22,71658.99987324877
2021-01-25,71658.99987324877
2021-01-26,71658.99987324877
2021-01-27,71658.99987324877
2021-01-28,73408.99987324877
2021-01-29,69708.99987324877
2021-02-01,72733.99987324877
2021-02-02,75329.99987324877
2021-02-03,75329.99987324877
2021-02-04,75329.99987324877
2021-02-05,75329.99987324877
2021-02-08,75329.99987324877
2021-02-09,75329.99987324877
2021-02-10,75329.99987324877
2021-02-11,75329.99987324877
2021-02-12,75329.99987324877
2021-02-16,75329.99987324877
2021-02-17,75329.99987324877
2021-02-18,75329.99987324877
2021-02-19,75329.99987324877
2021-02-22,66819.99987324877
2021-02-23,66399.99987324877
2021-02-24,70795.99987324877
2021-02-25,61390.99987324877
2021-02-26,62975.99987324877
2021-03-01,70336.99987324877
2021-03-02,70336.99987324877
2021-03-03,70336.99987324877
2021-03-04,70336.99987324877
2021-03-05,74511.99987324877
2021-03-08,67181.99987324877
2021-03-09,77011.99987324877
2021-03-10,76221.99987324877
2021-03-11,82187.99987324877
2021-03-12,82187.99987324877
2021-03-15,82187.99987324877
2021-03-16,82187.99987324877
2021-03-17,82187.99987324877
2021-03-18,82187.99987324877
2021-03-19,82187.99987324877
2021-03-22,82187.99987324877
2021-03-23,82187.99987324877
2021-03-24,82187.99987324877
2021-03-25,82187.99987324877
2021-03-26,82187.99987324877
2021-03-29,82187.99987324877
2021-03-30,82187.99987324877
2021-03-31,82187.99987324877
2021-04-01,82187.99987324877
2021-04-05,82187.99987324877
2021-04-06,82187.99987324877
2021-04-07,82187.99987324877
2021-04-08,82187.99987324877
2021-04-09,82187.99987324877
2021-04-12,82187.99987324877
2021-04-13,82187.99987324877
2021-04-14,82187.99987324877
2021-04-15,82187.99987324877
2021-04-16,82187.99987324877
2021-04-19,82187.99987324877
2021-04-20,82187.99987324877
2021-04-21,82187.99987324877
2021-04-22,82187.99987324877
2021-04-23,82187.99987324877
2021-04-26,82187.99987324877
2021-04-27,82187.99987324877
2021-04-28,82187.99987324877
2021-04-29,82187.99987324877
2021-04-30,82187.99987324877
2021-05-03,82187.99987324877
2021-05-04,82187.99987324877
2021-05-05,81287.99987324877
2021-05-06,83422.99987324877
2021-05-07,85648.99987324877
2021-05-10,85648.99987324877
2021-05-11,85648.99987324877
2021-05-12,85648.99987324877
2021-05-13,90096.49987324877
2021-05-14,98888.49987324877
2021-05-17,98888.49987324877
2021-05-18,98888.49987324877
2021-05-19,98888.49987324877
2021-05-20,98888.49987324877
2021-05-21,98888.49987324877
2021-05-24,98888.49987324877
2021-05-25,98888.49987324877
2021-05-26,98888.49987324877
2021-05-27,98888.49987324877
2021-05-28,98888.49987324877
2021-06-01,98888.49987324877
2021-06-02,98888.49987324877
2021-06-03,98888.49987324877
2021-06-04,98888.49987324877
2021-06-07,98888.49987324877
2021-06-08,98888.49987324877
2021-06-09,98888.49987324877
2021-06-10,98888.49987324877
2021-06-11,98888.49987324877
2021-06-14,98888.49987324877
2021-06-15,98888.49987324877
2021-06-16,98888.49987324877
2021-06-17,98888.49987324877
2021-06-18,98888.49987324877
2021-06-21,101791.05430556889
2021-06-22,101791.05430556889
2021-06-23,101791.05430556889
2021-06-24,101791.05430556889
2021-06-25,101791.05430556889
2021-06-28,101791.05430556889
2021-06-29,101791.05430556889
2021-06-30,101791.05430556889
2021-07-01,101791.05430556889
2021-07-02,101791.05430556889
2021-07-06,101791.05430556889
2021-07-07,101791.05430556889
2021-07-08,101791.05430556889
2021-07-09,101791.05430556889
2021-07-12,101791.05430556889
2021-07-13,101791.05430556889
2021-07-14,101791.05430556889
2021-07-15,101791.05430556889
2021-07-16,101791.05430556889
2021-07-19,95833.55430556889
2021-07-20,102686.05430556889
2021-07-21,106493.05430556889
2021-07-22,106493.05430556889
2021-07-23,106493.05430556889
2021-07-26,106493.05430556889
2021-07-27,106493.05430556889
2021-07-28,106493.05430556889
2021-07-29,106493.05430556889
2021-07-30,106493.05430556889
2021-08-02,106493.05430556889
2021-08-03,106493.05430556889
2021-08-04,106493.05430556889
2021-08-05,106493.05430556889
2021-08-06,106493.05430556889
2021-08-09,106493.05430556889
2021-08-10,106493.05430556889
2021-08-11,106493.05430556889
2021-08-12,106493.05430556889
2021-08-13,106493.05430556889
2021-08-16,106493.05430556889
2021-08-17,106493.05430556889
2021-08-18,106493.05430556889
2021-08-19,108418.05430556889
2021-08-20,113325.05430556889
2021-08-23,113325.05430556889
2021-08-24,113325.05430556889
2021-08-25,113325.05430556889
2021-08-26,113325.05430556889
2021-08-27,113325.05430556889
2021-08-30,113325.05430556889
2021-08-31,113325.05430556889
2021-09-01,113325.05430556889
2021-09-02,113325.05430556889
2021-09-03,113325.05430556889
2021-09-07,113325.05430556889
2021-09-08,113325.05430556889
2021-09-09,113325.05430556889
2021-09-10,111625.05430556889
2021-09-13,112067.55430556889
2021-09-14,109847.55430556889
2021-09-15,114036.05430556889
2021-09-16,113661.05430556889
2021-09-17,113165.05821181889
2021-09-20,109375.4422027914
2021-09-21,109415.4422027914
2021-09-22,114242.9422027914
2021-09-23,119699.9422027914
2021-09-24,119699.9422027914
2021-09-27,119699.9422027914
2021-09-28,119699.9422027914
2021-09-29,119199.9422027914
2021-09-30,118054.9422027914
2021-10-01,121939.9422027914
2021-10-04,113324.9422027914
2021-10-05,119322.4422027914
2021-10-06,122354.4422027914
2021-10-07,122354.4422027914
2021-10-08,122354.4422027914
2021-10-11,122354.4422027914
2021-10-12,122354.4422027914
2021-10-13,122354.4422027914
2021-10-14,122354.4422027914
2021-10-15,122354.4422027914
2021-10-18,122354.4422027914
2021-10-19,122354.4422027914
2021-10-20,122354.4422027914
2021-10-21,122354.4422027914
2021-10-22,122354.4422027914
2021-10-25,122354.4422027914
2021-10-26,122354.4422027914
2021-10-27,122354.4422027914
2021-10-28,122354.4422027914
2021-10-29,122354.4422027914
2021-11-01,122354.4422027914
2021-11-02,122354.4422027914
2021-11-03,122354.4422027914
2021-11-04,122354.4422027914
2021-11-05,122354.4422027914
2021-11-08,122354.4422027914
2021-11-09,122354.4422027914
2021-11-10,122354.4422027914
2021-11-11,123199.4422027914
2021-11-12,126585.4422027914
2021-11-15,126585.4422027914
2021-11-16,126585.4422027914
2021-11-17,126585.4422027914
2021-11-18,126585.4422027914
2021-11-19,126585.4422027914
2021-11-22,126585.4422027914
2021-11-23,126585.4422027914
2021-11-24,126585.4422027914
2021-11-26,126585.4422027914
2021-11-29,136142.9422027914
2021-11-30,127100.4422027914
2021-12-01,118597.9422027914
2021-12-02,124335.4422027914
2021-12-03,117007.9422027914
2021-12-06,122132.9422027914
2021-12-07,136344.9422027914
2021-12-08,136344.9422027914
2021-12-09,136344.9422027914
2021-12-10,136344.9422027914
2021-12-13,136344.9422027914
2021-12-14,136344.9422027914
2021-12-15,136344.9422027914
2021-12-16,136344.9422027914
2021-12-17,136344.9422027914
2021-12-20,136344.9422027914
2021-12-21,136344.9422027914
2021-12-22,136344.9422027914
2021-12-23,136344.9422027914
2021-12-27,136344.9422027914
2021-12-28,136344.9422027914
2021-12-29,136344.9422027914
2021-12-30,136344.9422027914
2021-12-31,136344.9422027914
2022-01-03,136344.9422027914
2022-01-04,136344.9422027914
2022-01-05,136344.9422027914
2022-01-06,135944.9422027914
2022-01-07,131397.4422027914
2022-01-10,131662.4422027914
2022-01-11,138216.9422027914
2022-01-12,138216.9422027914
2022-01-13,138216.9422027914
2022-01-14,138216.9422027914
2022-01-18,138216.9422027914
2022-01-19,135866.9422027914
2022-01-20,129541.9422027914
2022-01-21,117014.4422027914
2022-01-24,119191.9422027914
2022-01-25,109249.4422027914
2022-01-26,109229.4422027914
2022-01-27,104606.9422027914
2022-01-28,118763.9422027914
2022-01-31,118763.9422027914
2022-02-01,118763.9422027914
2022-02-02,118763.9422027914
2022-02-03,118763.9422027914
2022-02-04,118763.9422027914
2022-02-07,118763.9422027914
2022-02-08,118763.9422027914
2022-02-09,118763.9422027914
2022-02-10,118763.9422027914
2022-02-11,118763.9422027914
2022-02-14,118763.9422027914
2022-02-15,118763.9422027914
2022-02-16,118763.9422027914
2022-02-17,118763.9422027914
2022-02-18,118763.9422027914
2022-02-22,118763.9422027914
2022-02-23,118763.9422027914
2022-02-24,118763.9422027914
2022-02-25,118763.9422027914
2022-02-28,118763.9422027914
2022-03-01,118763.9422027914
2022-03-02,118763.9422027914
2022-03-03,118763.9422027914
2022-03-04,118763.9422027914
2022-03-07,118763.9422027914
2022-03-08,118763.9422027914
2022-03-09,118763.9422027914
2022-03-10,118763.9422027914
2022-03-11,118763.9422027914
2022-03-14,118763.9422027914
2022-03-15,118763.9422027914
2022-03-16,118763.9422027914
2022-03-17,118763.9422027914
2022-03-18,118763.9422027914
2022-03-21,118763.9422027914
2022-03-22,118763.9422027914
2022-03-23,118763.9422027914
2022-03-24,118763.9422027914
2022-03-25,118763.9422027914
2022-03-28,118763.9422027914
2022-03-29,118763.9422027914
2022-03-30,118763.9422027914
2022-03-31,118763.9422027914
2022-04-01,118763.9422027914
2022-04-04,118763.9422027914
2022-04-05,118763.9422027914
2022-04-06,118763.9422027914
2022-04-07,118763.9422027914
2022-04-08,118763.9422027914
2022-04-11,118763.9422027914
2022-04-12,118763.9422027914
2022-04-13,118763.9422027914
2022-04-14,118763.9422027914
2022-04-18,118763.9422027914
2022-04-19,118763.9422027914
2022-04-20,118763.9422027914
2022-04-21,118763.9422027914
2022-04-22,118763.9422027914
2022-04-25,118763.9422027914
2022-04-26,118763.9422027914
2022-04-27,118763.9422027914
2022-04-28,118763.9422027914
2022-04-29,118763.9422027914
2022-05-02,118763.9422027914
2022-05-03,118763.9422027914
2022-05-04,118763.9422027914
2022-05-05,118763.9422027914
2022-05-06,118763.9422027914
2022-05-09,118763.9422027914
2022-05-10,118763.9422027914
2022-05-11,118763.9422027914
2022-05-12,118763.9422027914
2022-05-13,118763.9422027914
2022-05-16,118763.9422027914
2022-05-17,118763.9422027914
2022-05-18,118763.9422027914
2022-05-19,118763.9422027914
2022-05-20,118763.9422027914
2022-05-23,118763.9422027914
2022-05-24,118763.9422027914
2022-05-25,118763.9422027914
2022-05-26,118763.9422027914
2022-05-27,118763.9422027914
2022-05-31,118763.9422027914
2022-06-01,118763.9422027914
2022-06-02,118763.9422027914
2022-06-03,118763.9422027914
2022-06-06,118763.9422027914
2022-06-07,118763.9422027914
2022-06-08,118763.9422027914
2022-06-09,118763.9422027914
2022-06-10,118763.9422027914
2022-06-13,118763.9422027914
2022-06-14,118763.9422027914
2022-06-15,118763.9422027914
2022-06-16,118763.9422027914
2022-06-17,118763.9422027914
2022-06-21,118763.9422027914
2022-06-22,118763.9422027914
2022-06-23,118763.9422027914
2022-06-24,118763.9422027914
2022-06-27,118763.9422027914
2022-06-28,118763.9422027914
2022-06-29,118763.9422027914
2022-06-30,118763.9422027914
2022-07-01,118763.9422027914
2022-07-05,118763.9422027914
2022-07-06,118763.9422027914
2022-07-07,118763.9422027914
2022-07-08,118763.9422027914
2022-07-11,118763.9422027914
2022-07-12,118763.9422027914
2022-07-13,118763.9422027914
2022-07-14,118763.9422027914
2022-07-15,118763.9422027914
2022-07-18,118763.9422027914
2022-07-19,118763.9422027914
2022-07-20,118763.9422027914
2022-07-21,118763.9422027914
2022-07-22,118763.9422027914
2022-07-25,118763.9422027914
2022-07-26,118763.9422027914
2022-07-27,118763.9422027914
2022-07-28,118763.9422027914
2022-07-29,118763.9422027914
2022-08-01,118763.9422027914
2022-08-02,118763.9422027914
2022-08-03,118763.9422027914
2022-08-04,118763.9422027914
2022-08-05,118763.9422027914
2022-08-08,118763.9422027914
2022-08-09,118763.9422027914
2022-08-10,118763.9422027914
2022-08-11,118763.9422027914
2022-08-12,118763.9422027914
2022-08-15,118763.9422027914
2022-08-16,118763.9422027914
2022-08-17,118763.9422027914
2022-08-18,118763.9422027914
2022-08-19,118763.9422027914
2022-08-22,118763.9422027914
2022-08-23,118763.9422027914
2022-08-24,118763.9422027914
2022-08-25,118763.9422027914
2022-08-26,118763.9422027914
2022-08-29,118763.9422027914
2022-08-30,118763.9422027914
2022-08-31,118763.9422027914
2022-09-01,118763.9422027914
2022-09-02,118763.9422027914
2022-09-06,118763.9422027914
2022-09-07,118763.9422027914
2022-09-08,118763.9422027914
2022-09-09,118763.9422027914
2022-09-12,118763.9422027914
2022-09-13,118763.9422027914
2022-09-14,118763.9422027914
2022-09-15,118763.9422027914
2022-09-16,118763.9422027914
2022-09-19,118763.9422027914
2022-09-20,118763.9422027914
2022-09-21,118763.9422027914
2022-09-22,118763.9422027914
2022-09-23,118763.9422027914
2022-09-26,118763.9422027914
2022-09-27,118763.9422027914
2022-09-28,118763.9422027914
2022-09-29,118763.9422027914
2022-09-30,118763.9422027914
2022-10-03,118763.9422027914
2022-10-04,118763.9422027914
2022-10-05,118763.9422027914
2022-10-06,118763.9422027914
2022-10-07,118763.9422027914
2022-10-10,118763.9422027914
2022-10-11,118763.9422027914
2022-10-12,118763.9422027914
2022-10-13,118763.9422027914
2022-10-14,118763.9422027914
2022-10-17,118763.9422027914
2022-10-18,118763.9422027914
2022-10-19,118763.9422027914
2022-10-20,118763.9422027914
2022-10-21,118763.9422027914
2022-10-24,118763.9422027914
2022-10-25,118763.9422027914
2022-10-26,118763.9422027914
2022-10-27,118763.9422027914
2022-10-28,118763.9422027914
2022-10-31,118763.9422027914
2022-11-01,118763.9422027914
2022-11-02,118763.9422027914
2022-11-03,118763.9422027914
2022-11-04,118763.9422027914
2022-11-07,118763.9422027914
2022-11-08,118763.9422027914
2022-11-09,118763.9422027914
2022-11-10,118763.9422027914
2022-11-11,118763.9422027914
2022-11-14,118763.9422027914
2022-11-15,118763.9422027914
2022-11-16,118763.9422027914
2022-11-17,118763.9422027914
2022-11-18,118763.9422027914
2022-11-21,118763.9422027914
2022-11-22,118763.9422027914
2022-11-23,118763.9422027914
2022-11-25,118763.9422027914
2022-11-28,118763.9422027914
2022-11-29,118763.9422027914
2022-11-30,118763.9422027914
2022-12-01,118763.9422027914
2022-12-02,118763.9422027914
2022-12-05,118763.9422027914
2022-12-06,118763.9422027914
2022-12-07,118763.9422027914
2022-12-08,118763.9422027914
2022-12-09,118763.9422027914
2022-12-12,118763.9422027914
2022-12-13,118763.9422027914
2022-12-14,118763.9422027914
2022-12-15,118763.9422027914
2022-12-16,118763.9422027914
2022-12-19,118763.9422027914
2022-12-20,118763.9422027914
2022-12-21,118763.9422027914
2022-12-22,118763.9422027914
2022-12-23,118763.9422027914
2022-12-27,118763.9422027914
2022-12-28,118763.9422027914
2022-12-29,118763.9422027914
2022-12-30,118763.9422027914
2023-01-03,118763.9422027914
2023-01-04,118763.9422027914
2023-01-05,118763.9422027914
2023-01-06,118763.9422027914
2023-01-09,118763.9422027914
2023-01-10,118763.9422027914
2023-01-11,118763.9422027914
2023-01-12,118763.9422027914
2023-01-13,118763.9422027914
2023-01-17,118763.9422027914
2023-01-18,118763.9422027914
2023-01-19,118763.9422027914
2023-01-20,118763.9422027914
2023-01-23,118763.9422027914
2023-01-24,118763.9422027914
2023-01-25,118763.9422027914
2023-01-26,118763.9422027914
2023-01-27,118763.9422027914
2023-01-30,118763.9422027914
2023-01-31,118763.9422027914
2023-02-01,118763.9422027914
2023-02-02,118763.9422027914
2023-02-03,118763.9422027914
2023-02-06,118763.9422027914
2023-02-07,118763.9422027914
2023-02-08,118763.9422027914
2023-02-09,118763.9422027914
2023-02-10,118763.9422027914
2023-02-13,118763.9422027914
2023-02-14,118763.9422027914
2023-02-15,118763.9422027914
2023-02-16,118763.9422027914
2023-02-17,118763.9422027914
2023-02-21,118763.9422027914
2023-02-22,118441.4422027914
2023-02-23,121628.9422027914
2023-02-24,115268.9422027914
2023-02-27,117606.4422027914
2023-02-28,116761.4422027914
2023-03-01,113601.4422027914
2023-03-02,117018.9422027914
2023-03-03,125210.9422027914
2023-03-06,125210.9422027914
2023-03-07,125210.9422027914
2023-03-08,125210.9422027914
2023-03-09,125210.9422027914
2023-03-10,125210.9422027914
2023-03-13,125210.9422027914
2023-03-14,125210.9422027914
2023-03-15,125210.9422027914
2023-03-16,125210.9422027914
2023-03-17,125210.9422027914
2023-03-20,125210.9422027914
2023-03-21,125210.9422027914
2023-03-22,125210.9422027914
2023-03-23,125210.9422027914
2023-03-24,125210.9422027914
2023-03-27,125210.9422027914
2023-03-28,125210.9422027914
2023-03-29,125210.9422027914
2023-03-30,125210.9422027914
2023-03-31,125210.9422027914
2023-04-03,125210.9422027914
2023-04-04,125210.9422027914
2023-04-05,125210.9422027914
2023-04-06,125210.9422027914
2023-04-10,125210.9422027914
2023-04-11,125210.9422027914
2023-04-12,125210.9422027914
2023-04-13,130346.9422027914
2023-04-14,130346.9422027914
2023-04-17,130346.9422027914
2023-04-18,130346.9422027914
2023-04-19,130346.9422027914
2023-04-20,130346.9422027914
2023-04-21,130671.9422027914
2023-04-24,129991.9422027914
2023-04-25,125051.9422027914
2023-04-26,125754.4422027914
2023-04-27,136468.9422027914
2023-04-28,136468.9422027914
2023-05-01,136468.9422027914
2023-05-02,136468.9422027914
2023-05-03,136468.9422027914
2023-05-04,136468.9422027914
2023-05-05,140164.9422027914
2023-05-08,140164.9422027914
2023-05-09,140164.9422027914
2023-05-10,140164.9422027914
2023-05-11,140164.9422027914
2023-05-12,140164.9422027914
2023-05-15,140164.9422027914
2023-05-16,140164.9422027914
2023-05-17,140164.9422027914
2023-05-18,140164.9422027914
2023-05-19,140164.9422027914
2023-05-22,140164.9422027914
2023-05-23,140164.9422027914
2023-05-24,140164.9422027914
2023-05-25,141852.4422027914
2023-05-26,144498.4422027914
2023-05-30,144498.4422027914
2023-05-31,144498.4422027914
2023-06-01,144498.4422027914
2023-06-02,144498.4422027914
2023-06-05,144498.4422027914
2023-06-06,144498.4422027914
2023-06-07,144498.4422027914
2023-06-08,144498.4422027914
2023-06-09,144498.4422027914
2023-06-12,144498.4422027914
2023-06-13,144498.4422027914
2023-06-14,144498.4422027914
2023-06-15,144498.4422027914
2023-06-16,144498.4422027914
2023-06-20,144498.4422027914
2023-06-21,144498.4422027914
2023-06-22,144498.4422027914
2023-06-23,144498.4422027914
2023-06-26,144498.4422027914
2023-06-27,144498.4422027914
2023-06-28,144498.4422027914
2023-06-29,144498.4422027914
2023-06-30,144498.4422027914
2023-07-03,144498.4422027914
2023-07-05,144498.4422027914
2023-07-06,144498.4422027914
2023-07-07,144498.4422027914
2023-07-10,144498.4422027914
2023-07-11,144498.4422027914
2023-07-12,144498.4422027914
2023-07-13,144498.4422027914
2023-07-14,144498.4422027914
2023-07-17,144498.4422027914
2023-07-18,144498.4422027914
2023-07-19,144498.4422027914
2023-07-20,144498.4422027914
2023-07-21,144498.4422027914
2023-07-24,144498.4422027914
2023-07-25,144498.4422027914
2023-07-26,144498.4422027914
2023-07-27,144498.4422027914
2023-07-28,144498.4422027914
2023-07-31,144498.4422027914
2023-08-01,144498.4422027914
2023-08-02,144498.4422027914
2023-08-03,143038.4422027914
2023-08-04,140155.9422027914
2023-08-07,144773.4422027914
2023-08-08,141185.9422027914
2023-08-09,136028.4422027914
2023-08-10,136488.4422027914
2023-08-11,134128.4422027914
2023-08-14,138851.9422027914
2023-08-15,135576.9422027914
2023-08-16,132277.9422027914
2023-08-17,130502.9422027914
2023-08-18,129735.4422027914
2023-08-21,136043.9422027914
2023-08-22,135381.4422027914
2023-08-23,137739.9422027914
2023-08-24,137739.9422027914
2023-08-25,137739.9422027914
2023-08-28,137739.9422027914
2023-08-29,137739.9422027914
2023-08-30,137739.9422027914
2023-08-31,137739.9422027914
2023-09-01,137739.9422027914
2023-09-05,137739.9422027914
2023-09-06,137739.9422027914
2023-09-07,137739.9422027914
2023-09-08,138319.9422027914
2023-09-11,143266.9422027914
2023-09-12,143266.9422027914
2023-09-13,143266.9422027914
2023-09-14,143266.9422027914
2023-09-15,143266.9422027914
2023-09-18,143266.9422027914
2023-09-19,143266.9422027914
2023-09-20,143266.9422027914
2023-09-21,133731.9422027914
2023-09-22,133316.9422027914
2023-09-25,135519.4422027914
2023-09-26,127914.4422027914
2023-09-27,128331.9422027914
2023-09-28,131946.9422027914
2023-09-29,131481.9422027914
2023-10-02,133770.4422027914
2023-10-03,130795.4422027914
2023-10-04,132416.4422027914
2023-10-05,132416.4422027914
2023-10-06,132416.4422027914
2023-10-09,132416.4422027914
2023-10-10,132416.4422027914
2023-10-11,132416.4422027914
2023-10-12,132416.4422027914
2023-10-13,132416.4422027914
2023-10-16,132416.4422027914
2023-10-17,132416.4422027914
2023-10-18,132416.4422027914
2023-10-19,132416.4422027914
2023-10-20,127896.4422027914
2023-10-23,128856.4422027914
2023-10-24,131546.4422027914
2023-10-25,124181.4422027914
2023-10-26,118496.4422027914
2023-10-27,119921.4422027914
2023-10-30,122946.4422027914
2023-10-31,124407.4422027914
2023-11-01,124407.4422027914
2023-11-02,124407.4422027914
2023-11-03,124407.4422027914
2023-11-06,124407.4422027914
2023-11-07,124407.4422027914
2023-11-08,124407.4422027914
2023-11-09,124407.4422027914
2023-11-10,124407.4422027914
2023-11-13,124407.4422027914
2023-11-14,124407.4422027914
2023-11-15,124407.4422027914
2023-11-16,124407.4422027914
2023-11-17,124407.4422027914
2023-11-20,124407.4422027914
2023-11-21,124407.4422027914
2023-11-22,124407.4422027914
2023-11-23,124407.4422027914
2023-11-24,124407.4422027914
2023-11-27,124407.4422027914
2023-11-28,124407.4422027914
2023-11-29,124407.4422027914
2023-11-30,124407.4422027914
2023-12-01,124407.4422027914
2023-12-04,124407.4422027914
2023-12-05,124407.4422027914
2023-12-06,124407.4422027914
2023-12-07,124407.4422027914
2023-12-08,124407.4422027914
2023-12-11,124407.4422027914
2023-12-12,124407.4422027914
2023-12-13,124407.4422027914
2023-12-14,124407.4422027914
2023-12-15,124407.4422027914
2023-12-18,124407.4422027914
2023-12-19,124407.4422027914
2023-12-20,124407.4422027914
2023-12-21,124407.4422027914
2023-12-22,124407.4422027914
2023-12-26,124407.4422027914
2023-12-27,124407.4422027914
2023-12-28,124407.4422027914
2023-12-29,124407.4422027914
2024-01-02,124407.4422027914
2024-01-03,118729.9422027914
2024-01-04,116019.9422027914
2024-01-05,116587.4422027914
2024-01-08,126739.4422027914
2024-01-09,126739.4422027914
2024-01-10,126739.4422027914
2024-01-11,126739.4422027914
2024-01-12,126739.4422027914
2024-01-16,126739.4422027914
2024-01-17,126739.4422027914
2024-01-18,128739.4422027914
2024-01-19,131622.9422027914
2024-01-22,131622.9422027914
2024-01-23,131622.9422027914
2024-01-24,131622.9422027914
2024-01-25,131622.9422027914
2024-01-26,131622.9422027914
2024-01-29,131622.9422027914
2024-01-30,131622.9422027914
2024-01-31,131622.9422027914
2024-02-01,131622.9422027914
2024-02-02,131622.9422027914
2024-02-05,131622.9422027914
2024-02-06,131622.9422027914
2024-02-07,131622.9422027914
2024-02-08,131622.9422027914
2024-02-09,131622.9422027914
2024-02-12,131622.9422027914
2024-02-13,131622.9422027914
2024-02-14,131622.9422027914
2024-02-15,131622.9422027914
2024-02-16,131622.9422027914
2024-02-20,131622.9422027914
2024-02-21,131622.9422027914
2024-02-22,141823.9422027914
2024-02-23,141823.9422027914
2024-02-26,141823.9422027914
2024-02-27,141823.9422027914
2024-02-28,141823.9422027914
2024-02-29,141823.9422027914
2024-03-01,141823.9422027914
2024-03-04,141823.9422027914
2024-03-05,141823.9422027914
2024-03-06,141823.9422027914
2024-03-07,141823.9422027914
2024-03-08,141823.9422027914
2024-03-11,141823.9422027914
2024-03-12,141823.9422027914
2024-03-13,141823.9422027914
2024-03-14,141823.9422027914
2024-03-15,141823.9422027914
2024-03-18,141823.9422027914
2024-03-19,141823.9422027914
2024-03-20,141823.9422027914
2024-03-21,141823.9422027914
2024-03-22,141823.9422027914
2024-03-25,141823.9422027914
2024-03-26,141823.9422027914
2024-03-27,141823.9422027914
2024-03-28,141823.9422027914
2024-04-01,141823.9422027914
2024-04-02,141823.9422027914
2024-04-03,142688.9422027914
2024-04-04,136758.9422027914
2024-04-05,144026.4422027914
2024-04-08,143923.9422027914
2024-04-09,145554.9422027914
2024-04-10,142929.9422027914
2024-04-11,144704.9422027914
2024-04-12,140917.4422027914
2024-04-15,137742.4422027914
2024-04-16,137167.4422027914
2024-04-17,135654.9422027914
2024-04-18,132738.4422027914
2024-04-19,123145.9422027914
2024-04-22,128718.4422027914
2024-04-23,136760.4422027914
2024-04-24,136760.4422027914
2024-04-25,136760.4422027914
2024-04-26,136760.4422027914
2024-04-29,136760.4422027914
2024-04-30,136760.4422027914
2024-05-01,136760.4422027914
2024-05-02,136760.4422027914
2024-05-03,136760.4422027914
2024-05-06,136760.4422027914
2024-05-07,136760.4422027914
2024-05-08,136760.4422027914
2024-05-09,136760.4422027914
2024-05-10,136760.4422027914
2024-05-13,136760.4422027914
2024-05-14,136760.4422027914
2024-05-15,136760.4422027914
2024-05-16,136760.4422027914
2024-05-17,136760.4422027914
2024-05-20,136760.4422027914
2024-05-21,136760.4422027914
2024-05-22,136760.4422027914
2024-05-23,136760.4422027914
2024-05-24,138572.9422027914
2024-05-28,138735.4422027914
2024-05-29,136697.9422027914
2024-05-30,135147.9422027914
2024-05-31,137272.9422027914
2024-06-03,137360.4422027914
2024-06-04,137668.9422027914
2024-06-05,137668.9422027914
2024-06-06,137668.9422027914
2024-06-07,137668.9422027914
2024-06-10,137668.9422027914
2024-06-11,137668.9422027914
2024-06-12,137668.9422027914
2024-06-13,137668.9422027914
2024-06-14,137668.9422027914
2024-06-17,137668.9422027914
2024-06-18,137668.9422027914
2024-06-20,137668.9422027914
2024-06-21,137668.9422027914
2024-06-24,137668.9422027914
2024-06-25,137668.9422027914
2024-06-26,137668.9422027914
2024-06-27,137668.9422027914
2024-06-28,137668.9422027914
2024-07-01,137668.9422027914
2024-07-02,137668.9422027914
2024-07-03,137668.9422027914
2024-07-05,137668.9422027914
2024-07-08,137668.9422027914
2024-07-09,137668.9422027914
2024-07-10,137668.9422027914
2024-07-11,137668.9422027914
2024-07-12,137668.9422027914
2024-07-15,137668.9422027914
2024-07-16,137668.9422027914
2024-07-17,137668.9422027914
2024-07-18,135703.9422027914
2024-07-19,131978.9422027914
2024-07-22,140588.9422027914
2024-07-23,138493.9422027914
2024-07-24,117696.4422027914
2024-07-25,111938.9422027914
2024-07-26,118471.4422027914
2024-07-29,119366.4422027914
2024-07-30,112381.4422027914
2024-07-31,127993.4422027914
2024-08-01,127993.4422027914
2024-08-02,127993.4422027914
2024-08-05,127993.4422027914
2024-08-06,133745.9422027914
2024-08-07,127558.4422027914
2024-08-08,144727.9422027914
2024-08-09,144727.9422027914
2024-08-12,144727.9422027914
2024-08-13,144727.9422027914
2024-08-14,144727.9422027914
2024-08-15,144727.9422027914
2024-08-16,144727.9422027914
2024-08-19,144727.9422027914
2024-08-20,144727.9422027914
2024-08-21,144727.9422027914
2024-08-22,144727.9422027914
2024-08-23,144727.9422027914
2024-08-26,144727.9422027914
2024-08-27,144727.9422027914
2024-08-28,144727.9422027914
2024-08-29,144727.9422027914
2024-08-30,144727.9422027914
2024-09-03,144727.9422027914
2024-09-04,144727.9422027914
2024-09-05,144727.9422027914
2024-09-06,144727.9422027914
2024-09-09,152407.9422027914
2024-09-10,157067.9422027914
2024-09-11,168027.4422027914
2024-09-12,168027.4422027914
2024-09-13,168027.4422027914
2024-09-16,168027.4422027914
2024-09-17,168027.4422027914
2024-09-18,168027.4422027914
2024-09-19,168027.4422027914
2024-09-20,168027.4422027914
2024-09-23,168027.4422027914
2024-09-24,168027.4422027914
2024-09-25,168027.4422027914
2024-09-26,168027.4422027914
2024-09-27,168027.4422027914
2024-09-30,168027.4422027914
2024-10-01,168027.4422027914
2024-10-02,168027.4422027914
2024-10-03,168027.4422027914
2024-10-04,168027.4422027914
2024-10-07,168027.4422027914
2024-10-08,168027.4422027914
2024-10-09,168027.4422027914
2024-10-10,168027.4422027914
2024-10-11,168027.4422027914
2024-10-14,168027.4422027914
2024-10-15,168027.4422027914
2024-10-16,168027.4422027914
2024-10-17,168027.4422027914
2024-10-18,168027.4422027914
2024-10-21,168027.4422027914
2024-10-22,168027.4422027914
2024-10-23,168027.4422027914
2024-10-24,168589.9422027914
2024-10-25,168439.9422027914
2024-10-28,169214.9422027914
2024-10-29,169660.9422027914
2024-10-30,169660.9422027914
2024-10-31,169660.9422027914
2024-11-01,173278.4422027914
2024-11-04,171183.4422027914
2024-11-05,179705.4422027914
2024-11-06,179705.4422027914
2024-11-07,179705.4422027914
2024-11-08,179705.4422027914
2024-11-11,179705.4422027914
2024-11-12,179705.4422027914
2024-11-13,179705.4422027914
2024-11-14,179705.4422027914
2024-11-15,179705.4422027914
2024-11-18,183675.4422027914
2024-11-19,187297.9422027914
2024-11-20,186872.9422027914
2024-11-21,190077.4422027914
2024-11-22,190077.4422027914
2024-11-25,190077.4422027914
2024-11-26,190077.4422027914
2024-11-27,190077.4422027914
2024-11-29,190077.4422027914
2024-12-02,190077.4422027914
2024-12-03,190077.4422027914
2024-12-04,190077.4422027914
2024-12-05,190077.4422027914
2024-12-06,190077.4422027914
2024-12-09,190077.4422027914
2024-12-10,190077.4422027914
2024-12-11,190077.4422027914
2024-12-12,190077.4422027914
2024-12-13,190077.4422027914
2024-12-16,190077.4422027914
2024-12-17,190077.4422027914
2024-12-18,190077.4422027914
2024-12-19,189902.4422027914
2024-12-20,185182.5398590414
2024-12-23,191522.31345691092
2024-12-24,200084.31345691092
2024-12-26,200084.31345691092
2024-12-27,200084.31345691092
2024-12-30,200084.31345691092
2024-12-31,195139.31345691092
2025-01-02,192996.81345691092
2025-01-03,203583.81345691092
2025-01-06,203583.81345691092
2025-01-07,203583.81345691092
2025-01-08,203583.81345691092
2025-01-09,203583.81345691092
2025-01-10,203583.81345691092
2025-01-13,202621.31345691092
2025-01-14,202453.81345691092
2025-01-15,217363.31345691092
2025-01-16,217363.31345691092
2025-01-17,217363.31345691092
2025-01-21,217363.31345691092
2025-01-22,217363.31345691092
2025-01-23,217363.31345691092
2025-01-24,217363.31345691092
2025-01-27,217363.31345691092
2025-01-28,223828.31345691092
2025-01-29,222658.31345691092
2025-01-30,224688.31345691092
2025-01-31,223978.31345691092
2025-02-03,220293.31345691092
2025-02-04,225584.31345691092
2025-02-05,225584.31345691092
2025-02-06,225584.31345691092
2025-02-07,225584.31345691092
2025-02-10,225584.31345691092
2025-02-11,225584.31345691092
2025-02-12,225584.31345691092
2025-02-13,225584.31345691092
2025-02-14,225584.31345691092
2025-02-18,225584.31345691092
2025-02-19,225584.31345691092
2025-02-20,225584.31345691092
2025-02-21,225584.31345691092
2025-02-24,218991.81345691092
2025-02-25,212029.31345691092
2025-02-26,212826.81345691092
2025-02-27,196476.81345691092
2025-02-28,207101.81345691092
2025-03-03,192951.81345691092
2025-03-04,188004.31345691092
2025-03-05,196411.81345691092
2025-03-06,179646.81345691092
2025-03-07,183901.31345691092
2025-03-10,183901.31345691092
2025-03-11,183901.31345691092
2025-03-12,183901.31345691092
2025-03-13,183901.31345691092
2025-03-14,183901.31345691092
2025-03-17,183901.31345691092
2025-03-18,183901.31345691092
2025-03-19,183901.31345691092
2025-03-20,183901.31345691092
2025-03-21,183901.31345691092
2025-03-24,183901.31345691092
2025-03-25,183901.31345691092
2025-03-26,183901.31345691092
2025-03-27,183901.31345691092
2025-03-28,183901.31345691092
2025-03-31,183901.31345691092
2025-04-01,183901.31345691092
2025-04-02,183901.31345691092
2025-04-03,183901.31345691092
2025-04-04,183901.31345691092
2025-04-07,183901.31345691092
2025-04-08,183901.31345691092
2025-04-09,183901.31345691092
2025-04-10,183901.31345691092
2025-04-11,183901.31345691092
2025-04-14,183901.31345691092
2025-04-15,183901.31345691092
2025-04-16,183901.31345691092
2025-04-17,183901.31345691092
2025-04-21,183901.31345691092
2025-04-22,183901.31345691092
2025-04-23,183901.31345691092
2025-04-24,183901.31345691092
2025-04-25,183901.31345691092
2025-04-28,183901.31345691092
2025-04-29,183901.31345691092
2025-04-30,183901.31345691092
2025-05-01,183901.31345691092
2025-05-02,183901.31345691092
2025-05-05,183901.31345691092
2025-05-06,183901.31345691092
2025-05-07,183901.31345691092
2025-05-08,183901.31345691092
2025-05-09,183901.31345691092
2025-05-12,183901.31345691092
2025-05-13,183901.31345691092
2025-05-14,183901.31345691092
2025-05-15,183901.31345691092
2025-05-16,183901.31345691092
2025-05-19,183901.31345691092
2025-05-20,183901.31345691092
2025-05-21,183901.31345691092
2025-05-22,184106.31345691092
2025-05-23,178053.81345691092
2025-05-27,193583.31345691092
2025-05-28,193583.31345691092
2025-05-29,193583.31345691092
2025-05-30,193583.31345691092
2025-06-02,193583.31345691092
2025-06-03,193583.31345691092
2025-06-04,193583.31345691092
2025-06-05,193583.31345691092
2025-06-06,193583.31345691092
2025-06-09,193583.31345691092
2025-06-10,193583.31345691092
2025-06-11,193583.31345691092
2025-06-12,193583.31345691092
2025-06-13,193583.31345691092
2025-06-16,193583.31345691092
2025-06-17,193583.31345691092
2025-06-18,193583.31345691092
2025-06-20,193583.31345691092
2025-06-23,193583.31345691092
2025-06-24,193583.31345691092
2025-06-25,193583.31345691092
2025-06-26,193583.31345691092
2025-06-27,193583.31345691092
2025-06-30,193583.31345691092
2025-07-01,193583.31345691092
2025-07-02,193583.31345691092
2025-07-03,193583.31345691092
2025-07-04,193583.31345691092
2025-07-07,193583.31345691092
2025-07-08,193583.31345691092
2025-07-09,193583.31345691092
2025-07-10,193583.31345691092
2025-07-11,193583.31345691092
2025-07-14,193583.31345691092
2025-07-15,193583.31345691092
2025-07-16,193583.31345691092
2025-07-17,193583.31345691092
2025-07-18,193583.31345691092
2025-07-21,193583.31345691092
2025-07-22,193583.31345691092
2025-07-23,193583.31345691092
2025-07-24,193583.31345691092
2025-07-25,193583.31345691092
2025-07-28,193583.31345691092
2025-07-29,193583.31345691092
2025-07-30,193583.31345691092
2025-07-31,193583.31345691092
2025-08-01,188095.81345691092
2025-08-04,200925.81345691092
2025-08-05,196098.31345691092
2025-08-06,204186.81345691092
2025-08-07,203961.81345691092
2025-08-08,206282.81345691092
2025-08-11,206282.81345691092
2025-08-12,206282.81345691092
2025-08-13,206282.81345691092
2025-08-14,206282.81345691092
2025-08-15,206282.81345691092
2025-08-18,206282.81345691092
2025-08-19,206282.81345691092
2025-08-20,202410.31345691092
2025-08-21,199075.31345691092
2025-08-22,210782.31345691092
2025-08-25,210782.31345691092
2025-08-26,210782.31345691092
2025-08-27,210782.31345691092
2025-08-28,210782.31345691092
2025-08-29,210782.31345691092
2025-09-02,210782.31345691092
2025-09-03,210782.31345691092
2025-09-04,210782.31345691092
2025-09-05,210782.31345691092
2025-09-08,210782.31345691092
2025-09-09,210782.31345691092
2025-09-10,210782.31345691092
2025-09-11,210782.31345691092
2025-09-12,210782.31345691092
2025-09-15,210782.31345691092
2025-09-16,210782.31345691092
2025-09-17,210782.31345691092
2025-09-18,210782.31345691092
2025-09-19,210782.31345691092
2025-09-22,210782.31345691092
2025-09-23,210782.31345691092
2025-09-24,210782.31345691092
2025-09-25,210782.31345691092
2025-09-26,210782.31345691092
2025-09-29,210782.31345691092
2025-09-30,210782.31345691092
2025-10-01,210782.31345691092
2025-10-02,210782.31345691092
2025-10-03,210782.31345691092
2025-10-06,210782.31345691092
2025-10-07,210782.31345691092
2025-10-08,210782.31345691092
2025-10-09,210782.31345691092
2025-10-10,210782.31345691092
2025-10-13,226262.31345691092
2025-10-14,222654.81345691092
2025-10-15,227319.81345691092
2025-10-16,223142.31345691092
2025-10-17,227920.81345691092
2025-10-20,231454.31345691092
2025-10-21,231454.31345691092
2025-10-22,231454.31345691092
2025-10-23,231454.31345691092
2025-10-24,231454.31345691092
2025-10-27,231454.31345691092
2025-10-28,231454.31345691092
2025-10-29,231454.31345691092
2025-10-30,231454.31345691092
2025-10-31,231454.31345691092
2025-11-03,231454.31345691092
2025-11-04,231454.31345691092
2025-11-05,231454.31345691092
2025-11-06,231454.31345691092
2025-11-07,231454.31345691092
2025-11-10,231454.31345691092
2025-11-11,231454.31345691092
2025-11-12,231454.31345691092
2025-11-13,231454.31345691092
2025-11-14,231454.31345691092
2025-11-17,231454.31345691092
2025-11-18,223176.81345691092
2025-11-19,226784.31345691092
2025-11-20,209779.31345691092
2025-11-21,216396.81345691092
2025-11-24,234258.81345691092
2025-11-25,234258.81345691092
2025-11-26,234258.81345691092
2025-11-28,234258.81345691092
2025-12-01,234258.81345691092
2025-12-02,234258.81345691092
2025-12-03,234258.81345691092
2025-12-04,234258.81345691092
2025-12-05,234258.81345691092
2025-12-08,234258.81345691092
2025-12-09,234258.81345691092
2025-12-10,234258.81345691092
2025-12-11,234258.81345691092
2025-12-12,234258.81345691092
2025-12-15,231853.81345691092
2025-12-16,232768.81345691092
2025-12-17,219638.81345691092
2025-12-18,229416.31345691092
2025-12-19,232421.59666003592
2025-12-22,236856.8312638415
2025-12-23,236856.8312638415
2025-12-24,236856.8312638415
2025-12-26,236856.8312638415
2025-12-29,236856.8312638415
2025-12-30,236856.8312638415
2025-12-31,236856.8312638415
2026-01-02,235826.8312638415
2026-01-05,241810.3312638415
2026-01-06,246681.3312638415
2026-01-07,246681.3312638415
2026-01-08,246681.3312638415
2026-01-09,246681.3312638415
2026-01-12,246681.3312638415
2026-01-13,246681.3312638415
2026-01-14,246681.3312638415
2026-01-15,246681.3312638415
2026-01-16,246681.3312638415
2026-01-20,246681.3312638415
2026-01-21,257541.3312638415
2026-01-22,263022.33126384154
2026-01-23,263059.83126384154
2026-01-26,264805.83126384154
2026-01-27,264805.83126384154
2026-01-28,264805.83126384154
2026-01-29,264805.83126384154
2026-01-30,264805.83126384154
2026-02-02,264805.83126384154
2026-02-03,264805.83126384154
2026-02-04,264805.83126384154
2026-02-05,257840.8312638415
2026-02-06,274685.83126384154
2026-02-09,279982.83126384154
2026-02-10,279982.83126384154
2026-02-11,279982.83126384154
2026-02-12,279982.83126384154
2026-02-13,279957.83126384154
2026-02-17,280457.83126384154
2026-02-18,282116.33126384154
2026-02-19,282116.33126384154
2026-02-20,282116.33126384154
2026-02-23,282116.33126384154
2026-02-24,282116.33126384154
2026-02-25,282116.33126384154
2026-02-26,282116.33126384154
2026-02-27,282116.33126384154
2026-03-02,282116.33126384154
2026-03-03,282116.33126384154
2026-03-04,284678.83126384154
2026-03-05,282641.33126384154
2026-03-06,278066.33126384154
2026-03-09,280928.83126384154
2026-03-10,280241.33126384154
2026-03-11,279853.83126384154
2026-03-12,274753.83126384154
2026-03-13,272678.83126384154
2026-03-16,276116.33126384154
2026-03-17,276937.33126384154
2026-03-18,276937.33126384154
2026-03-19,276937.33126384154
2026-03-20,276937.33126384154
2026-03-23,276937.33126384154
2026-03-24,276937.33126384154
2026-03-25,276937.33126384154
2026-03-26,276937.33126384154
2026-03-27,276937.33126384154
2026-03-30,276937.33126384154
2026-03-31,276937.33126384154
2026-04-01,276937.33126384154
2026-04-02,276937.33126384154
2026-04-06,276937.33126384154
2026-04-07,276937.33126384154
2026-04-08,276937.33126384154
2026-04-09,276937.33126384154
2026-04-10,276937.33126384154
2026-04-13,276937.33126384154
2026-04-14,276937.33126384154
2026-04-15,276937.33126384154
2026-04-16,276937.33126384154
2026-04-17,276937.33126384154
2026-04-20,276937.33126384154
2026-04-21,276937.33126384154
2026-04-22,276937.33126384154
2026-04-23,276937.33126384154
2026-04-24,276937.33126384154
2026-04-27,276937.33126384154
2026-04-28,276937.33126384154
2026-04-29,276937.33126384154
2026-04-30,276937.33126384154
2026-05-01,276937.33126384154
2026-05-04,276937.33126384154
2026-05-05,276937.33126384154
2026-05-06,276937.33126384154
2026-05-07,276937.33126384154
2026-05-08,276937.33126384154
2026-05-11,276937.33126384154
2026-05-12,276937.33126384154
2026-05-13,276937.33126384154
2026-05-14,276937.33126384154
2026-05-15,276937.33126384154
2026-05-18,276937.33126384154
2026-05-19,276937.33126384154
2026-05-20,276937.33126384154
2026-05-21,276937.33126384154
2026-05-22,276937.33126384154
2026-05-26,276937.33126384154
2026-05-27,276937.33126384154
2026-05-28,276937.33126384154
2026-05-29,276937.33126384154
2026-06-01,276937.33126384154
2026-06-02,276937.33126384154
2026-06-03,276937.33126384154
2026-06-04,276937.33126384154
2026-06-05,276937.33126384154
2026-06-08,286277.33126384154
2026-06-09,278359.83126384154
2026-06-10,261387.3312638415
2026-06-11,285477.33126384154
2026-06-12,291329.33126384154
2026-06-15,291329.33126384154
2026-06-16,291329.33126384154
2026-06-17,291329.33126384154
2026-06-18,291329.33126384154
2026-06-22,291329.33126384154
2026-06-23,291329.33126384154
2026-06-24,291329.33126384154
2026-06-25,291329.33126384154
2026-06-26,291329.33126384154
2026-06-29,296225.33126384154
2026-06-30,296225.33126384154
2026-07-01,296225.33126384154
2026-07-02,296225.33126384154
2026-07-06,296225.33126384154
2026-07-07,296225.33126384154
2026-07-08,296225.33126384154
2026-07-09,296225.33126384154
2026-07-10,296225.33126384154
2026-07-13,296225.33126384154
2026-07-14,296225.33126384154
2026-07-15,296225.33126384154
2026-07-16,296225.33126384154
2026-07-17,296225.33126384154
2026-07-20,296335.33126384154
2026-07-21,310141.33126384154
2026-07-22,309866.33126384154
2026-07-23,305103.83126384154
2026-07-24,305228.83126384154
2026-07-27,303421.33126384154
2026-07-28,298911.33126384154
2026-07-29,281611.33126384154
2026-07-30,305588.83126384154
2026-07-31,311213.33126384154
2026-08-03,311213.33126384154
2026-08-04,311213.33126384154
2026-08-05,311213.33126384154
2026-08-06,311213.33126384154
2026-08-07,311213.33126384154
2026-08-10,311213.33126384154
2026-08-11,311213.33126384154
2026-08-12,311213.33126384154
2026-08-13,311213.33126384154
2026-08-14,311213.33126384154
2026-08-17,311213.33126384154
2026-08-18,311213.33126384154
2026-08-19,310498.33126384154
2026-08-20,302928.33126384154
2026-08-21,306110.83126384154
2026-08-24,299395.83126384154
2026-08-25,303928.33126384154
2026-08-26,304083.33126384154
2026-08-27,314790.33126384154
2026-08-28,314790.33126384154
