ts	status	candidate	params	top	train_cagr	train_dd	ret_dd	h1	h2	fwd_cagr	fwd_dd	fwd_bench	note
2026-09-14T16:52:22Z	baseline	strat_momentum	{"abs_mom": false, "lookback": 12, "regime_ma": 10, "stock_ma": 0}	25	27.882	-37.027	0.753	9.736	47.972	12.344	-22.350	14.717	first entry
2026-09-14T16:52:47Z	discard	strat_rsi_pullback	{}	25	12.631	-14.211	0.889	6.098	19.233	12.437	-25.620	14.717	TRAIN 12.63% <= best 27.88%
2026-09-14T16:53:21Z	discard	strat_combo	{"abs_mom": true, "lookback": 9, "regime_ma": 6, "stock_ma": 0}	25	10.114	-7.337	1.378	3.422	16.897	4.367	-19.600	14.717	TRAIN 10.11% <= best 27.88%
2026-09-14T16:53:43Z	discard	strat_combo	{"abs_mom": true, "htf_min": 55, "lookback": 9, "min_recovery": 2.0, "pullback_max": 50, "regime_ma": 6, "rising_bars": 1, "stock_ma": 0}	25	20.869	-29.470	0.708	9.440	32.876	17.845	-16.986	14.717	TRAIN 20.87% <= best 27.88%
2026-09-14T17:54:43Z	discard	strat_softcombo	{"abs_mom": true, "bonus": 0.3, "htf_min": 55, "lookback": 9, "min_recovery": 2.0, "pullback_max": 50, "regime_ma": 6, "rising_bars": 1, "stock_ma": 0}	25	20.350	-39.320	0.518	11.672	29.251	14.896	-17.739	14.717	TRAIN 20.35% <= best 27.88%
2026-09-14T17:55:05Z	discard	strat_newhigh	{"lookback": 9, "max_dist": 0.15, "regime_ma": 6}	25	24.418	-29.494	0.828	24.792	24.061	14.569	-21.248	14.717	TRAIN 24.42% <= best 27.88%
2026-09-14T17:55:27Z	discard	strat_volmom	{"lookback": 9, "regime_ma": 6, "vol_lb": 9}	25	20.390	-25.683	0.794	14.494	26.295	17.390	-15.501	14.717	TRAIN 20.39% <= best 27.88%
2026-09-14T17:56:06Z	discard	strat_softnewhigh	{"bonus": 0.3, "htf_min": 55, "lookback": 9, "max_dist": 0.15, "min_recovery": 2.0, "pullback_max": 50, "regime_ma": 6, "rising_bars": 1}	25	23.136	-23.871	0.969	20.491	25.711	10.977	-29.757	14.717	TRAIN 23.14% <= best 27.88%
2026-09-14T17:56:23Z	discard	strat_momentum	{"abs_mom": true, "lookback": 9, "regime_ma": 6, "stock_ma": 0}	25	23.043	-41.300	0.558	19.141	26.883	14.438	-16.525	14.717	TRAIN 23.04% <= best 27.88%
2026-09-14T17:56:50Z	discard	strat_volmom	{"lookback": 12, "regime_ma": 6, "vol_lb": 12}	25	20.140	-29.416	0.685	9.034	31.781	9.589	-22.424	14.717	TRAIN 20.14% <= best 27.88%
2026-09-14T17:56:59Z	keep	strat_newhigh	{"lookback": 12, "max_dist": 0.1, "regime_ma": 6}	25	32.896	-23.179	1.419	23.624	42.383	18.735	-20.595	14.717	beats best on train
2026-09-14T17:57:11Z	discard	strat_newhigh	{"lookback": 12, "max_dist": 0.1, "regime_ma": 10}	25	32.146	-23.392	1.374	22.593	41.947	19.638	-21.758	14.717	TRAIN 32.15% <= best 32.90%
2026-09-14T17:57:26Z	discard	strat_newhigh	{"lookback": 12, "max_dist": 0.07, "regime_ma": 6}	25	29.780	-24.252	1.228	20.732	39.038	28.827	-16.753	14.717	TRAIN 29.78% <= best 32.90%
2026-09-14T17:57:57Z	discard	strat_volnewhigh	{"lookback": 12, "max_dist": 0.1, "regime_ma": 6, "vol_lb": 9}	25	19.314	-15.180	1.272	16.017	22.546	9.789	-13.191	14.717	TRAIN 19.31% <= best 32.90%
2026-09-14T17:58:26Z	discard	strat_newhigh	{"lookback": 15, "max_dist": 0.1, "regime_ma": 6}	25	28.264	-26.604	1.062	13.416	44.228	28.424	-11.159	14.717	TRAIN 28.26% <= best 32.90%
2026-09-14T17:58:36Z	discard	strat_momentum	{"abs_mom": true, "lookback": 12, "regime_ma": 10, "stock_ma": 6}	25	26.085	-30.447	0.857	18.366	33.912	8.723	-28.099	14.717	TRAIN 26.08% <= best 32.90%
2026-09-14T17:58:53Z	discard	strat_newhigh	{"lookback": 12, "max_dist": 0.12, "regime_ma": 6}	25	31.237	-27.214	1.148	23.630	38.926	16.450	-19.074	14.717	TRAIN 31.24% <= best 32.90%
2026-09-14T17:59:21Z	discard	strat_pullback_trend	{"htf_min": 60, "min_recovery": 3.0, "pullback_max": 45, "rising_bars": 2}	25	11.458	-14.211	0.806	4.538	18.482	11.462	-24.402	14.717	TRAIN 11.46% <= best 32.90%
2026-09-14T17:59:35Z	discard	strat_newhigh	{"lookback": 12, "max_dist": 0.1, "regime_ma": 0}	25	31.912	-46.126	0.692	22.962	41.052	24.572	-38.251	14.717	TRAIN 31.91% <= best 32.90%
2026-09-14T18:00:18Z	discard	strat_breakrec	{"lookback": 12, "max_dist": 0.1, "regime_ma": 6}	25	27.345	-26.174	1.045	25.937	28.702	12.275	-14.414	14.717	TRAIN 27.35% <= best 32.90%
2026-09-14T18:01:03Z	discard	strat_softcombo	{"abs_mom": true, "bonus": 0.6, "htf_min": 55, "lookback": 9, "min_recovery": 2.0, "pullback_max": 50, "regime_ma": 6, "rising_bars": 1, "stock_ma": 0}	25	22.626	-37.695	0.600	10.748	35.136	15.027	-19.286	14.717	TRAIN 22.63% <= best 32.90%
2026-09-14T18:27:18Z	discard	strat_newhigh	{"lookback": 12, "max_dist": 0.1, "regime_ma": 0}	25	31.912	-46.126	0.692	22.962	41.052	24.572	-38.251	14.717	TRAIN 31.91% <= best 32.90%
2026-09-14T19:08:23Z	discard	strat_w50k30b	{}	30	17.144	-19.250	0.891	0.758	35.245	14.167	-15.271	14.717	TRAIN 17.14% <= best 32.90%
2026-09-14T19:20:52Z	discard	strat_newhigh	{"lookback": 12, "max_dist": 0.1, "regime_ma": 6, "trail_k": 0.2}	25	26.875	-18.385	1.462	22.642	31.046	7.688	-21.737	14.717	TRAIN 26.87% <= best 32.90% [cagr] [risk:trail_k=0.2 select:cagr]
2026-09-14T19:21:08Z	discard	strat_newhigh	{"lookback": 12, "max_dist": 0.1, "regime_ma": 6, "trail_k": 0.15}	25	26.421	-20.254	1.304	21.005	31.811	10.464	-20.385	14.717	TRAIN 26.42% <= best 32.90% [cagr] [risk:trail_k=0.15 select:cagr]
2026-09-14T19:21:15Z	discard	strat_newhigh	{"lookback": 12, "max_dist": 0.07, "regime_ma": 6, "trail_k": 0.2}	25	26.875	-18.385	1.462	22.642	31.046	7.688	-21.737	14.717	TRAIN 26.87% <= best 32.90% [cagr] [risk:trail_k=0.2 select:cagr]
2026-09-14T19:21:24Z	discard	strat_newhigh	{"lookback": 15, "max_dist": 0.1, "regime_ma": 6, "trail_k": 0.2}	25	26.288	-20.481	1.284	18.112	34.610	9.805	-20.609	14.717	TRAIN 26.29% <= best 32.90% [cagr] [risk:trail_k=0.2 select:cagr]
2026-09-14T19:21:28Z	discard	strat_newhigh	{"lookback": 12, "max_dist": 0.1, "max_hold": 12, "regime_ma": 6}	25	31.214	-15.924	1.960	24.933	37.496	9.139	-20.612	14.717	TRAIN 31.21% <= best 32.90% [cagr] [risk:max_hold=12 select:cagr]
2026-09-14T19:21:35Z	discard	strat_volmom	{"lookback": 9, "regime_ma": 6, "trail_k": 0.2, "vol_lb": 9}	25	19.766	-25.683	0.770	14.510	25.001	17.390	-15.501	14.717	TRAIN 19.77% <= best 32.90% [cagr] [risk:trail_k=0.2 select:cagr]
2026-09-14T19:21:51Z	discard	strat_combo	{"abs_mom": true, "htf_min": 55, "lookback": 9, "min_recovery": 2.0, "pullback_max": 50, "regime_ma": 6, "rising_bars": 1, "stock_ma": 0, "trail_k": 0.2}	25	20.726	-28.800	0.720	9.565	32.425	17.895	-16.986	14.717	TRAIN 20.73% <= best 32.90% [cagr] [risk:trail_k=0.2 select:cagr]
2026-09-14T19:25:14Z	discard	strat_newhigh	{"lookback": 11, "max_dist": 0.1, "regime_ma": 6}	25	31.542	-16.731	1.885	24.612	38.510	8.245	-21.313	14.717	TRAIN 31.54% <= best 32.90% [cagr] [risk:none select:cagr]
2026-09-14T19:25:18Z	discard	strat_newhigh	{"lookback": 13, "max_dist": 0.1, "regime_ma": 6}	25	29.908	-17.579	1.701	19.910	40.215	10.481	-19.890	14.717	TRAIN 29.91% <= best 32.90% [cagr] [risk:none select:cagr]
2026-09-14T19:25:21Z	discard	strat_newhigh	{"lookback": 10, "max_dist": 0.1, "regime_ma": 6}	25	30.033	-18.758	1.601	22.067	38.112	7.565	-20.936	14.717	TRAIN 30.03% <= best 32.90% [cagr] [risk:none select:cagr]
2026-09-14T19:25:26Z	discard	strat_newhigh	{"lookback": 14, "max_dist": 0.1, "regime_ma": 6}	25	29.303	-16.899	1.734	19.182	39.753	10.651	-19.468	14.717	TRAIN 29.30% <= best 32.90% [cagr] [risk:none select:cagr]
2026-09-14T19:25:40Z	discard	strat_newhigh	{"lookback": 12, "max_dist": 0.09, "regime_ma": 6}	25	31.214	-15.924	1.960	24.933	37.496	9.139	-20.612	14.717	TRAIN 31.21% <= best 32.90% [cagr] [risk:none select:cagr]
2026-09-14T19:25:44Z	discard	strat_newhigh	{"lookback": 12, "max_dist": 0.08, "regime_ma": 6}	25	31.214	-15.924	1.960	24.933	37.496	9.139	-20.612	14.717	TRAIN 31.21% <= best 32.90% [cagr] [risk:none select:cagr]
2026-09-14T19:25:50Z	discard	strat_newhigh	{"lookback": 12, "max_dist": 0.11, "regime_ma": 6}	25	31.214	-15.924	1.960	24.933	37.496	9.139	-20.612	14.717	TRAIN 31.21% <= best 32.90% [cagr] [risk:none select:cagr]
2026-09-14T19:25:54Z	discard	strat_newhigh	{"lookback": 12, "max_dist": 0.1, "regime_ma": 7}	25	30.778	-19.156	1.607	27.226	34.256	12.255	-17.465	14.717	TRAIN 30.78% <= best 32.90% [cagr] [risk:none select:cagr]
2026-09-14T19:25:57Z	keep	strat_newhigh	{"lookback": 12, "max_dist": 0.1, "regime_ma": 5}	25	33.598	-15.924	2.110	26.557	40.676	7.530	-20.612	14.717	beats best on cagr [risk:none select:cagr]
2026-09-14T19:26:01Z	discard	strat_newhigh	{"lookback": 12, "max_dist": 0.1, "regime_ma": 8}	25	29.104	-26.124	1.114	23.914	34.256	11.704	-17.752	14.717	TRAIN 29.10% <= best 33.60% [cagr] [risk:none select:cagr]
2026-09-14T19:27:04Z	discard	strat_newhigh	{"lookback": 12, "max_dist": 0.1, "regime_ma": 6}	25	31.214	-15.924	1.960	24.933	37.496	9.139	-20.612	14.717	TRAIN 31.21% <= best 33.60% [cagr] [risk:none select:cagr]
2026-09-14T19:27:08Z	discard	strat_newhigh	{"lookback": 12, "max_dist": 0.09, "regime_ma": 6}	25	31.214	-15.924	1.960	24.933	37.496	9.139	-20.612	14.717	TRAIN 31.21% <= best 33.60% [cagr] [risk:none select:cagr]
2026-09-14T19:29:33Z	discard	strat_newhigh	{"lookback": 12, "max_dist": 0.1, "max_hold": 9, "regime_ma": 5}	25	33.125	-18.618	1.779	25.031	41.331	7.530	-20.612	14.717	TRAIN 33.13% <= best 33.60% [cagr] [risk:max_hold=9 select:cagr]
2026-09-14T19:29:43Z	discard	strat_newhigh	{"lookback": 12, "max_dist": 0.1, "max_hold": 15, "regime_ma": 5}	25	33.598	-15.924	2.110	26.557	40.676	7.530	-20.612	14.717	TRAIN 33.60% <= best 33.60% [cagr] [risk:max_hold=15 select:cagr]
2026-09-14T19:29:50Z	discard	strat_newhigh	{"lookback": 12, "max_dist": 0.1, "max_hold": 18, "regime_ma": 5}	25	33.598	-15.924	2.110	26.557	40.676	7.530	-20.612	14.717	TRAIN 33.60% <= best 33.60% [cagr] [risk:max_hold=18 select:cagr]
2026-09-14T19:30:00Z	discard	strat_newhigh	{"lookback": 12, "max_dist": 0.1, "regime_ma": 5, "trail_k": 0.25}	25	29.195	-18.318	1.594	24.156	34.191	5.986	-22.390	14.717	TRAIN 29.20% <= best 33.60% [cagr] [risk:trail_k=0.25 select:cagr]
2026-09-14T19:30:11Z	discard	strat_newhigh	{"lookback": 12, "max_dist": 0.1, "regime_ma": 5, "trail_k": 0.3}	25	30.362	-19.557	1.552	23.464	37.298	8.290	-21.543	14.717	TRAIN 30.36% <= best 33.60% [cagr] [risk:trail_k=0.3 select:cagr]
2026-09-14T19:30:44Z	discard	strat_newhigh	{"lookback": 12, "max_dist": 0.1, "regime_ma": 10}	25	30.200	-21.622	1.397	23.914	36.491	9.200	-17.752	14.717	TRAIN 30.20% <= best 33.60% [cagr] [risk:none select:cagr]
2026-09-14T19:30:52Z	discard	strat_newhigh	{"lookback": 12, "max_dist": 0.07, "regime_ma": 6}	25	31.214	-15.924	1.960	24.933	37.496	9.139	-20.612	14.717	TRAIN 31.21% <= best 33.60% [cagr] [risk:none select:cagr]
2026-09-14T19:30:56Z	discard	strat_newhigh	{"lookback": 12, "max_dist": 0.12, "regime_ma": 6}	25	31.214	-15.924	1.960	24.933	37.496	9.139	-20.612	14.717	TRAIN 31.21% <= best 33.60% [cagr] [risk:none select:cagr]
2026-09-14T19:31:01Z	keep	strat_newhigh	{"lookback": 11, "max_dist": 0.1, "regime_ma": 5}	25	33.794	-16.731	2.020	26.232	41.426	6.528	-21.313	14.717	beats best on cagr [risk:none select:cagr]
2026-09-14T19:31:08Z	discard	strat_newhigh	{"lookback": 13, "max_dist": 0.1, "regime_ma": 5}	25	32.218	-17.579	1.833	21.469	43.351	8.976	-19.890	14.717	TRAIN 32.22% <= best 33.79% [cagr] [risk:none select:cagr]
2026-09-14T19:31:43Z	discard	strat_newhigh	{"lookback": 10, "max_dist": 0.1, "regime_ma": 5}	25	31.983	-18.758	1.705	23.686	40.411	5.583	-20.936	14.717	TRAIN 31.98% <= best 33.79% [cagr] [risk:none select:cagr]
2026-09-14T19:31:46Z	discard	strat_newhigh	{"lookback": 11, "max_dist": 0.1, "max_hold": 9, "regime_ma": 5}	25	33.338	-17.223	1.936	25.685	41.069	6.528	-21.313	14.717	TRAIN 33.34% <= best 33.79% [cagr] [risk:max_hold=9 select:cagr]
2026-09-14T19:32:16Z	discard	strat_newhigh_tier	{"lookback": 11, "max_dist": 0.1, "regime_ma": 5}	25	25.503	-17.857	1.428	18.940	32.098	8.308	-17.407	14.717	TRAIN 25.50% <= best 33.79% [cagr] [risk:none select:cagr]
2026-09-14T19:33:32Z	discard	strat_newhigh	{"lookback": 15, "max_dist": 0.1, "regime_ma": 6}	25	30.024	-16.899	1.777	20.217	40.120	9.889	-19.468	14.717	TRAIN 30.02% <= best 33.79% [cagr] [risk:none select:cagr]
2026-09-14T19:33:35Z	discard	strat_newhigh	{"lookback": 12, "max_dist": 0.07, "regime_ma": 6}	25	31.214	-15.924	1.960	24.933	37.496	9.139	-20.612	14.717	TRAIN 31.21% <= best 33.79% [cagr] [risk:none select:cagr]
2026-09-14T19:33:39Z	discard	strat_volmom	{"lookback": 9, "regime_ma": 6, "vol_lb": 9}	25	20.390	-25.683	0.794	14.494	26.295	17.390	-15.501	14.717	TRAIN 20.39% <= best 33.79% [cagr] [risk:none select:cagr]
2026-09-14T19:33:50Z	discard	strat_combo	{"abs_mom": true, "htf_min": 55, "lookback": 9, "min_recovery": 2.0, "pullback_max": 50, "regime_ma": 6, "rising_bars": 1, "stock_ma": 0}	25	20.869	-29.470	0.708	9.440	32.876	17.845	-16.986	14.717	TRAIN 20.87% <= best 33.79% [cagr] [risk:none select:cagr]
2026-09-14T19:34:00Z	discard	strat_w50k30b	{}	30	17.144	-19.250	0.891	0.758	35.245	14.167	-15.271	14.717	TRAIN 17.14% <= best 33.79% [cagr] [risk:none select:cagr]
2026-09-15T02:37:47Z	discard	strat_floorlift	{}	25	20.184	-32.137	0.628	8.622	32.352	17.237	-26.443	14.717	TRAIN 20.18% <= best 33.79% [cagr] [risk:none select:cagr]
2026-09-15T02:37:54Z	discard	strat_volsqueeze	{}	25	20.859	-23.022	0.906	11.452	30.567	9.118	-21.805	14.717	TRAIN 20.86% <= best 33.79% [cagr] [risk:none select:cagr]
2026-09-15T02:37:57Z	discard	strat_accel	{}	25	10.854	-59.456	0.183	11.222	10.505	13.834	-20.512	14.717	TRAIN 10.85% <= best 33.79% [cagr] [risk:none select:cagr]
2026-09-15T02:38:09Z	discard	strat_liqtrend	{}	25	24.344	-25.221	0.965	29.077	19.992	5.280	-26.668	14.717	TRAIN 24.34% <= best 33.79% [cagr] [risk:none select:cagr]
2026-09-15T02:38:28Z	discard	strat_floorlift	{"floor_lb": 24}	25	36.641	-29.705	1.233	25.602	48.069	17.271	-29.505	14.717	DD -29.7% breaches floor/slack [risk:none select:cagr]
2026-09-15T02:38:34Z	discard	strat_floorlift	{"weak_exp": 0.4}	25	19.858	-39.389	0.504	10.574	29.435	20.220	-22.929	14.717	TRAIN 19.86% <= best 33.79% [cagr] [risk:none select:cagr]
2026-09-15T02:38:39Z	discard	strat_volsqueeze	{"weak_exp": 0.4}	25	19.855	-35.423	0.560	12.568	27.241	10.105	-25.737	14.717	TRAIN 19.85% <= best 33.79% [cagr] [risk:none select:cagr]
2026-09-15T02:39:10Z	discard	strat_floorhigh	{"floor_lb": 24, "lookback": 11, "max_dist": 0.1, "regime_ma": 5}	25	44.591	-26.857	1.660	33.955	55.517	17.065	-31.104	14.717	DD -26.9% breaches floor/slack [risk:none select:cagr]
2026-09-15T02:39:14Z	discard	strat_floorhigh	{"floor_lb": 36, "lookback": 11, "max_dist": 0.1, "regime_ma": 5}	25	37.376	-27.800	1.344	18.837	57.740	16.884	-26.324	14.717	DD -27.8% breaches floor/slack [risk:none select:cagr]
2026-09-15T02:39:28Z	discard	strat_floorhigh	{"floor_lb": 24, "lookback": 11, "max_dist": 0.1, "regime_ma": 5, "trail_k": 0.2}	25	34.140	-26.894	1.269	27.682	40.601	12.145	-31.446	14.717	DD -26.9% breaches floor/slack [risk:trail_k=0.2 select:cagr]
2026-09-15T02:39:33Z	discard	strat_floorhigh	{"floor_lb": 24, "lookback": 11, "max_dist": 0.1, "max_hold": 9, "regime_ma": 5}	25	44.456	-28.477	1.561	32.562	56.789	16.660	-31.104	14.717	DD -28.5% breaches floor/slack [risk:max_hold=9 select:cagr]
2026-09-15T02:39:46Z	discard	strat_floorlift	{"floor_lb": 24, "trail_k": 0.25}	25	34.649	-27.504	1.260	23.741	45.943	16.857	-28.019	14.717	DD -27.5% breaches floor/slack [risk:trail_k=0.25 select:cagr]
2026-09-15T02:52:45Z	discard	strat_newhigh	{"lookback": 15, "max_dist": 0.1, "regime_ma": 6}	25	30.024	-16.899	1.777	20.217	40.120	9.889	-19.468	14.717	TRAIN 30.02% <= best 33.79% [cagr] [risk:none select:cagr]
2026-09-15T02:56:22Z	discard	strat_newhigh	{"lookback": 15, "max_dist": 0.1, "regime_ma": 6, "trail_k": 0.1}	25	25.249	-21.382	1.181	18.439	32.108	11.336	-19.088	14.717	TRAIN 25.25% <= best 33.79% [cagr] [risk:trail_k=0.1 select:cagr]
2026-09-15T02:56:32Z	discard	strat_newhigh	{"lookback": 15, "max_dist": 0.1, "regime_ma": 6, "trail_k": 0.15}	25	24.576	-21.183	1.160	16.651	32.633	10.905	-19.237	14.717	TRAIN 24.58% <= best 33.79% [cagr] [risk:trail_k=0.15 select:cagr]
2026-09-15T02:56:41Z	discard	strat_newhigh	{"lookback": 15, "max_dist": 0.1, "regime_ma": 6, "trail_k": 0.2}	25	26.288	-20.481	1.284	18.112	34.610	9.805	-20.609	14.717	TRAIN 26.29% <= best 33.79% [cagr] [risk:trail_k=0.2 select:cagr]
2026-09-15T02:56:49Z	discard	strat_newhigh	{"lookback": 15, "max_dist": 0.1, "regime_ma": 6, "trail_k": 0.25}	25	27.287	-20.867	1.308	18.767	35.979	8.937	-21.272	14.717	TRAIN 27.29% <= best 33.79% [cagr] [risk:trail_k=0.25 select:cagr]
2026-09-15T02:56:58Z	discard	strat_newhigh	{"lookback": 15, "max_dist": 0.1, "regime_ma": 6, "trail_k": 0.3}	25	29.114	-20.916	1.392	18.985	39.573	10.794	-20.413	14.717	TRAIN 29.11% <= best 33.79% [cagr] [risk:trail_k=0.3 select:cagr]
2026-09-15T03:11:51Z	discard	strat_newhigh	{"lookback": 15, "max_dist": 0.1, "regime_ma": 6, "trail_k": 0.05}	25	31.977	-22.017	1.452	22.014	42.234	11.500	-20.168	14.717	TRAIN 31.98% <= best 33.79% [cagr] [risk:trail_k=0.05 select:cagr]
2026-09-15T03:12:02Z	discard	strat_floorsqueeze	{"floor_lb": 24, "lookback": 11, "max_dist": 0.1, "regime_ma": 5}	25	37.600	-28.229	1.332	28.335	47.056	12.696	-31.855	14.717	DD -28.2% breaches floor/slack [risk:none select:cagr]
2026-09-15T03:12:12Z	discard	strat_floorlift	{"weak_exp": 0.4}	25	19.858	-39.389	0.504	10.574	29.435	20.220	-22.929	14.717	TRAIN 19.86% <= best 33.79% [cagr] [risk:none select:cagr]
2026-09-15T03:12:16Z	discard	strat_floorhigh	{"floor_lb": 24, "lookback": 11, "max_dist": 0.1, "regime_ma": 5}	25	44.591	-26.857	1.660	33.955	55.517	17.065	-31.104	14.717	DD -26.9% breaches floor/slack [risk:none select:cagr]
2026-09-15T03:12:20Z	discard	strat_newhigh	{"lookback": 15, "max_dist": 0.1, "regime_ma": 6}	25	30.024	-16.899	1.777	20.217	40.120	9.889	-19.468	14.717	TRAIN 30.02% <= best 33.79% [cagr] [risk:none select:cagr]
2026-09-15T03:12:24Z	discard	strat_floorhigh	{"floor_lb": 24, "lookback": 11, "max_dist": 0.1, "regime_ma": 5, "weak_exp": 0.4}	25	41.313	-40.540	1.019	32.338	50.438	24.254	-28.880	14.717	DD -40.5% breaches floor/slack [risk:none select:cagr]
2026-09-15T03:12:27Z	discard	strat_floorsqueeze	{"floor_lb": 24, "lookback": 11, "max_dist": 0.1, "regime_ma": 5}	25	37.600	-28.229	1.332	28.335	47.056	12.696	-31.855	14.717	DD -28.2% breaches floor/slack [risk:none select:cagr]
2026-09-15T03:12:31Z	discard	strat_floorsqueeze	{"floor_lb": 24, "lookback": 11, "max_dist": 0.1, "regime_ma": 5, "weak_exp": 0.4}	25	36.609	-30.804	1.188	28.422	44.901	18.397	-27.750	14.717	DD -30.8% breaches floor/slack [risk:none select:cagr]
2026-09-15T03:12:35Z	discard	strat_highsqueeze	{"lookback": 11, "max_dist": 0.1, "regime_ma": 5}	25	29.864	-19.363	1.542	23.159	36.597	8.462	-18.669	14.717	TRAIN 29.86% <= best 33.79% [cagr] [risk:none select:cagr]
2026-09-15T03:12:39Z	discard	strat_highsqueeze	{"lookback": 11, "max_dist": 0.1, "regime_ma": 5, "weak_exp": 0.4}	25	28.599	-20.917	1.367	23.180	33.987	11.305	-17.467	14.717	TRAIN 28.60% <= best 33.79% [cagr] [risk:none select:cagr]
2026-09-15T03:12:42Z	discard	strat_flooraccel	{"floor_lb": 24, "regime_ma": 5}	25	37.451	-29.705	1.261	28.728	46.318	10.768	-29.505	14.717	DD -29.7% breaches floor/slack [risk:none select:cagr]
2026-09-15T03:12:46Z	discard	strat_flooraccel	{"floor_lb": 24, "regime_ma": 5, "weak_exp": 0.4}	25	36.063	-33.190	1.087	28.935	43.227	16.094	-27.095	14.717	DD -33.2% breaches floor/slack [risk:none select:cagr]
2026-09-15T03:13:00Z	discard	strat_floorhigh	{"floor_lb": 24, "lookback": 11, "max_dist": 0.1, "regime_ma": 5, "trail_k": 0.05, "weak_exp": 0.4}	25	30.647	-48.360	0.634	26.235	34.998	15.378	-38.363	14.717	TRAIN 30.65% <= best 33.79% [cagr] [risk:trail_k=0.05 select:cagr]
2026-09-15T03:13:10Z	discard	strat_floorhigh	{"floor_lb": 24, "lookback": 11, "max_dist": 0.1, "regime_ma": 5, "trail_k": 0.1, "weak_exp": 0.4}	25	29.924	-46.717	0.641	25.769	34.013	21.570	-30.068	14.717	TRAIN 29.92% <= best 33.79% [cagr] [risk:trail_k=0.1 select:cagr]
2026-09-15T03:13:20Z	discard	strat_floorhigh	{"floor_lb": 24, "lookback": 11, "max_dist": 0.1, "regime_ma": 5, "trail_k": 0.2, "weak_exp": 0.4}	25	30.147	-44.874	0.672	26.438	33.785	18.393	-29.160	14.717	TRAIN 30.15% <= best 33.79% [cagr] [risk:trail_k=0.2 select:cagr]
2026-09-15T03:13:29Z	discard	strat_floorhigh	{"floor_lb": 24, "lookback": 11, "max_dist": 0.1, "regime_ma": 5, "trail_k": 0.3, "weak_exp": 0.4}	25	33.464	-41.444	0.807	32.018	34.857	18.363	-27.249	14.717	TRAIN 33.46% <= best 33.79% [cagr] [risk:trail_k=0.3 select:cagr]
2026-09-15T03:13:32Z	discard	strat_floorhigh	{"floor_lb": 24, "lookback": 11, "max_dist": 0.1, "max_hold": 9, "regime_ma": 5, "weak_exp": 0.4}	25	41.641	-40.651	1.024	30.874	52.731	24.472	-28.634	14.717	DD -40.7% breaches floor/slack [risk:max_hold=9 select:cagr]
2026-09-15T03:13:36Z	discard	strat_floorhigh	{"floor_lb": 24, "lookback": 11, "max_dist": 0.1, "max_hold": 12, "regime_ma": 5, "weak_exp": 0.4}	25	40.367	-40.828	0.989	32.228	48.595	23.838	-28.880	14.717	DD -40.8% breaches floor/slack [risk:max_hold=12 select:cagr]
2026-09-15T03:13:48Z	discard	strat_floorlift	{"trail_k": 0.05, "weak_exp": 0.4}	25	20.145	-45.946	0.438	4.618	37.092	18.714	-33.776	14.717	TRAIN 20.15% <= best 33.79% [cagr] [risk:trail_k=0.05 select:cagr]
2026-09-15T03:13:57Z	discard	strat_floorlift	{"trail_k": 0.1, "weak_exp": 0.4}	25	21.037	-41.761	0.504	8.056	34.865	16.118	-29.964	14.717	TRAIN 21.04% <= best 33.79% [cagr] [risk:trail_k=0.1 select:cagr]
2026-09-15T03:14:05Z	discard	strat_floorlift	{"trail_k": 0.2, "weak_exp": 0.4}	25	24.954	-40.898	0.610	9.789	41.360	13.702	-30.133	14.717	TRAIN 24.95% <= best 33.79% [cagr] [risk:trail_k=0.2 select:cagr]
2026-09-15T03:14:13Z	discard	strat_floorlift	{"trail_k": 0.3, "weak_exp": 0.4}	25	17.252	-44.425	0.388	9.229	25.450	15.859	-23.340	14.717	TRAIN 17.25% <= best 33.79% [cagr] [risk:trail_k=0.3 select:cagr]
2026-09-15T03:14:17Z	discard	strat_floorlift	{"max_hold": 9, "weak_exp": 0.4}	25	22.964	-39.276	0.585	11.043	35.520	20.350	-27.033	14.717	TRAIN 22.96% <= best 33.79% [cagr] [risk:max_hold=9 select:cagr]
2026-09-15T03:14:21Z	discard	strat_floorlift	{"max_hold": 12, "weak_exp": 0.4}	25	22.069	-37.438	0.589	8.626	36.434	22.508	-23.483	14.717	TRAIN 22.07% <= best 33.79% [cagr] [risk:max_hold=12 select:cagr]
2026-09-15T03:14:30Z	discard	strat_floorsqueeze	{"floor_lb": 24, "lookback": 11, "max_dist": 0.1, "regime_ma": 5, "trail_k": 0.1, "weak_exp": 0.4}	25	30.479	-40.202	0.758	25.635	35.272	10.348	-33.661	14.717	TRAIN 30.48% <= best 33.79% [cagr] [risk:trail_k=0.1 select:cagr]
2026-09-15T03:14:38Z	discard	strat_floorsqueeze	{"floor_lb": 24, "lookback": 11, "max_dist": 0.1, "regime_ma": 5, "trail_k": 0.3, "weak_exp": 0.4}	25	28.887	-35.902	0.805	24.826	32.883	14.445	-28.255	14.717	TRAIN 28.89% <= best 33.79% [cagr] [risk:trail_k=0.3 select:cagr]
2026-09-15T03:14:42Z	discard	strat_floorsqueeze	{"floor_lb": 24, "lookback": 11, "max_dist": 0.1, "max_hold": 9, "regime_ma": 5, "weak_exp": 0.4}	25	39.229	-29.866	1.314	29.312	49.392	18.836	-27.345	14.717	DD -29.9% breaches floor/slack [risk:max_hold=9 select:cagr]
2026-09-15T03:14:46Z	discard	strat_floorsqueeze	{"floor_lb": 24, "lookback": 11, "max_dist": 0.1, "max_hold": 12, "regime_ma": 5, "weak_exp": 0.4}	25	36.118	-30.626	1.179	27.275	45.121	18.264	-27.750	14.717	DD -30.6% breaches floor/slack [risk:max_hold=12 select:cagr]
2026-09-15T03:15:05Z	discard	strat_volfloor	{"floor_lb": 24, "regime_ma": 5}	25	33.091	-24.625	1.344	18.841	48.266	8.871	-21.017	14.717	TRAIN 33.09% <= best 33.79% [cagr] [risk:none select:cagr]
2026-09-15T03:15:09Z	discard	strat_volfloor	{"floor_lb": 24, "regime_ma": 5, "weak_exp": 0.4}	25	31.488	-24.534	1.283	18.481	45.217	11.849	-18.789	14.717	TRAIN 31.49% <= best 33.79% [cagr] [risk:none select:cagr]
2026-09-15T03:15:12Z	discard	strat_volfloor	{"floor_lb": 24, "max_hold": 12, "regime_ma": 5, "weak_exp": 0.4}	25	31.488	-24.534	1.283	18.481	45.217	11.849	-18.789	14.717	TRAIN 31.49% <= best 33.79% [cagr] [risk:max_hold=12 select:cagr]
2026-09-15T03:15:17Z	discard	strat_floorbreadth	{"floor_lb": 24, "lookback": 11, "max_dist": 0.1, "regime_ma": 5}	25	29.118	-30.538	0.953	21.834	36.469	12.193	-26.799	14.717	TRAIN 29.12% <= best 33.79% [cagr] [risk:none select:cagr]
2026-09-15T03:15:21Z	discard	strat_floorhigh	{"floor_lb": 36, "lookback": 11, "max_dist": 0.1, "regime_ma": 5, "weak_exp": 0.4}	25	34.424	-36.720	0.937	17.603	52.700	23.090	-25.396	14.717	DD -36.7% breaches floor/slack [risk:none select:cagr]
2026-09-15T03:15:25Z	discard	strat_highsqueeze	{"lookback": 15, "max_dist": 0.1, "regime_ma": 6, "weak_exp": 0.4}	25	27.750	-20.117	1.379	20.873	34.671	12.950	-17.638	14.717	TRAIN 27.75% <= best 33.79% [cagr] [risk:none select:cagr]
2026-09-15T03:15:29Z	discard	strat_floorsqueeze	{"floor_lb": 36, "lookback": 11, "max_dist": 0.1, "regime_ma": 5, "weak_exp": 0.4}	25	22.736	-33.887	0.671	8.675	37.834	18.553	-30.846	14.717	TRAIN 22.74% <= best 33.79% [cagr] [risk:none select:cagr]
2026-09-15T03:15:32Z	discard	strat_floorhigh	{"floor_lb": 24, "lookback": 15, "max_dist": 0.1, "regime_ma": 6, "weak_exp": 0.4}	25	40.547	-43.263	0.937	31.483	49.771	29.330	-28.825	14.717	DD -43.3% breaches floor/slack [risk:none select:cagr]
2026-09-15T03:15:41Z	discard	strat_floorhigh	{"floor_lb": 24, "lookback": 15, "max_dist": 0.1, "max_hold": 9, "regime_ma": 6, "weak_exp": 0.4}	25	40.982	-43.926	0.933	30.048	52.262	28.671	-28.579	14.717	DD -43.9% breaches floor/slack [risk:max_hold=9 select:cagr]
2026-09-15T03:15:46Z	discard	strat_floorhigh	{"floor_lb": 24, "lookback": 15, "max_dist": 0.1, "max_hold": 12, "regime_ma": 6, "weak_exp": 0.4}	25	40.014	-43.538	0.919	31.373	48.781	28.897	-28.825	14.717	DD -43.5% breaches floor/slack [risk:max_hold=12 select:cagr]
2026-09-15T03:16:01Z	discard	strat_floorhigh	{"floor_lb": 24, "lookback": 15, "max_dist": 0.1, "regime_ma": 6, "trail_k": 0.1, "weak_exp": 0.4}	25	28.315	-52.032	0.544	25.920	30.641	24.077	-31.360	14.717	TRAIN 28.32% <= best 33.79% [cagr] [risk:trail_k=0.1 select:cagr]
2026-09-15T03:16:09Z	discard	strat_floorhigh	{"floor_lb": 24, "lookback": 15, "max_dist": 0.1, "regime_ma": 6, "trail_k": 0.3, "weak_exp": 0.4}	25	31.001	-43.934	0.706	28.621	33.312	23.768	-27.086	14.717	TRAIN 31.00% <= best 33.79% [cagr] [risk:trail_k=0.3 select:cagr]
2026-09-15T03:16:13Z	discard	strat_floorhigh	{"floor_lb": 36, "lookback": 11, "max_dist": 0.1, "max_hold": 12, "regime_ma": 5, "weak_exp": 0.4}	25	34.671	-36.720	0.944	18.359	52.313	23.334	-25.579	14.717	DD -36.7% breaches floor/slack [risk:max_hold=12 select:cagr]
2026-09-15T03:16:16Z	discard	strat_floorhigh	{"floor_lb": 24, "lookback": 15, "max_dist": 0.1, "regime_ma": 6}	25	43.393	-31.498	1.378	31.591	55.631	24.847	-31.050	14.717	DD -31.5% breaches floor/slack [risk:none select:cagr]
2026-09-15T03:16:35Z	discard	strat_floorhighsq	{"floor_lb": 24, "lookback": 15, "max_dist": 0.1, "regime_ma": 6, "weak_exp": 0.4}	25	40.973	-40.068	1.023	29.567	52.783	28.453	-28.825	14.717	DD -40.1% breaches floor/slack [risk:none select:cagr]
2026-09-15T03:16:39Z	discard	strat_floorhighsq	{"floor_lb": 24, "lookback": 11, "max_dist": 0.1, "regime_ma": 5, "weak_exp": 0.4}	25	41.569	-37.692	1.103	31.455	51.936	23.467	-28.825	14.717	DD -37.7% breaches floor/slack [risk:none select:cagr]
2026-09-15T03:16:43Z	discard	strat_floorhigh	{"floor_lb": 24, "lookback": 15, "max_dist": 0.15, "regime_ma": 6, "weak_exp": 0.4}	25	36.545	-42.035	0.869	23.909	49.791	25.299	-30.022	14.717	DD -42.0% breaches floor/slack [risk:none select:cagr]
2026-09-15T03:16:46Z	discard	strat_floorhigh	{"floor_lb": 24, "lookback": 15, "max_dist": 0.07, "regime_ma": 6, "weak_exp": 0.4}	25	43.796	-41.258	1.062	31.200	56.932	30.927	-29.626	14.717	DD -41.3% breaches floor/slack [risk:none select:cagr]
2026-09-15T03:16:50Z	discard	strat_floorhigh	{"floor_lb": 24, "lookback": 12, "max_dist": 0.1, "regime_ma": 6, "weak_exp": 0.4}	25	41.429	-42.053	0.985	31.483	51.612	28.847	-28.880	14.717	DD -42.1% breaches floor/slack [risk:none select:cagr]
2026-09-15T03:16:53Z	discard	strat_floorhigh	{"floor_lb": 24, "lookback": 18, "max_dist": 0.1, "regime_ma": 6, "weak_exp": 0.4}	25	40.754	-42.445	0.960	31.483	50.202	29.464	-28.160	14.717	DD -42.4% breaches floor/slack [risk:none select:cagr]
2026-09-15T03:17:04Z	discard	strat_floorhigh	{"floor_lb": 24, "lookback": 15, "max_dist": 0.07, "regime_ma": 6}	25	47.150	-29.102	1.620	32.470	62.659	26.404	-31.145	14.717	DD -29.1% breaches floor/slack [risk:none select:cagr]
2026-09-15T03:17:08Z	discard	strat_floorhigh	{"floor_lb": 24, "lookback": 15, "max_dist": 0.07, "max_hold": 12, "regime_ma": 6, "weak_exp": 0.4}	25	43.598	-41.064	1.062	31.326	56.366	30.523	-29.626	14.717	DD -41.1% breaches floor/slack [risk:max_hold=12 select:cagr]
2026-09-15T03:17:34Z	discard	strat_floorhigh	{"floor_lb": 24, "lookback": 15, "max_dist": 0.07, "regime_ma": 5, "weak_exp": 0.4}	25	44.207	-40.073	1.103	33.412	55.313	25.629	-29.626	14.717	DD -40.1% breaches floor/slack [risk:none select:cagr]
2026-09-15T03:17:38Z	discard	strat_floorhigh	{"floor_lb": 24, "lookback": 15, "max_dist": 0.07, "regime_ma": 10, "weak_exp": 0.4}	25	43.118	-45.022	0.958	29.599	57.320	34.029	-24.387	14.717	DD -45.0% breaches floor/slack [risk:none select:cagr]
2026-09-15T03:25:30Z	discard	strat_floorhigh	{"floor_lb": 24, "lookback": 15, "max_dist": 0.07, "regime_ma": 8, "weak_exp": 0.4}	25	42.536	-46.567	0.913	29.599	56.073	35.511	-24.387	14.717	DD -46.6% breaches floor/slack [risk:none select:cagr]
2026-09-15T03:25:37Z	discard	strat_floorhigh	{"floor_lb": 24, "lookback": 15, "max_dist": 0.07, "regime_ma": 12, "weak_exp": 0.4}	25	45.705	-38.629	1.183	29.757	62.734	31.775	-27.491	14.717	DD -38.6% breaches floor/slack [risk:none select:cagr]
2026-09-15T03:25:41Z	discard	strat_floorhigh	{"floor_lb": 24, "lookback": 15, "max_dist": 0.07, "regime_ma": 14, "weak_exp": 0.4}	25	46.607	-35.919	1.298	31.408	62.734	31.964	-27.491	14.717	DD -35.9% breaches floor/slack [risk:none select:cagr]
2026-09-15T03:25:45Z	discard	strat_floorhigh	{"floor_lb": 18, "lookback": 15, "max_dist": 0.07, "regime_ma": 10, "weak_exp": 0.4}	25	45.570	-49.145	0.927	40.308	50.771	54.983	-17.778	14.717	DD -49.1% breaches floor/slack [risk:none select:cagr]
2026-09-15T03:25:49Z	discard	strat_floorhigh	{"floor_lb": 30, "lookback": 15, "max_dist": 0.07, "regime_ma": 10, "weak_exp": 0.4}	25	36.904	-42.992	0.858	21.337	53.602	32.703	-21.393	14.717	DD -43.0% breaches floor/slack [risk:none select:cagr]
2026-09-15T03:25:56Z	discard	strat_floorhigh	{"floor_lb": 24, "lookback": 15, "max_dist": 0.05, "regime_ma": 10, "weak_exp": 0.4}	25	43.420	-45.055	0.964	29.140	58.503	36.841	-21.255	14.717	DD -45.1% breaches floor/slack [risk:none select:cagr]
2026-09-15T03:26:01Z	discard	strat_floorhigh	{"floor_lb": 24, "lookback": 15, "max_dist": 0.12, "regime_ma": 10, "weak_exp": 0.4}	25	36.939	-45.515	0.812	26.914	47.234	26.805	-25.023	14.717	DD -45.5% breaches floor/slack [risk:none select:cagr]
2026-09-15T03:26:06Z	discard	strat_floorhigh	{"floor_lb": 24, "lookback": 10, "max_dist": 0.07, "regime_ma": 10, "weak_exp": 0.4}	25	43.426	-44.511	0.976	29.369	58.251	32.811	-24.325	14.717	DD -44.5% breaches floor/slack [risk:none select:cagr]
2026-09-15T03:26:09Z	discard	strat_floorhigh	{"floor_lb": 24, "lookback": 21, "max_dist": 0.07, "regime_ma": 10, "weak_exp": 0.4}	25	42.556	-40.502	1.051	29.752	55.940	33.192	-23.422	14.717	DD -40.5% breaches floor/slack [risk:none select:cagr]
2026-09-15T03:26:17Z	discard	strat_floorhigh	{"floor_lb": 18, "lookback": 15, "max_dist": 0.05, "regime_ma": 10, "weak_exp": 0.4}	25	48.865	-46.947	1.041	41.358	56.394	56.295	-17.865	14.717	DD -46.9% breaches floor/slack [risk:none select:cagr]
2026-09-15T03:26:22Z	discard	strat_floorhigh	{"floor_lb": 18, "lookback": 15, "max_dist": 0.07, "regime_ma": 8, "weak_exp": 0.4}	25	44.624	-51.414	0.868	40.308	48.862	56.045	-17.778	14.717	DD -51.4% breaches floor/slack [risk:none select:cagr]
2026-09-15T03:26:26Z	discard	strat_floorhigh	{"floor_lb": 18, "lookback": 21, "max_dist": 0.07, "regime_ma": 10, "weak_exp": 0.4}	25	45.747	-44.428	1.030	40.037	51.409	55.282	-17.042	14.717	DD -44.4% breaches floor/slack [risk:none select:cagr]
2026-09-15T03:26:29Z	discard	strat_floorhigh	{"floor_lb": 12, "lookback": 15, "max_dist": 0.07, "regime_ma": 10, "weak_exp": 0.4}	25	44.234	-52.932	0.836	40.917	47.469	60.200	-20.066	14.717	DD -52.9% breaches floor/slack [risk:none select:cagr]
2026-09-15T03:26:34Z	discard	strat_floorhigh	{"floor_lb": 15, "lookback": 15, "max_dist": 0.07, "regime_ma": 10, "weak_exp": 0.4}	25	45.957	-53.861	0.853	46.109	45.814	56.185	-22.649	14.717	DD -53.9% breaches floor/slack [risk:none select:cagr]
2026-09-15T03:26:39Z	discard	strat_floorhigh	{"floor_lb": 21, "lookback": 15, "max_dist": 0.07, "regime_ma": 10, "weak_exp": 0.4}	25	43.342	-51.951	0.834	30.581	56.669	42.734	-17.260	14.717	DD -52.0% breaches floor/slack [risk:none select:cagr]
2026-09-15T03:27:09Z	discard	strat_floorliq	{"floor_lb": 24, "regime_ma": 6, "weak_exp": 0.4}	25	35.530	-32.761	1.085	26.864	44.343	22.488	-27.750	14.717	DD -32.8% breaches floor/slack [risk:none select:cagr]
2026-09-15T03:27:21Z	discard	strat_highliq	{"lookback": 15, "max_dist": 0.1, "regime_ma": 6, "weak_exp": 0.4}	25	26.762	-21.567	1.241	20.329	33.215	10.591	-17.638	14.717	TRAIN 26.76% <= best 33.79% [cagr] [risk:none select:cagr]
2026-09-15T03:27:43Z	discard	strat_floorliq	{"floor_lb": 18, "regime_ma": 10, "weak_exp": 0.4}	25	33.019	-48.882	0.675	33.879	32.204	31.477	-28.086	14.717	TRAIN 33.02% <= best 33.79% [cagr] [risk:none select:cagr]
2026-09-15T03:27:47Z	discard	strat_volfloor	{"floor_lb": 18, "regime_ma": 10, "trend_lb": 12, "vol_lb": 6, "weak_exp": 0.4}	25	24.467	-27.838	0.879	15.671	33.476	24.998	-19.575	14.717	TRAIN 24.47% <= best 33.79% [cagr] [risk:none select:cagr]
2026-09-15T03:27:51Z	discard	strat_flooraccel	{"fast": 6, "floor_lb": 18, "regime_ma": 10, "slow": 12, "weak_exp": 0.4}	25	31.585	-53.236	0.593	31.008	32.137	26.010	-27.760	14.717	TRAIN 31.58% <= best 33.79% [cagr] [risk:none select:cagr]
2026-09-15T03:28:03Z	discard	strat_floorbreadth	{"floor_lb": 18, "lookback": 15, "max_dist": 0.07, "regime_ma": 10}	25	32.745	-30.053	1.090	22.365	43.461	20.478	-32.084	14.717	TRAIN 32.75% <= best 33.79% [cagr] [risk:none select:cagr]
2026-09-15T03:28:06Z	discard	strat_accel	{"fast": 6, "regime_ma": 6, "slow": 12, "weak_exp": 0.4}	25	18.932	-47.254	0.401	19.570	18.328	18.492	-21.450	14.717	TRAIN 18.93% <= best 33.79% [cagr] [risk:none select:cagr]
2026-09-15T03:28:10Z	discard	strat_floorhigh	{"floor_lb": 18, "lookback": 15, "max_dist": 0.07, "regime_ma": 0, "weak_exp": 0.4}	25	40.550	-61.742	0.657	40.874	40.243	62.300	-21.329	14.717	DD -61.7% breaches floor/slack [risk:none select:cagr]
2026-09-15T03:28:24Z	discard	strat_floorhightier	{"floor_lb": 18, "lookback": 15, "max_dist": 0.07, "regime_ma": 10}	25	44.663	-30.061	1.486	30.596	59.484	42.131	-19.820	14.717	DD -30.1% breaches floor/slack [risk:none select:cagr]
2026-09-15T03:28:27Z	discard	strat_floorhightier	{"floor_lb": 24, "lookback": 15, "max_dist": 0.07, "regime_ma": 10, "weak_exp": 0.4}	25	42.164	-26.646	1.582	21.523	65.102	24.288	-26.616	14.717	DD -26.6% breaches floor/slack [risk:none select:cagr]
2026-09-15T03:28:53Z	discard	strat_floorhigh	{"floor_lb": 9, "lookback": 15, "max_dist": 0.07, "regime_ma": 10, "weak_exp": 0.4}	25	46.594	-50.356	0.925	44.687	48.436	58.577	-18.653	14.717	DD -50.4% breaches floor/slack [risk:none select:cagr]
2026-09-15T03:28:57Z	discard	strat_floorhigh	{"floor_lb": 6, "lookback": 15, "max_dist": 0.07, "regime_ma": 10, "weak_exp": 0.4}	25	44.324	-52.719	0.841	47.836	41.053	48.080	-21.017	14.717	DD -52.7% breaches floor/slack [risk:none select:cagr]
2026-09-15T03:29:01Z	discard	strat_floorhigh	{"floor_lb": 18, "lookback": 15, "max_dist": 0.07, "regime_ma": 10, "weak_exp": 0.0}	25	48.367	-40.492	1.194	40.037	56.769	49.829	-17.778	14.717	DD -40.5% breaches floor/slack [risk:none select:cagr]
2026-09-15T03:29:04Z	discard	strat_floorhigh	{"floor_lb": 18, "lookback": 15, "max_dist": 0.03, "regime_ma": 10, "weak_exp": 0.4}	25	48.038	-45.319	1.060	36.448	60.004	58.480	-17.912	14.717	DD -45.3% breaches floor/slack [risk:none select:cagr]
2026-09-15T03:29:26Z	discard	strat_floorhighliq	{"floor_lb": 18, "lookback": 15, "max_dist": 0.07, "regime_ma": 10, "weak_exp": 0.4}	25	45.639	-49.659	0.919	41.023	50.181	57.324	-18.331	14.717	DD -49.7% breaches floor/slack [risk:none select:cagr]
2026-09-15T03:29:30Z	discard	strat_floorhighsq	{"floor_lb": 18, "lookback": 15, "max_dist": 0.07, "regime_ma": 10, "weak_exp": 0.4}	25	46.221	-49.358	0.936	40.556	51.835	56.611	-18.331	14.717	DD -49.4% breaches floor/slack [risk:none select:cagr]
2026-09-15T03:29:45Z	discard	strat_floorhightier	{"floor_lb": 18, "lookback": 15, "max_dist": 0.03, "regime_ma": 10}	25	45.226	-30.498	1.483	25.353	67.101	44.416	-19.558	14.717	DD -30.5% breaches floor/slack [risk:none select:cagr]
2026-09-15T03:30:47Z	discard	strat_floorhigh	{"floor_lb": 18, "lookback": 15, "max_dist": 0.03, "regime_ma": 10, "weak_exp": 0.2}	25	48.328	-43.892	1.101	35.764	61.390	55.401	-17.912	14.717	DD -43.9% breaches floor/slack [risk:none select:cagr]
2026-09-15T03:30:57Z	discard	strat_floorhigh	{"floor_lb": 18, "lookback": 15, "max_dist": 0.03, "regime_ma": 10, "weak_exp": 0.6}	25	47.471	-47.398	1.002	37.117	58.070	61.416	-17.912	14.717	DD -47.4% breaches floor/slack [risk:none select:cagr]
2026-09-15T03:31:00Z	discard	strat_floorhigh	{"floor_lb": 18, "lookback": 15, "max_dist": 0.03, "regime_ma": 10, "weak_exp": 0.8}	25	46.608	-50.102	0.930	37.769	55.564	64.211	-17.912	14.717	DD -50.1% breaches floor/slack [risk:none select:cagr]
2026-09-15T03:31:04Z	discard	strat_floorhigh	{"floor_lb": 18, "lookback": 15, "max_dist": 0.03, "max_hold": 6, "regime_ma": 10, "weak_exp": 0.4}	25	45.874	-43.855	1.046	35.300	56.725	60.529	-16.793	14.717	DD -43.9% breaches floor/slack [risk:max_hold=6 select:cagr]
2026-09-15T03:31:07Z	discard	strat_floorhigh	{"floor_lb": 18, "lookback": 15, "max_dist": 0.03, "max_hold": 18, "regime_ma": 10, "weak_exp": 0.4}	25	48.038	-45.319	1.060	36.448	60.004	58.480	-17.912	14.717	DD -45.3% breaches floor/slack [risk:max_hold=18 select:cagr]
2026-09-15T03:31:11Z	discard	strat_floorhigh	{"floor_lb": 18, "lookback": 15, "max_dist": 0.03, "max_hold": 24, "regime_ma": 10, "weak_exp": 0.4}	25	48.038	-45.319	1.060	36.448	60.004	58.480	-17.912	14.717	DD -45.3% breaches floor/slack [risk:max_hold=24 select:cagr]
2026-09-15T03:31:24Z	discard	strat_floorhigh	{"floor_lb": 18, "lookback": 15, "max_dist": 0.03, "regime_ma": 10, "weak_exp": 1.0}	25	45.426	-54.130	0.839	38.406	52.451	66.862	-19.240	14.717	DD -54.1% breaches floor/slack [risk:none select:cagr]
2026-09-15T03:31:27Z	discard	strat_floorhigh	{"floor_lb": 18, "lookback": 15, "max_dist": 0.03, "max_hold": 12, "regime_ma": 10, "weak_exp": 0.4}	25	48.038	-45.319	1.060	36.448	60.004	58.307	-17.912	14.717	DD -45.3% breaches floor/slack [risk:max_hold=12 select:cagr]
2026-09-15T03:31:31Z	discard	strat_floorhigh	{"floor_lb": 18, "lookback": 15, "max_dist": 0.03, "max_hold": 9, "regime_ma": 10, "weak_exp": 0.4}	25	48.041	-45.319	1.060	37.278	59.089	57.477	-18.184	14.717	DD -45.3% breaches floor/slack [risk:max_hold=9 select:cagr]
2026-09-15T03:31:35Z	discard	strat_floorhigh	{"floor_lb": 18, "lookback": 15, "max_dist": 0.03, "max_hold": 3, "regime_ma": 10, "weak_exp": 0.4}	25	44.547	-47.258	0.943	38.528	50.531	52.518	-19.796	14.717	DD -47.3% breaches floor/slack [risk:max_hold=3 select:cagr]
2026-09-15T03:31:45Z	discard	strat_floorhightier	{"b_hi": 0.6, "b_lo": 0.4, "b_mid": 0.5, "floor_lb": 18, "lookback": 15, "max_dist": 0.03, "regime_ma": 10}	25	43.798	-25.722	1.703	24.707	64.717	37.422	-19.701	14.717	DD -25.7% breaches floor/slack [risk:none select:cagr]
2026-09-15T03:31:50Z	discard	strat_floorhightier	{"b_hi": 0.5, "b_lo": 0.3, "b_mid": 0.4, "floor_lb": 18, "lookback": 15, "max_dist": 0.03, "regime_ma": 10}	25	49.518	-33.818	1.464	35.303	64.460	52.999	-19.558	14.717	DD -33.8% breaches floor/slack [risk:none select:cagr]
2026-09-15T03:31:54Z	discard	strat_floorhightier	{"floor_lb": 18, "lookback": 15, "max_dist": 0.03, "regime_ma": 8}	25	40.870	-30.668	1.333	21.914	61.683	46.407	-22.280	14.717	DD -30.7% breaches floor/slack [risk:none select:cagr]
2026-09-15T03:31:59Z	discard	strat_floorhightier	{"floor_lb": 18, "lookback": 15, "max_dist": 0.03, "regime_ma": 12}	25	46.305	-26.964	1.717	29.201	64.717	40.477	-19.890	14.717	DD -27.0% breaches floor/slack [risk:none select:cagr]
2026-09-15T03:32:03Z	discard	strat_floorhightier	{"floor_lb": 12, "lookback": 15, "max_dist": 0.05, "regime_ma": 10}	25	43.466	-32.625	1.332	30.594	56.920	49.887	-21.731	14.717	DD -32.6% breaches floor/slack [risk:none select:cagr]
2026-09-15T03:32:22Z	discard	strat_floorhigh	{"floor_lb": 18, "lookback": 15, "max_dist": 0.03, "max_hold": 6, "regime_ma": 10, "weak_exp": 0.8}	25	44.714	-48.146	0.929	36.610	52.888	66.334	-17.046	14.717	DD -48.1% breaches floor/slack [risk:max_hold=6 select:cagr]
2026-09-15T03:32:26Z	discard	strat_floorhigh	{"floor_lb": 15, "lookback": 15, "max_dist": 0.03, "regime_ma": 10, "weak_exp": 0.4}	25	46.818	-51.298	0.913	45.885	47.713	58.873	-21.988	14.717	DD -51.3% breaches floor/slack [risk:none select:cagr]
2026-09-15T03:32:35Z	discard	strat_floorhightier	{"b_hi": 0.45, "b_lo": 0.25, "b_mid": 0.35, "floor_lb": 18, "lookback": 15, "max_dist": 0.03, "regime_ma": 10}	25	45.192	-48.567	0.931	33.500	57.293	57.476	-17.912	14.717	DD -48.6% breaches floor/slack [risk:none select:cagr]
2026-09-15T03:33:36Z	discard	strat_floorhigh	{"floor_lb": 16, "lookback": 15, "max_dist": 0.03, "regime_ma": 10, "weak_exp": 1.0}	25	43.216	-58.258	0.742	43.186	43.243	69.694	-19.865	14.717	DD -58.3% breaches floor/slack [risk:none select:cagr]
2026-09-15T03:33:40Z	discard	strat_floorhigh	{"floor_lb": 17, "lookback": 15, "max_dist": 0.03, "regime_ma": 10, "weak_exp": 1.0}	25	44.481	-51.547	0.863	41.709	47.174	70.173	-21.023	14.717	DD -51.5% breaches floor/slack [risk:none select:cagr]
2026-09-15T03:33:44Z	discard	strat_floorhigh	{"floor_lb": 20, "lookback": 15, "max_dist": 0.03, "regime_ma": 10, "weak_exp": 1.0}	25	42.044	-61.969	0.678	36.182	47.868	59.058	-21.247	14.717	DD -62.0% breaches floor/slack [risk:none select:cagr]
2026-09-15T03:33:48Z	discard	strat_floorhigh	{"floor_lb": 18, "lookback": 15, "max_dist": 0.01, "regime_ma": 10, "weak_exp": 1.0}	25	46.145	-58.638	0.787	47.548	44.819	66.183	-19.331	14.717	DD -58.6% breaches floor/slack [risk:none select:cagr]
2026-09-15T03:33:52Z	discard	strat_floorhigh	{"floor_lb": 18, "lookback": 15, "max_dist": 0.02, "regime_ma": 10, "weak_exp": 1.0}	25	44.991	-58.359	0.771	45.851	44.176	65.215	-19.646	14.717	DD -58.4% breaches floor/slack [risk:none select:cagr]
2026-09-15T03:33:56Z	discard	strat_floorhigh	{"floor_lb": 18, "lookback": 15, "max_dist": 0.04, "regime_ma": 10, "weak_exp": 1.0}	25	45.927	-54.503	0.843	40.875	50.913	65.975	-20.425	14.717	DD -54.5% breaches floor/slack [risk:none select:cagr]
2026-09-15T03:33:59Z	discard	strat_floorhigh	{"floor_lb": 18, "lookback": 15, "max_dist": 0.03, "regime_ma": 9, "weak_exp": 1.0}	25	45.426	-54.130	0.839	38.406	52.451	66.862	-19.240	14.717	DD -54.1% breaches floor/slack [risk:none select:cagr]
2026-09-15T03:34:03Z	discard	strat_floorhigh	{"floor_lb": 18, "lookback": 15, "max_dist": 0.03, "regime_ma": 11, "weak_exp": 1.0}	25	45.426	-54.130	0.839	38.406	52.451	66.862	-19.240	14.717	DD -54.1% breaches floor/slack [risk:none select:cagr]
2026-09-15T03:34:32Z	discard	strat_floorhigh	{"floor_lb": 18, "lookback": 15, "max_dist": 0.03, "max_hold": 6, "regime_ma": 10, "weak_exp": 0.7}	25	45.116	-46.819	0.964	36.289	54.065	64.937	-16.793	14.717	DD -46.8% breaches floor/slack [risk:max_hold=6 select:cagr]
2026-09-15T03:34:35Z	discard	strat_floorhigh	{"floor_lb": 18, "lookback": 15, "max_dist": 0.03, "max_hold": 6, "regime_ma": 10, "weak_exp": 0.9}	25	44.232	-49.636	0.891	36.928	51.559	67.695	-17.966	14.717	DD -49.6% breaches floor/slack [risk:max_hold=6 select:cagr]
2026-09-15T03:34:38Z	discard	strat_floorbreak	{"floor_lb": 18, "lookback": 15, "max_dist": 0.03, "regime_ma": 10, "weak_exp": 1.0}	25	20.998	-48.635	0.432	18.340	23.587	14.883	-26.332	14.717	TRAIN 21.00% <= best 33.79% [cagr] [risk:none select:cagr]
2026-09-15T03:34:42Z	discard	strat_floorbreak	{"floor_lb": 16, "lookback": 15, "max_dist": 0.03, "regime_ma": 10, "weak_exp": 1.0}	25	21.095	-45.965	0.459	16.672	25.468	14.450	-27.318	14.717	TRAIN 21.09% <= best 33.79% [cagr] [risk:none select:cagr]
2026-09-15T03:34:50Z	keep	strat_floorhightier	{"b_hi": 0.65, "b_lo": 0.45, "b_mid": 0.55, "floor_lb": 18, "lookback": 15, "max_dist": 0.03, "regime_ma": 10}	25	35.507	-18.331	1.937	11.927	62.602	28.752	-19.701	14.717	beats best on cagr [risk:none select:cagr]
2026-09-15T03:34:54Z	discard	strat_floorhightier	{"b_hi": 0.5, "b_lo": 0.2, "b_mid": 0.35, "floor_lb": 18, "lookback": 15, "max_dist": 0.03, "regime_ma": 10}	25	45.195	-46.750	0.967	35.781	54.779	53.713	-19.591	14.717	DD -46.8% breaches floor/slack [risk:none select:cagr]
2026-09-15T03:34:57Z	discard	strat_floorhigh	{"floor_lb": 16, "lookback": 15, "max_dist": 0.03, "max_hold": 6, "regime_ma": 10, "weak_exp": 0.9}	25	42.493	-53.467	0.795	43.421	41.613	71.127	-19.228	14.717	DD -53.5% breaches floor/slack [risk:max_hold=6 select:cagr]
2026-09-15T03:36:24Z	discard	strat_floorhighskip	{"floor_lb": 18, "lookback": 15, "max_dist": 0.03, "regime_ma": 10, "skip_q": 0.9, "weak_exp": 0.4}	25	35.729	-38.747	0.922	31.470	39.919	43.741	-23.062	14.717	DD -38.7% breaches floor/slack [risk:none select:cagr]
2026-09-15T03:36:28Z	discard	strat_highbase	{"floor_lb": 18, "lookback": 15, "max_dist": 0.03, "regime_ma": 10, "weak_exp": 0.4}	25	23.044	-25.369	0.908	12.433	34.093	33.070	-15.912	14.717	TRAIN 23.04% <= best 35.51% [cagr] [risk:none select:cagr]
2026-09-15T03:36:39Z	discard	strat_floorhighskip	{"floor_lb": 24, "lookback": 15, "max_dist": 0.1, "regime_ma": 6, "skip_q": 0.9, "weak_exp": 0.4}	25	26.342	-32.905	0.801	15.314	37.839	21.269	-23.457	14.717	TRAIN 26.34% <= best 35.51% [cagr] [risk:none select:cagr]
2026-09-15T03:36:51Z	discard	strat_floorhighskiptier	{"b_hi": 0.65, "b_lo": 0.45, "b_mid": 0.55, "floor_lb": 18, "lookback": 15, "max_dist": 0.03, "regime_ma": 10, "skip_q": 0.9}	25	24.748	-20.617	1.200	10.182	40.426	24.587	-23.629	14.717	TRAIN 24.75% <= best 35.51% [cagr] [risk:none select:cagr]
2026-09-20T12:50:00Z	discard	strat_floorhigh	{"floor_lb": 18, "lookback": 15, "max_dist": 0.03, "regime_ma": 10, "trail_k": 0.2, "weak_exp": 0.4}	25	39.715	-45.142	0.880	32.965	46.470	43.620	-17.535	14.717	DD -45.1% breaches floor/slack [risk:trail_k=0.2 select:cagr]
2026-09-20T12:50:10Z	discard	strat_floorhigh	{"floor_lb": 18, "lookback": 15, "max_dist": 0.03, "regime_ma": 10, "trail_k": 0.1, "weak_exp": 0.4}	25	36.020	-49.414	0.729	34.422	37.562	41.872	-18.272	14.717	DD -49.4% breaches floor/slack [risk:trail_k=0.1 select:cagr]
2026-09-20T12:50:19Z	discard	strat_floorhightier	{"b_hi": 0.65, "b_lo": 0.45, "b_mid": 0.55, "floor_lb": 18, "lookback": 15, "max_dist": 0.03, "regime_ma": 10, "trail_k": 0.2}	25	30.137	-19.195	1.570	12.304	49.772	26.276	-19.603	14.717	TRAIN 30.14% <= best 35.51% [cagr] [risk:trail_k=0.2 select:cagr]
2026-09-20T12:50:24Z	discard	strat_floorhightier	{"b_hi": 0.6, "b_lo": 0.4, "b_mid": 0.5, "floor_lb": 18, "lookback": 15, "max_dist": 0.03, "regime_ma": 10}	25	43.798	-25.722	1.703	24.707	64.717	37.422	-19.701	14.717	DD -25.7% breaches floor/slack [risk:none select:cagr]
2026-09-20T12:50:28Z	discard	strat_floorhightier	{"b_hi": 0.7, "b_lo": 0.5, "b_mid": 0.6, "floor_lb": 18, "lookback": 15, "max_dist": 0.03, "regime_ma": 10}	25	32.474	-14.749	2.202	10.104	58.023	24.900	-15.875	14.717	TRAIN 32.47% <= best 35.51% [cagr] [risk:none select:cagr]
2026-09-20T12:50:33Z	discard	strat_floorhightier	{"b_hi": 0.65, "b_lo": 0.45, "b_mid": 0.55, "floor_lb": 18, "lookback": 12, "max_dist": 0.03, "regime_ma": 10}	25	34.528	-18.331	1.884	11.927	60.315	28.612	-19.701	14.717	TRAIN 34.53% <= best 35.51% [cagr] [risk:none select:cagr]
2026-09-20T12:50:37Z	discard	strat_floorhightier	{"b_hi": 0.65, "b_lo": 0.45, "b_mid": 0.55, "floor_lb": 18, "lookback": 18, "max_dist": 0.03, "regime_ma": 10}	25	35.260	-18.331	1.924	11.927	62.024	28.923	-19.209	14.717	TRAIN 35.26% <= best 35.51% [cagr] [risk:none select:cagr]
2026-09-20T12:50:42Z	discard	strat_floorhighskip	{"floor_lb": 18, "lookback": 15, "max_dist": 0.03, "regime_ma": 10, "skip_q": 0.95, "weak_exp": 0.4}	25	36.199	-44.150	0.820	36.711	35.712	42.752	-22.598	14.717	DD -44.1% breaches floor/slack [risk:none select:cagr]
2026-09-20T13:02:53Z	discard	strat_floorhightier	{"b_hi": 0.65, "b_lo": 0.45, "b_mid": 0.55, "floor_lb": 15, "lookback": 15, "max_dist": 0.03, "regime_ma": 10}	25	35.455	-19.806	1.790	18.242	54.197	29.204	-23.174	14.717	TRAIN 35.46% <= best 35.51% [cagr] [risk:none select:cagr]
2026-09-20T13:03:19Z	discard	strat_floorhightier	{"b_hi": 0.65, "b_lo": 0.45, "b_mid": 0.55, "floor_lb": 21, "lookback": 15, "max_dist": 0.03, "regime_ma": 10}	25	33.609	-20.950	1.604	7.780	63.981	20.768	-20.226	14.717	TRAIN 33.61% <= best 35.51% [cagr] [risk:none select:cagr]
2026-09-20T13:03:30Z	keep	strat_floorhightier	{"b_hi": 0.65, "b_lo": 0.45, "b_mid": 0.55, "floor_lb": 18, "lookback": 15, "max_dist": 0.02, "regime_ma": 10}	25	37.415	-17.457	2.143	16.384	60.998	27.756	-20.044	14.717	beats best on cagr [risk:none select:cagr]
2026-09-20T13:03:40Z	discard	strat_floorhightier	{"b_hi": 0.65, "b_lo": 0.45, "b_mid": 0.55, "floor_lb": 18, "lookback": 15, "max_dist": 0.04, "regime_ma": 10}	25	36.284	-18.331	1.979	13.657	62.041	28.128	-19.604	14.717	TRAIN 36.28% <= best 37.41% [cagr] [risk:none select:cagr]
2026-09-20T13:03:50Z	keep	strat_floorhightier	{"b_hi": 0.65, "b_lo": 0.45, "b_mid": 0.55, "floor_lb": 18, "lookback": 15, "max_dist": 0.05, "regime_ma": 10}	25	37.639	-17.288	2.177	17.163	60.486	27.588	-19.784	14.717	beats best on cagr [risk:none select:cagr]
2026-09-20T13:04:00Z	discard	strat_floorhightier	{"b_hi": 0.65, "b_lo": 0.45, "b_mid": 0.55, "floor_lb": 18, "lookback": 15, "max_dist": 0.03, "regime_ma": 8}	25	33.019	-21.414	1.542	9.862	59.630	32.433	-18.752	14.717	TRAIN 33.02% <= best 37.64% [cagr] [risk:none select:cagr]
2026-09-20T13:04:09Z	discard	strat_floorhightier	{"b_hi": 0.65, "b_lo": 0.45, "b_mid": 0.55, "floor_lb": 18, "lookback": 15, "max_dist": 0.03, "regime_ma": 12}	25	36.539	-18.331	1.993	15.620	59.999	28.471	-20.032	14.717	TRAIN 36.54% <= best 37.64% [cagr] [risk:none select:cagr]
2026-09-20T13:04:38Z	discard	strat_floorhightiervol	{"b_hi": 0.65, "b_lo": 0.45, "b_mid": 0.55, "floor_lb": 18, "lookback": 15, "max_dist": 0.05, "regime_ma": 10}	25	28.880	-17.317	1.668	12.882	46.240	21.141	-12.521	14.717	TRAIN 28.88% <= best 37.64% [cagr] [risk:none select:cagr]
2026-09-20T13:04:41Z	discard	strat_floortrendq	{"b_hi": 0.65, "b_lo": 0.45, "b_mid": 0.55, "floor_lb": 18, "lookback": 15, "max_dist": 0.05, "regime_ma": 10}	25	22.568	-17.829	1.266	9.475	36.508	9.856	-10.938	14.717	TRAIN 22.57% <= best 37.64% [cagr] [risk:none select:cagr]
2026-09-20T13:04:45Z	discard	strat_floortrendq	{"b_hi": 0.65, "b_lo": 0.45, "b_mid": 0.55, "floor_lb": 18, "lookback": 15, "max_dist": 0.05, "regime_ma": 10, "trend_lb": 6}	25	20.187	-16.907	1.194	7.161	34.078	11.921	-14.342	14.717	TRAIN 20.19% <= best 37.64% [cagr] [risk:none select:cagr]
2026-09-20T13:06:03Z	discard	strat_floorhighskip	{"floor_lb": 18, "lookback": 15, "max_dist": 0.03, "regime_ma": 10, "skip_q": 0.85, "weak_exp": 0.4}	25	33.094	-38.151	0.867	25.416	40.852	36.911	-23.984	14.717	TRAIN 33.09% <= best 37.64% [cagr] [risk:none select:cagr]
2026-09-20T13:06:12Z	discard	strat_floorhigh	{"floor_lb": 18, "lookback": 15, "max_dist": 0.03, "regime_ma": 10, "trail_k": 0.3, "weak_exp": 0.4}	25	39.479	-45.512	0.867	33.781	45.137	48.310	-16.418	14.717	DD -45.5% breaches floor/slack [risk:trail_k=0.3 select:cagr]
2026-09-20T13:06:21Z	discard	strat_floorhigh	{"floor_lb": 18, "lookback": 15, "max_dist": 0.03, "regime_ma": 10, "trail_k": 0.4, "weak_exp": 0.4}	25	42.002	-45.511	0.923	35.525	48.466	52.013	-17.904	14.717	DD -45.5% breaches floor/slack [risk:trail_k=0.4 select:cagr]
2026-09-20T13:07:19Z	discard	strat_floorhightier	{"b_hi": 0.65, "b_lo": 0.45, "b_mid": 0.55, "floor_lb": 18, "lookback": 15, "max_dist": 0.06, "regime_ma": 10}	25	36.595	-17.124	2.137	17.068	58.241	27.259	-19.143	14.717	TRAIN 36.60% <= best 37.64% [cagr] [risk:none select:cagr]
2026-09-20T13:07:23Z	discard	strat_floorhightier	{"b_hi": 0.65, "b_lo": 0.45, "b_mid": 0.55, "floor_lb": 18, "lookback": 15, "max_dist": 0.07, "regime_ma": 10}	25	35.594	-16.830	2.115	16.453	56.768	28.095	-19.611	14.717	TRAIN 35.59% <= best 37.64% [cagr] [risk:none select:cagr]
2026-09-20T13:07:27Z	discard	strat_floorhightier	{"b_hi": 0.65, "b_lo": 0.45, "b_mid": 0.55, "floor_lb": 18, "lookback": 15, "max_dist": 0.08, "regime_ma": 10}	25	35.693	-16.980	2.102	17.129	56.127	28.230	-20.219	14.717	TRAIN 35.69% <= best 37.64% [cagr] [risk:none select:cagr]
2026-09-20T13:08:41Z	discard	strat_floorhightier	{"b_hi": 0.65, "b_lo": 0.45, "b_mid": 0.55, "floor_lb": 15, "lookback": 15, "max_dist": 0.05, "regime_ma": 10}	25	37.091	-16.966	2.186	20.879	54.570	28.645	-22.649	14.717	TRAIN 37.09% <= best 37.64% [cagr] [risk:none select:cagr]
2026-09-20T13:08:46Z	discard	strat_floorhightier	{"b_hi": 0.65, "b_lo": 0.45, "b_mid": 0.55, "floor_lb": 21, "lookback": 15, "max_dist": 0.05, "regime_ma": 10}	25	36.302	-20.887	1.738	11.561	64.986	18.355	-21.100	14.717	TRAIN 36.30% <= best 37.64% [cagr] [risk:none select:cagr]
2026-09-20T13:08:50Z	discard	strat_floorhightier	{"b_hi": 0.65, "b_lo": 0.45, "b_mid": 0.55, "floor_lb": 18, "lookback": 12, "max_dist": 0.05, "regime_ma": 10}	25	36.317	-17.288	2.101	17.163	57.490	27.666	-19.784	14.717	TRAIN 36.32% <= best 37.64% [cagr] [risk:none select:cagr]
2026-09-20T13:08:54Z	discard	strat_floorhightier	{"b_hi": 0.65, "b_lo": 0.45, "b_mid": 0.55, "floor_lb": 18, "lookback": 18, "max_dist": 0.05, "regime_ma": 10}	25	37.445	-17.288	2.166	17.163	60.045	27.758	-19.293	14.717	TRAIN 37.44% <= best 37.64% [cagr] [risk:none select:cagr]
2026-09-20T13:09:51Z	discard	strat_floorhightier	{"b_hi": 0.6, "b_lo": 0.4, "b_mid": 0.5, "floor_lb": 18, "lookback": 15, "max_dist": 0.05, "regime_ma": 10}	25	46.104	-23.156	1.991	30.918	62.222	35.898	-19.784	14.717	DD -23.2% breaches floor/slack [risk:none select:cagr]
2026-09-20T13:09:55Z	discard	strat_floorhightier	{"b_hi": 0.7, "b_lo": 0.5, "b_mid": 0.6, "floor_lb": 18, "lookback": 15, "max_dist": 0.05, "regime_ma": 10}	25	34.337	-12.017	2.857	14.871	55.962	23.967	-15.838	14.717	TRAIN 34.34% <= best 37.64% [cagr] [risk:none select:cagr]
2026-09-20T13:10:47Z	discard	strat_floorhightiervol	{"b_hi": 0.65, "b_lo": 0.45, "b_mid": 0.55, "floor_lb": 18, "lookback": 15, "max_dist": 0.05, "regime_ma": 10, "vol_q": 0.85}	25	30.405	-18.108	1.679	16.275	45.473	25.686	-17.890	14.717	TRAIN 30.40% <= best 37.64% [cagr] [risk:none select:cagr]
2026-09-20T13:10:50Z	discard	strat_floorhightiervol	{"b_hi": 0.65, "b_lo": 0.45, "b_mid": 0.55, "floor_lb": 18, "lookback": 15, "max_dist": 0.05, "regime_ma": 10, "vol_q": 0.9}	25	26.266	-17.796	1.476	13.493	39.780	27.262	-17.264	14.717	TRAIN 26.27% <= best 37.64% [cagr] [risk:none select:cagr]
2026-09-20T13:10:55Z	keep	strat_floorhightier	{"b_hi": 0.65, "b_lo": 0.45, "b_mid": 0.55, "floor_lb": 18, "lookback": 15, "max_dist": 0.05, "regime_ma": 12}	25	38.675	-17.164	2.253	21.134	57.761	27.085	-20.115	14.717	beats best on cagr [risk:none select:cagr]
2026-09-20T13:11:00Z	discard	strat_floorhighcomp	{"b_hi": 0.65, "b_lo": 0.45, "b_mid": 0.55, "floor_lb": 18, "lookback": 15, "max_dist": 0.05, "regime_ma": 10}	25	36.680	-17.594	2.085	16.235	59.514	28.007	-19.792	14.717	TRAIN 36.68% <= best 38.68% [cagr] [risk:none select:cagr]
2026-09-20T13:11:04Z	discard	strat_floorhighcomp	{"b_hi": 0.65, "b_lo": 0.45, "b_mid": 0.55, "floor_lb": 18, "lookback": 15, "max_dist": 0.03, "regime_ma": 10}	25	35.698	-18.542	1.925	12.189	62.688	28.793	-19.701	14.717	TRAIN 35.70% <= best 38.68% [cagr] [risk:none select:cagr]
2026-09-20T13:12:23Z	keep	strat_floorhightier	{"b_hi": 0.65, "b_lo": 0.45, "b_mid": 0.55, "floor_lb": 18, "lookback": 15, "max_dist": 0.05, "regime_ma": 14}	25	39.583	-16.824	2.353	24.031	56.225	30.218	-19.647	14.717	beats best on cagr [risk:none select:cagr]
2026-09-20T13:12:27Z	discard	strat_floorhightier	{"b_hi": 0.65, "b_lo": 0.45, "b_mid": 0.55, "floor_lb": 15, "lookback": 15, "max_dist": 0.05, "regime_ma": 12}	25	37.966	-16.966	2.238	24.285	52.411	28.728	-22.649	14.717	TRAIN 37.97% <= best 39.58% [cagr] [risk:none select:cagr]
2026-09-20T13:12:31Z	discard	strat_floorhightier	{"b_hi": 0.65, "b_lo": 0.45, "b_mid": 0.55, "floor_lb": 18, "lookback": 18, "max_dist": 0.05, "regime_ma": 12}	25	38.515	-17.164	2.244	21.134	57.405	27.255	-19.626	14.717	TRAIN 38.52% <= best 39.58% [cagr] [risk:none select:cagr]
2026-09-20T13:13:22Z	keep	strat_floorhightier	{"b_hi": 0.65, "b_lo": 0.45, "b_mid": 0.55, "floor_lb": 18, "lookback": 15, "max_dist": 0.05, "regime_ma": 16}	25	40.356	-16.866	2.393	27.671	53.622	32.952	-19.647	14.717	beats best on cagr [risk:none select:cagr]
2026-09-20T13:13:36Z	keep	strat_floorhightier	{"b_hi": 0.65, "b_lo": 0.45, "b_mid": 0.55, "floor_lb": 18, "lookback": 15, "max_dist": 0.05, "regime_ma": 18}	25	41.277	-16.866	2.447	29.393	53.622	37.398	-17.865	14.717	beats best on cagr [risk:none select:cagr]
2026-09-20T13:13:40Z	discard	strat_floorhightier	{"b_hi": 0.65, "b_lo": 0.45, "b_mid": 0.55, "floor_lb": 18, "lookback": 15, "max_dist": 0.05, "regime_ma": 20}	25	38.400	-22.042	1.742	30.272	46.622	37.913	-17.865	14.717	TRAIN 38.40% <= best 41.28% [cagr] [risk:none select:cagr]
2026-09-20T13:13:50Z	discard	strat_floorhightier	{"b_hi": 0.65, "b_lo": 0.45, "b_mid": 0.55, "floor_lb": 18, "lookback": 15, "max_dist": 0.05, "regime_ma": 22}	25	40.075	-22.042	1.818	33.522	46.622	37.630	-17.865	14.717	TRAIN 40.07% <= best 41.28% [cagr] [risk:none select:cagr]
2026-09-20T13:13:54Z	discard	strat_floorhightier	{"b_hi": 0.65, "b_lo": 0.45, "b_mid": 0.55, "floor_lb": 15, "lookback": 15, "max_dist": 0.05, "regime_ma": 18}	25	41.280	-16.795	2.458	33.845	48.754	38.887	-22.649	14.717	TRAIN 41.28% <= best 41.28% [cagr] [risk:none select:cagr]
2026-09-20T13:14:28Z	discard	strat_floorhightier	{"b_hi": 0.65, "b_lo": 0.45, "b_mid": 0.55, "floor_lb": 18, "lookback": 18, "max_dist": 0.05, "regime_ma": 18}	25	41.218	-16.866	2.444	29.393	53.497	37.666	-17.865	14.717	TRAIN 41.22% <= best 41.28% [cagr] [risk:none select:cagr]
2026-09-20T13:14:32Z	discard	strat_floorhightier	{"b_hi": 0.6, "b_lo": 0.4, "b_mid": 0.5, "floor_lb": 18, "lookback": 15, "max_dist": 0.05, "regime_ma": 18}	25	46.226	-22.042	2.097	38.850	53.622	39.548	-17.865	14.717	DD -22.0% breaches floor/slack [risk:none select:cagr]
2026-09-20T13:16:36Z	discard	strat_floorhighspons	{"b_hi": 0.65, "b_lo": 0.45, "b_mid": 0.55, "floor_lb": 18, "lookback": 15, "max_dist": 0.05, "regime_ma": 18}	25	24.049	-15.047	1.598	23.473	24.601	9.708	-22.460	14.717	TRAIN 24.05% <= best 41.28% [cagr] [risk:none select:cagr]
2026-09-20T13:17:03Z	discard	strat_floorhightier	{"b_hi": 0.7, "b_lo": 0.5, "b_mid": 0.6, "floor_lb": 18, "lookback": 15, "max_dist": 0.05, "regime_ma": 18}	25	36.808	-15.464	2.380	27.221	46.622	27.731	-19.647	14.717	TRAIN 36.81% <= best 41.28% [cagr] [risk:none select:cagr]
2026-09-20T13:28:05Z	discard	strat_floorhightier	{"b_hi": 0.65, "b_lo": 0.45, "b_mid": 0.55, "floor_lb": 18, "lookback": 15, "max_dist": 0.045, "regime_ma": 18}	25	40.149	-18.571	2.162	26.683	54.319	38.578	-17.904	14.717	TRAIN 40.15% <= best 41.28% [cagr] [risk:none select:cagr]
2026-09-20T13:28:20Z	discard	strat_floorhightier	{"b_hi": 0.65, "b_lo": 0.45, "b_mid": 0.55, "floor_lb": 18, "lookback": 15, "max_dist": 0.055, "regime_ma": 18}	25	40.604	-17.174	2.364	29.988	51.532	37.099	-17.865	14.717	TRAIN 40.60% <= best 41.28% [cagr] [risk:none select:cagr]
2026-09-20T13:28:29Z	keep	strat_floorhightier	{"b_hi": 0.65, "b_lo": 0.45, "b_mid": 0.55, "floor_lb": 16, "lookback": 15, "max_dist": 0.05, "regime_ma": 18}	25	41.750	-15.766	2.648	32.405	51.274	40.516	-19.611	14.717	beats best on cagr [risk:none select:cagr]
2026-09-20T13:28:41Z	discard	strat_floorhightier	{"b_hi": 0.65, "b_lo": 0.45, "b_mid": 0.55, "floor_lb": 17, "lookback": 15, "max_dist": 0.05, "regime_ma": 18}	25	39.042	-16.169	2.415	30.563	47.638	39.334	-19.139	14.717	TRAIN 39.04% <= best 41.75% [cagr] [risk:none select:cagr]
2026-09-20T13:28:51Z	keep	strat_floorhightier	{"b_hi": 0.65, "b_lo": 0.45, "b_mid": 0.55, "floor_lb": 19, "lookback": 15, "max_dist": 0.05, "regime_ma": 18}	25	44.457	-16.025	2.774	30.659	58.968	33.510	-13.639	14.717	beats best on cagr [risk:none select:cagr]
2026-09-20T13:29:00Z	discard	strat_floorhightier	{"b_hi": 0.65, "b_lo": 0.45, "b_mid": 0.55, "floor_lb": 20, "lookback": 15, "max_dist": 0.05, "regime_ma": 18}	25	43.190	-16.272	2.654	28.160	59.160	30.878	-16.908	14.717	TRAIN 43.19% <= best 44.46% [cagr] [risk:none select:cagr]
2026-09-20T13:29:10Z	discard	strat_floorhightier	{"b_hi": 0.65, "b_lo": 0.45, "b_mid": 0.55, "floor_lb": 18, "lookback": 14, "max_dist": 0.05, "regime_ma": 18}	25	40.795	-16.866	2.419	29.393	52.600	37.398	-17.865	14.717	TRAIN 40.79% <= best 44.46% [cagr] [risk:none select:cagr]
2026-09-20T13:29:12Z	discard	strat_floorhightierhold	{"b_hi": 0.65, "b_lo": 0.45, "b_mid": 0.55, "floor_lb": 18, "lookback": 15, "max_dist": 0.05, "max_hold": 6, "regime_ma": 18}	25	42.024	-16.824	2.498	29.802	54.747	38.993	-18.061	14.717	TRAIN 42.02% <= best 44.46% [cagr] [risk:max_hold=6 select:cagr]
2026-09-20T13:29:18Z	discard	strat_floorhightier	{"b_hi": 0.65, "b_lo": 0.45, "b_mid": 0.55, "floor_lb": 18, "lookback": 16, "max_dist": 0.05, "regime_ma": 18}	25	41.297	-16.866	2.449	29.393	53.666	37.666	-17.865	14.717	TRAIN 41.30% <= best 44.46% [cagr] [risk:none select:cagr]
2026-09-20T13:29:28Z	discard	strat_floorhightier	{"b_hi": 0.62, "b_lo": 0.42, "b_mid": 0.52, "floor_lb": 18, "lookback": 15, "max_dist": 0.05, "regime_ma": 18}	25	43.516	-22.042	1.974	33.630	53.622	39.548	-17.865	14.717	TRAIN 43.52% <= best 44.46% [cagr] [risk:none select:cagr]
2026-09-20T13:29:33Z	discard	strat_floorhightierhold	{"b_hi": 0.65, "b_lo": 0.45, "b_mid": 0.55, "floor_lb": 19, "lookback": 15, "max_dist": 0.05, "max_hold": 3, "regime_ma": 18}	25	43.628	-20.954	2.082	32.889	54.676	34.521	-16.366	14.717	TRAIN 43.63% <= best 44.46% [cagr] [risk:max_hold=3 select:cagr]
2026-09-20T13:29:39Z	discard	strat_floorhightier	{"b_hi": 0.68, "b_lo": 0.48, "b_mid": 0.58, "floor_lb": 18, "lookback": 15, "max_dist": 0.05, "regime_ma": 18}	25	37.271	-16.866	2.210	23.733	51.557	30.819	-17.865	14.717	TRAIN 37.27% <= best 44.46% [cagr] [risk:none select:cagr]
2026-09-20T13:29:44Z	discard	strat_floorhightierhold	{"b_hi": 0.65, "b_lo": 0.45, "b_mid": 0.55, "floor_lb": 19, "lookback": 15, "max_dist": 0.05, "max_hold": 9, "regime_ma": 18}	25	43.798	-16.875	2.595	30.580	57.644	32.102	-13.639	14.717	TRAIN 43.80% <= best 44.46% [cagr] [risk:max_hold=9 select:cagr]
2026-09-20T13:29:51Z	discard	strat_floorhightier	{"b_hi": 0.65, "b_lo": 0.45, "b_mid": 0.55, "floor_lb": 18, "lookback": 15, "max_dist": 0.05, "regime_ma": 17}	25	40.865	-16.866	2.423	28.621	53.622	32.372	-17.865	14.717	TRAIN 40.86% <= best 44.46% [cagr] [risk:none select:cagr]
2026-09-20T13:29:54Z	discard	strat_floorhighpart	{"b_hi": 0.65, "b_lo": 0.45, "b_mid": 0.55, "floor_lb": 19, "lookback": 15, "max_dist": 0.05, "p_min": 0.5, "part_lb": 6, "regime_ma": 18}	25	43.798	-16.667	2.628	29.924	58.404	31.845	-13.747	14.717	TRAIN 43.80% <= best 44.46% [cagr] [risk:none select:cagr]
2026-09-20T13:29:59Z	discard	strat_floorhightier	{"b_hi": 0.65, "b_lo": 0.45, "b_mid": 0.55, "floor_lb": 18, "lookback": 15, "max_dist": 0.05, "regime_ma": 19}	25	41.590	-22.042	1.887	29.982	53.622	37.931	-17.865	14.717	TRAIN 41.59% <= best 44.46% [cagr] [risk:none select:cagr]
2026-09-20T13:30:04Z	discard	strat_floorhighpart	{"b_hi": 0.65, "b_lo": 0.45, "b_mid": 0.55, "floor_lb": 19, "lookback": 15, "max_dist": 0.05, "p_min": 0.67, "part_lb": 6, "regime_ma": 18}	25	42.695	-21.708	1.967	25.098	61.772	30.655	-13.747	14.717	TRAIN 42.69% <= best 44.46% [cagr] [risk:none select:cagr]
2026-09-20T13:30:34Z	discard	strat_floorhightierhold	{"b_hi": 0.65, "b_lo": 0.45, "b_mid": 0.55, "floor_lb": 19, "lookback": 15, "max_dist": 0.05, "max_hold": 12, "regime_ma": 18}	25	44.457	-16.025	2.774	30.659	58.968	33.510	-13.639	14.717	TRAIN 44.46% <= best 44.46% [cagr] [risk:max_hold=12 select:cagr]
2026-09-20T13:30:44Z	discard	strat_floorhightierhold	{"b_hi": 0.65, "b_lo": 0.45, "b_mid": 0.55, "floor_lb": 19, "lookback": 15, "max_dist": 0.05, "max_hold": 6, "regime_ma": 18}	25	44.081	-16.565	2.661	29.330	59.710	32.861	-14.269	14.717	TRAIN 44.08% <= best 44.46% [cagr] [risk:max_hold=6 select:cagr]
2026-09-20T13:30:53Z	discard	strat_floorhighpart	{"b_hi": 0.65, "b_lo": 0.45, "b_mid": 0.55, "floor_lb": 19, "lookback": 15, "max_dist": 0.05, "p_min": 0.5, "part_lb": 12, "regime_ma": 18}	25	43.602	-21.454	2.032	26.306	62.294	30.397	-13.747	14.717	TRAIN 43.60% <= best 44.46% [cagr] [risk:none select:cagr]
2026-09-20T13:31:03Z	discard	strat_floorhighpart	{"b_hi": 0.65, "b_lo": 0.45, "b_mid": 0.55, "floor_lb": 19, "lookback": 15, "max_dist": 0.05, "p_min": 0.67, "part_lb": 12, "regime_ma": 18}	25	41.406	-21.975	1.884	22.979	61.541	28.247	-13.630	14.717	TRAIN 41.41% <= best 44.46% [cagr] [risk:none select:cagr]
2026-09-20T13:31:13Z	discard	strat_floorhighpartrank	{"b_hi": 0.65, "b_lo": 0.45, "b_mid": 0.55, "floor_lb": 19, "lookback": 15, "max_dist": 0.05, "part_lb": 6, "regime_ma": 18}	25	19.158	-17.538	1.092	12.939	25.406	8.001	-18.263	14.717	TRAIN 19.16% <= best 44.46% [cagr] [risk:none select:cagr]
2026-09-20T13:31:24Z	discard	strat_floorhighpartrank	{"b_hi": 0.65, "b_lo": 0.45, "b_mid": 0.55, "floor_lb": 19, "lookback": 15, "max_dist": 0.05, "part_lb": 12, "regime_ma": 18}	25	21.106	-16.166	1.306	12.606	29.807	8.357	-19.988	14.717	TRAIN 21.11% <= best 44.46% [cagr] [risk:none select:cagr]
2026-09-20T13:31:34Z	discard	strat_floorhightier	{"b_hi": 0.65, "b_lo": 0.45, "b_mid": 0.55, "floor_lb": 21, "lookback": 15, "max_dist": 0.05, "regime_ma": 18}	25	40.460	-19.890	2.034	23.593	58.682	25.636	-20.015	14.717	TRAIN 40.46% <= best 44.46% [cagr] [risk:none select:cagr]
2026-09-20T13:31:44Z	discard	strat_floorhightier	{"b_hi": 0.65, "b_lo": 0.45, "b_mid": 0.55, "floor_lb": 19, "lookback": 15, "max_dist": 0.04, "regime_ma": 18}	25	44.060	-19.966	2.207	28.573	60.562	33.536	-13.669	14.717	TRAIN 44.06% <= best 44.46% [cagr] [risk:none select:cagr]
2026-09-20T13:31:53Z	keep	strat_floorhightier	{"b_hi": 0.65, "b_lo": 0.45, "b_mid": 0.55, "floor_lb": 19, "lookback": 15, "max_dist": 0.06, "regime_ma": 18}	25	44.925	-16.329	2.751	32.176	58.224	32.644	-14.496	14.717	beats best on cagr [risk:none select:cagr]
2026-09-20T13:32:03Z	discard	strat_floorhightier	{"b_hi": 0.62, "b_lo": 0.42, "b_mid": 0.52, "floor_lb": 19, "lookback": 15, "max_dist": 0.05, "regime_ma": 18}	25	46.499	-21.341	2.179	34.472	58.968	35.621	-15.338	14.717	DD -21.3% breaches floor/slack [risk:none select:cagr]
2026-09-20T13:32:12Z	discard	strat_floorhightier	{"b_hi": 0.65, "b_lo": 0.45, "b_mid": 0.55, "floor_lb": 19, "lookback": 16, "max_dist": 0.05, "regime_ma": 18}	25	44.395	-16.025	2.770	30.506	59.013	33.903	-13.639	14.717	TRAIN 44.40% <= best 44.92% [cagr] [risk:none select:cagr]
2026-09-20T13:33:06Z	discard	strat_floorhightier	{"b_hi": 0.65, "b_lo": 0.45, "b_mid": 0.55, "floor_lb": 19, "lookback": 15, "max_dist": 0.07, "regime_ma": 18}	25	43.194	-16.298	2.650	29.442	57.664	33.502	-13.652	14.717	TRAIN 43.19% <= best 44.92% [cagr] [risk:none select:cagr]
2026-09-20T13:33:15Z	keep	strat_floorhightier	{"b_hi": 0.65, "b_lo": 0.45, "b_mid": 0.55, "floor_lb": 19, "lookback": 15, "max_dist": 0.055, "regime_ma": 18}	25	45.163	-16.811	2.686	32.475	58.391	32.730	-13.639	14.717	beats best on cagr [risk:none select:cagr]
2026-09-20T13:33:25Z	discard	strat_floorhightier	{"b_hi": 0.65, "b_lo": 0.45, "b_mid": 0.55, "floor_lb": 18, "lookback": 15, "max_dist": 0.06, "regime_ma": 18}	25	39.750	-18.351	2.166	28.628	51.250	37.517	-16.969	14.717	TRAIN 39.75% <= best 45.16% [cagr] [risk:none select:cagr]
2026-09-20T13:33:36Z	discard	strat_floorhightier	{"b_hi": 0.65, "b_lo": 0.45, "b_mid": 0.55, "floor_lb": 20, "lookback": 15, "max_dist": 0.06, "regime_ma": 18}	25	43.763	-16.990	2.576	29.019	59.387	29.424	-16.755	14.717	TRAIN 43.76% <= best 45.16% [cagr] [risk:none select:cagr]
2026-09-20T13:33:44Z	discard	strat_floorhightier	{"b_hi": 0.65, "b_lo": 0.45, "b_mid": 0.55, "floor_lb": 19, "lookback": 14, "max_dist": 0.06, "regime_ma": 18}	25	44.555	-16.329	2.729	32.176	57.437	32.731	-14.496	14.717	TRAIN 44.56% <= best 45.16% [cagr] [risk:none select:cagr]
2026-09-20T13:33:55Z	discard	strat_floorhightier	{"b_hi": 0.65, "b_lo": 0.45, "b_mid": 0.55, "floor_lb": 19, "lookback": 16, "max_dist": 0.06, "regime_ma": 18}	25	44.994	-16.329	2.755	32.021	58.549	33.034	-13.564	14.717	TRAIN 44.99% <= best 45.16% [cagr] [risk:none select:cagr]
2026-09-20T13:34:06Z	discard	strat_floorhightier	{"b_hi": 0.68, "b_lo": 0.48, "b_mid": 0.58, "floor_lb": 19, "lookback": 15, "max_dist": 0.06, "regime_ma": 18}	25	40.934	-16.329	2.507	26.404	56.342	27.550	-14.049	14.717	TRAIN 40.93% <= best 45.16% [cagr] [risk:none select:cagr]
2026-09-20T13:34:14Z	discard	strat_floorhightier	{"b_hi": 0.65, "b_lo": 0.45, "b_mid": 0.55, "floor_lb": 19, "lookback": 15, "max_dist": 0.02, "regime_ma": 18}	25	43.591	-20.217	2.156	29.189	58.815	33.166	-13.704	14.717	TRAIN 43.59% <= best 45.16% [cagr] [risk:none select:cagr]
2026-09-20T13:34:24Z	discard	strat_floorhightierhold	{"b_hi": 0.65, "b_lo": 0.45, "b_mid": 0.55, "floor_lb": 19, "lookback": 15, "max_dist": 0.06, "max_hold": 9, "regime_ma": 18}	25	44.065	-18.661	2.361	30.477	58.337	31.480	-14.521	14.717	TRAIN 44.07% <= best 45.16% [cagr] [risk:max_hold=9 select:cagr]
2026-09-20T13:34:34Z	discard	strat_floorhightier	{"b_hi": 0.65, "b_lo": 0.45, "b_mid": 0.55, "floor_lb": 19, "lookback": 13, "max_dist": 0.06, "regime_ma": 18}	25	44.319	-16.329	2.714	32.176	56.934	32.571	-14.496	14.717	TRAIN 44.32% <= best 45.16% [cagr] [risk:none select:cagr]
2026-09-20T13:35:11Z	discard	strat_floorhightiersoft	{"b_hi": 0.65, "b_lo": 0.45, "b_mid": 0.55, "e_cash": 0.3, "floor_lb": 19, "lookback": 15, "max_dist": 0.055, "regime_ma": 18}	25	48.874	-32.616	1.498	39.300	58.615	41.437	-13.639	14.717	DD -32.6% breaches floor/slack [risk:none select:cagr]
2026-09-20T13:35:20Z	discard	strat_floorhightiersoft	{"b_hi": 0.65, "b_lo": 0.45, "b_mid": 0.55, "e_cash": 0.5, "floor_lb": 19, "lookback": 15, "max_dist": 0.055, "regime_ma": 18}	25	47.466	-40.456	1.173	38.885	56.140	44.407	-15.593	14.717	DD -40.5% breaches floor/slack [risk:none select:cagr]
2026-09-20T13:35:30Z	discard	strat_floorhightier	{"b_hi": 0.65, "b_lo": 0.45, "b_mid": 0.55, "floor_lb": 19, "lookback": 15, "max_dist": 0.045, "regime_ma": 18}	25	44.283	-19.528	2.268	29.078	60.446	33.891	-13.678	14.717	TRAIN 44.28% <= best 45.16% [cagr] [risk:none select:cagr]
2026-09-20T13:35:39Z	discard	strat_floorhightier	{"b_hi": 0.65, "b_lo": 0.45, "b_mid": 0.55, "floor_lb": 19, "lookback": 15, "max_dist": 0.065, "regime_ma": 18}	25	44.157	-16.475	2.680	30.461	58.554	33.645	-13.564	14.717	TRAIN 44.16% <= best 45.16% [cagr] [risk:none select:cagr]
2026-09-20T13:35:49Z	discard	strat_floorhightier	{"b_hi": 0.65, "b_lo": 0.45, "b_mid": 0.55, "floor_lb": 19, "lookback": 15, "max_dist": 0.055, "regime_ma": 17}	25	44.819	-16.811	2.666	31.833	58.391	28.856	-13.639	14.717	TRAIN 44.82% <= best 45.16% [cagr] [risk:none select:cagr]
2026-09-20T13:35:58Z	discard	strat_floorhightier	{"b_hi": 0.65, "b_lo": 0.45, "b_mid": 0.55, "floor_lb": 19, "lookback": 15, "max_dist": 0.055, "regime_ma": 19}	25	45.421	-21.347	2.128	32.958	58.391	33.077	-13.639	14.717	DD -21.3% breaches floor/slack [risk:none select:cagr]
2026-09-20T13:36:07Z	keep	strat_floorhightier	{"b_hi": 0.65, "b_lo": 0.45, "b_mid": 0.55, "floor_lb": 19, "lookback": 16, "max_dist": 0.055, "regime_ma": 18}	25	45.233	-16.811	2.691	32.320	58.717	33.121	-13.639	14.717	beats best on cagr [risk:none select:cagr]
2026-09-20T13:36:18Z	discard	strat_floorhightier	{"b_hi": 0.65, "b_lo": 0.45, "b_mid": 0.55, "floor_lb": 20, "lookback": 15, "max_dist": 0.055, "regime_ma": 18}	25	44.039	-15.991	2.754	30.020	58.812	29.977	-16.280	14.717	TRAIN 44.04% <= best 45.23% [cagr] [risk:none select:cagr]
2026-09-20T13:36:28Z	discard	strat_floorhightierhold	{"b_hi": 0.65, "b_lo": 0.45, "b_mid": 0.55, "floor_lb": 19, "lookback": 15, "max_dist": 0.055, "max_hold": 6, "regime_ma": 18}	25	45.020	-15.981	2.817	31.699	58.974	32.997	-14.269	14.717	TRAIN 45.02% <= best 45.23% [cagr] [risk:max_hold=6 select:cagr]
2026-09-20T13:36:36Z	discard	strat_floorhightier	{"b_hi": 0.63, "b_lo": 0.43, "b_mid": 0.53, "floor_lb": 19, "lookback": 15, "max_dist": 0.055, "regime_ma": 18}	25	46.639	-21.347	2.185	35.249	58.391	35.556	-13.639	14.717	DD -21.3% breaches floor/slack [risk:none select:cagr]
2026-09-20T13:40:18Z	discard	strat_floorhightier	{"b_hi": 0.65, "b_lo": 0.45, "b_mid": 0.55, "floor_lb": 19, "lookback": 17, "max_dist": 0.055, "regime_ma": 18}	25	45.282	-16.811	2.694	32.320	58.822	33.121	-13.639	14.717	TRAIN 45.28% <= best 45.23% [cagr] [risk:none select:cagr]
2026-09-20T13:40:28Z	discard	strat_floorhightier	{"b_hi": 0.65, "b_lo": 0.45, "b_mid": 0.55, "floor_lb": 19, "lookback": 15, "max_dist": 0.055, "regime_ma": 18}	25	45.163	-16.811	2.686	32.475	58.391	32.730	-13.639	14.717	TRAIN 45.16% <= best 45.23% [cagr] [risk:none select:cagr]
2026-09-20T13:40:40Z	discard	strat_floorhightier	{"b_hi": 0.65, "b_lo": 0.45, "b_mid": 0.55, "floor_lb": 19, "lookback": 18, "max_dist": 0.055, "regime_ma": 18}	25	45.202	-16.811	2.689	32.320	58.652	33.233	-13.639	14.717	TRAIN 45.20% <= best 45.23% [cagr] [risk:none select:cagr]
2026-09-20T13:40:49Z	discard	strat_floorhightier	{"b_hi": 0.65, "b_lo": 0.45, "b_mid": 0.55, "floor_lb": 18, "lookback": 16, "max_dist": 0.055, "regime_ma": 18}	25	40.752	-17.174	2.373	29.988	51.844	37.366	-17.865	14.717	TRAIN 40.75% <= best 45.23% [cagr] [risk:none select:cagr]
2026-09-20T13:40:59Z	discard	strat_floorhightier	{"b_hi": 0.65, "b_lo": 0.45, "b_mid": 0.55, "floor_lb": 20, "lookback": 16, "max_dist": 0.055, "regime_ma": 18}	25	44.140	-15.991	2.760	29.927	59.139	30.124	-15.846	14.717	TRAIN 44.14% <= best 45.23% [cagr] [risk:none select:cagr]
2026-09-20T13:41:09Z	discard	strat_floorhightier	{"b_hi": 0.65, "b_lo": 0.45, "b_mid": 0.55, "floor_lb": 19, "lookback": 16, "max_dist": 0.065, "regime_ma": 18}	25	44.226	-16.475	2.685	30.308	58.880	34.036	-13.564	14.717	TRAIN 44.23% <= best 45.23% [cagr] [risk:none select:cagr]
2026-09-20T13:41:18Z	discard	strat_floorhightierhold	{"b_hi": 0.65, "b_lo": 0.45, "b_mid": 0.55, "floor_lb": 19, "lookback": 16, "max_dist": 0.055, "max_hold": 3, "regime_ma": 18}	25	45.262	-18.369	2.464	36.240	54.419	33.896	-16.366	14.717	TRAIN 45.26% <= best 45.23% [cagr] [risk:max_hold=3 select:cagr]
2026-09-20T13:41:29Z	discard	strat_floorhightier	{"b_hi": 0.65, "b_lo": 0.45, "b_mid": 0.55, "floor_lb": 19, "lookback": 16, "max_dist": 0.055, "regime_ma": 16}	25	44.243	-16.811	2.632	30.480	58.717	29.687	-13.639	14.717	TRAIN 44.24% <= best 45.23% [cagr] [risk:none select:cagr]
2026-09-20T13:41:40Z	discard	strat_floorhightier	{"b_hi": 0.67, "b_lo": 0.47, "b_mid": 0.57, "floor_lb": 19, "lookback": 16, "max_dist": 0.055, "regime_ma": 18}	25	43.530	-16.811	2.589	29.161	58.717	28.558	-13.639	14.717	TRAIN 43.53% <= best 45.23% [cagr] [risk:none select:cagr]
2026-09-20T13:41:49Z	discard	strat_floorhighpart	{"b_hi": 0.65, "b_lo": 0.45, "b_mid": 0.55, "floor_lb": 19, "lookback": 16, "max_dist": 0.055, "p_min": 0.5, "part_lb": 6, "regime_ma": 18}	25	44.430	-16.269	2.731	31.397	58.059	30.984	-14.620	14.717	TRAIN 44.43% <= best 45.23% [cagr] [risk:none select:cagr]
2026-09-20T13:42:46Z	discard	strat_floorhighblend	{"b_hi": 0.65, "b_lo": 0.45, "b_mid": 0.55, "blend_w": 1.0, "floor_lb": 19, "lookback": 16, "max_dist": 0.055, "regime_ma": 18}	25	43.715	-19.305	2.264	31.376	56.556	31.672	-13.539	14.717	TRAIN 43.71% <= best 45.23% [cagr] [risk:none select:cagr]
2026-09-20T13:42:56Z	discard	strat_floorhighblend	{"b_hi": 0.65, "b_lo": 0.45, "b_mid": 0.55, "blend_w": 0.5, "floor_lb": 19, "lookback": 16, "max_dist": 0.055, "regime_ma": 18}	25	42.575	-20.543	2.073	29.422	56.359	33.464	-13.539	14.717	TRAIN 42.57% <= best 45.23% [cagr] [risk:none select:cagr]
2026-09-20T13:43:05Z	discard	strat_floorhightierdual	{"b_hi": 0.65, "b_lo": 0.45, "b_mid": 0.55, "floor_lb": 19, "lookback": 16, "max_dist": 0.055, "regime_ma": 18, "weak_exp": 0.4}	25	45.233	-16.811	2.691	32.320	58.717	33.121	-13.639	14.717	TRAIN 45.23% <= best 45.23% [cagr] [risk:none select:cagr]
2026-09-20T13:43:15Z	discard	strat_floorhightierdual	{"b_hi": 0.65, "b_lo": 0.45, "b_mid": 0.55, "floor_lb": 19, "lookback": 16, "max_dist": 0.055, "regime_ma": 18, "weak_exp": 0.0}	25	45.233	-16.811	2.691	32.320	58.717	33.121	-13.639	14.717	TRAIN 45.23% <= best 45.23% [cagr] [risk:none select:cagr]
2026-09-20T13:43:33Z	keep	strat_floorhighfresh	{"b_hi": 0.65, "b_lo": 0.45, "b_mid": 0.55, "floor_lb": 19, "lookback": 16, "max_dist": 0.055, "regime_ma": 18}	25	45.940	-16.628	2.763	34.513	57.738	32.263	-13.539	14.717	beats best on cagr [risk:none select:cagr]
2026-09-20T13:43:41Z	discard	strat_floorhighfresh	{"b_hi": 0.65, "b_lo": 0.45, "b_mid": 0.55, "floor_lb": 19, "lookback": 15, "max_dist": 0.055, "regime_ma": 18}	25	45.803	-16.628	2.754	34.412	57.562	31.364	-13.539	14.717	TRAIN 45.80% <= best 45.94% [cagr] [risk:none select:cagr]
2026-09-20T13:46:12Z	discard	strat_floorhightiermom	{"b_hi": 0.65, "b_lo": 0.45, "b_mid": 0.55, "floor_lb": 19, "lookback": 16, "max_dist": 0.055, "regime_ma": 18}	25	36.012	-14.071	2.559	15.680	58.717	33.772	-13.639	14.717	TRAIN 36.01% <= best 45.94% [cagr] [risk:none select:cagr]
2026-09-20T13:46:34Z	discard	strat_floorhighentrant	{"b_hi": 0.65, "b_lo": 0.45, "b_mid": 0.55, "bonus": 5, "entry_lb": 3, "floor_lb": 19, "lookback": 16, "max_dist": 0.055, "regime_ma": 18}	25	40.006	-23.490	1.703	19.563	62.745	20.567	-21.751	14.717	TRAIN 40.01% <= best 45.94% [cagr] [risk:none select:cagr]
2026-09-20T13:47:30Z	discard	strat_floorhighregimeswitch	{"b_hi": 0.65, "b_lo": 0.45, "b_mid": 0.55, "floor_lb": 19, "lookback": 16, "max_dist": 0.055, "regime_ma": 18}	25	37.317	-14.511	2.572	20.880	55.068	26.289	-13.639	14.717	TRAIN 37.32% <= best 45.94% [cagr] [risk:none select:cagr]
2026-09-20T13:51:13Z	discard	strat_floorhighentrant	{"b_hi": 0.65, "b_lo": 0.45, "b_mid": 0.55, "bonus": 5, "entry_lb": 6, "floor_lb": 19, "lookback": 16, "max_dist": 0.055, "regime_ma": 18}	25	44.110	-22.023	2.003	31.065	57.756	38.541	-11.016	14.717	TRAIN 44.11% <= best 45.94% [cagr] [risk:none select:cagr]
2026-09-20T13:51:23Z	discard	strat_floorhighfreshpart	{"b_hi": 0.65, "b_lo": 0.45, "b_mid": 0.55, "floor_lb": 19, "lookback": 16, "max_dist": 0.055, "p_min": 0.5, "part_lb": 6, "regime_ma": 18}	25	45.624	-17.258	2.644	33.611	58.082	29.973	-13.530	14.717	TRAIN 45.62% <= best 45.94% [cagr] [risk:none select:cagr]
2026-09-20T13:51:33Z	discard	strat_floorhightiercontra	{"b_hi": 0.65, "b_lo": 0.45, "b_mid": 0.55, "contra_e": 0.25, "floor_lb": 19, "lookback": 16, "max_dist": 0.055, "regime_ma": 18}	25	44.928	-23.144	1.941	32.422	57.950	34.620	-13.639	14.717	TRAIN 44.93% <= best 45.94% [cagr] [risk:none select:cagr]
2026-09-20T13:51:42Z	discard	strat_floorhightiercontra	{"b_hi": 0.65, "b_lo": 0.45, "b_mid": 0.55, "contra_e": 0.5, "floor_lb": 19, "lookback": 16, "max_dist": 0.055, "regime_ma": 18}	25	45.469	-26.938	1.688	32.800	58.672	37.045	-13.639	14.717	TRAIN 45.47% <= best 45.94% [cagr] [risk:none select:cagr]
2026-09-20T13:51:52Z	discard	strat_floorhighborda	{"b_hi": 0.65, "b_lo": 0.45, "b_mid": 0.55, "floor_lb": 19, "lookback": 16, "max_dist": 0.055, "regime_ma": 18}	25	13.427	-11.327	1.185	8.894	17.924	7.676	-11.650	14.717	TRAIN 13.43% <= best 45.94% [cagr] [risk:none select:cagr]
2026-09-20T13:54:24Z	discard	strat_floorhighfresh	{"b_hi": 0.65, "b_lo": 0.45, "b_mid": 0.55, "floor_lb": 19, "lookback": 16, "max_dist": 0.055, "max_hold": 6, "regime_ma": 18}	25	44.820	-18.489	2.424	32.867	57.218	33.399	-12.750	14.717	TRAIN 44.82% <= best 45.94% [cagr] [risk:max_hold=6 select:cagr]
2026-09-20T13:54:33Z	discard	strat_floorhightieror	{"b_hi": 0.65, "b_lo": 0.45, "b_mid": 0.55, "floor_lb": 19, "lookback": 16, "max_dist": 0.055, "regime_ma": 18, "weak_exp": 0.4}	25	53.476	-40.024	1.336	44.805	62.226	53.781	-21.868	14.717	DD -40.0% breaches floor/slack [risk:none select:cagr]
2026-09-20T13:54:43Z	discard	strat_floorhighliftmom	{"b_hi": 0.65, "b_lo": 0.45, "b_mid": 0.55, "floor_lb": 19, "lookback": 16, "max_dist": 0.055, "mom_lb": 12, "regime_ma": 18}	25	34.518	-14.701	2.348	30.749	38.213	22.288	-18.377	14.717	TRAIN 34.52% <= best 45.94% [cagr] [risk:none select:cagr]
2026-09-20T13:54:53Z	discard	strat_floorhighliftmom	{"b_hi": 0.65, "b_lo": 0.45, "b_mid": 0.55, "floor_lb": 19, "lookback": 16, "max_dist": 0.055, "mom_lb": 6, "regime_ma": 18}	25	38.754	-17.881	2.167	27.152	50.802	29.666	-19.355	14.717	TRAIN 38.75% <= best 45.94% [cagr] [risk:none select:cagr]
2026-09-20T13:56:34Z	discard	strat_floorhighdiverse	{"b_hi": 0.65, "b_lo": 0.45, "b_mid": 0.55, "floor_lb": 19, "lookback": 16, "max_dist": 0.055, "max_per_ind": 3, "regime_ma": 18}	25	34.370	-13.980	2.459	24.718	44.268	22.047	-14.028	14.717	TRAIN 34.37% <= best 45.94% [cagr] [risk:none select:cagr]
2026-09-20T13:56:44Z	discard	strat_floorhighdiverse	{"b_hi": 0.65, "b_lo": 0.45, "b_mid": 0.55, "floor_lb": 19, "lookback": 16, "max_dist": 0.055, "max_per_ind": 5, "regime_ma": 18}	25	39.011	-15.956	2.445	29.450	48.784	18.693	-15.032	14.717	TRAIN 39.01% <= best 45.94% [cagr] [risk:none select:cagr]
2026-09-20T13:57:11Z	discard	strat_floorhighsmooth	{"b_hi": 0.65, "b_lo": 0.45, "b_mid": 0.55, "floor_lb": 19, "lookback": 16, "max_dist": 0.055, "regime_ma": 18}	25	38.481	-17.416	2.210	28.957	48.217	28.873	-14.639	14.717	TRAIN 38.48% <= best 45.94% [cagr] [risk:none select:cagr]
2026-09-20T13:57:21Z	discard	strat_floorhighfresh	{"b_hi": 0.65, "b_lo": 0.45, "b_mid": 0.55, "floor_lb": 19, "lookback": 12, "max_dist": 0.055, "regime_ma": 18}	25	45.271	-17.082	2.650	34.197	56.679	31.364	-13.539	14.717	TRAIN 45.27% <= best 45.94% [cagr] [risk:none select:cagr]
2026-09-20T13:57:30Z	discard	strat_floorhighfresh	{"b_hi": 0.65, "b_lo": 0.45, "b_mid": 0.55, "floor_lb": 19, "lookback": 8, "max_dist": 0.055, "regime_ma": 18}	25	43.721	-17.082	2.559	31.413	56.528	30.251	-13.530	14.717	TRAIN 43.72% <= best 45.94% [cagr] [risk:none select:cagr]
2026-09-20T13:57:43Z	discard	strat_floorhighabsveto	{"b_hi": 0.65, "b_lo": 0.45, "b_mid": 0.55, "floor_lb": 19, "lookback": 16, "max_dist": 0.055, "regime_ma": 18, "veto_e": 0.0, "veto_lb": 12}	25	45.940	-16.628	2.763	34.513	57.738	31.413	-13.539	14.717	TRAIN 45.94% <= best 45.94% [cagr] [risk:none select:cagr]
2026-09-20T13:57:53Z	discard	strat_floorhighabsveto	{"b_hi": 0.65, "b_lo": 0.45, "b_mid": 0.55, "floor_lb": 19, "lookback": 16, "max_dist": 0.055, "regime_ma": 18, "veto_e": 0.4, "veto_lb": 12}	25	45.940	-16.628	2.763	34.513	57.738	32.263	-13.539	14.717	TRAIN 45.94% <= best 45.94% [cagr] [risk:none select:cagr]
2026-09-20T13:59:03Z	keep	strat_floorhighfastgate	{"b_hi": 0.65, "b_lo": 0.45, "b_mid": 0.55, "fast_ma": 6, "floor_lb": 19, "lookback": 16, "max_dist": 0.055, "regime_ma": 18}	25	46.053	-16.628	2.770	34.726	57.738	32.263	-13.539	14.717	beats best on cagr [risk:none select:cagr]
2026-09-20T13:59:12Z	discard	strat_floorhighfastgate	{"b_hi": 0.65, "b_lo": 0.45, "b_mid": 0.55, "fast_ma": 3, "floor_lb": 19, "lookback": 16, "max_dist": 0.055, "regime_ma": 18}	25	46.017	-16.628	2.767	34.658	57.738	32.263	-13.539	14.717	TRAIN 46.02% <= best 46.05% [cagr] [risk:none select:cagr]
2026-09-20T13:59:41Z	discard	strat_floorhighnotail	{"b_hi": 0.65, "b_lo": 0.45, "b_mid": 0.55, "floor_lb": 19, "lookback": 16, "max_dist": 0.055, "regime_ma": 18, "tail_q": 0.95}	25	35.296	-16.531	2.135	27.115	43.586	22.126	-17.552	14.717	TRAIN 35.30% <= best 46.05% [cagr] [risk:none select:cagr]
2026-09-20T13:59:49Z	discard	strat_floorhighnotail	{"b_hi": 0.65, "b_lo": 0.45, "b_mid": 0.55, "floor_lb": 19, "lookback": 16, "max_dist": 0.055, "regime_ma": 18, "tail_q": 0.99}	25	43.406	-21.278	2.040	32.636	54.488	32.919	-16.767	14.717	TRAIN 43.41% <= best 46.05% [cagr] [risk:none select:cagr]
2026-09-20T14:00:57Z	discard	strat_floorhighfirstprint	{"b_hi": 0.65, "b_lo": 0.45, "b_mid": 0.55, "excl_lb": 3, "fast_ma": 6, "floor_lb": 19, "lookback": 16, "max_dist": 0.055, "regime_ma": 18}	25	29.724	-20.166	1.474	14.141	46.559	21.560	-12.979	14.717	TRAIN 29.72% <= best 46.05% [cagr] [risk:none select:cagr]
2026-09-20T14:01:07Z	discard	strat_floorhighfirstprint	{"b_hi": 0.65, "b_lo": 0.45, "b_mid": 0.55, "excl_lb": 6, "fast_ma": 6, "floor_lb": 19, "lookback": 16, "max_dist": 0.055, "regime_ma": 18}	25	13.649	-17.788	0.767	6.060	21.389	14.544	-20.079	14.717	TRAIN 13.65% <= best 46.05% [cagr] [risk:none select:cagr]
2026-09-20T14:01:59Z	discard	strat_floorhighvolconf	{"b_hi": 0.65, "b_lo": 0.45, "b_mid": 0.55, "fast_ma": 6, "floor_lb": 19, "lookback": 16, "max_dist": 0.055, "regime_ma": 18, "vol_lb": 6, "vol_mult": 1.0}	25	35.089	-18.549	1.892	27.260	43.003	29.576	-16.091	14.717	TRAIN 35.09% <= best 46.05% [cagr] [risk:none select:cagr]
2026-09-20T14:02:15Z	discard	strat_floorhighvolconf	{"b_hi": 0.65, "b_lo": 0.45, "b_mid": 0.55, "fast_ma": 6, "floor_lb": 19, "lookback": 16, "max_dist": 0.055, "regime_ma": 18, "vol_lb": 6, "vol_mult": 1.5}	25	30.924	-18.045	1.714	24.439	37.421	22.998	-14.069	14.717	TRAIN 30.92% <= best 46.05% [cagr] [risk:none select:cagr]
2026-09-20T14:03:36Z	discard	strat_floorhighhotprint	{"b_hi": 0.65, "b_lo": 0.45, "b_mid": 0.55, "fast_ma": 6, "floor_lb": 19, "lookback": 16, "max_dist": 0.055, "regime_ma": 18}	25	27.789	-18.087	1.536	11.845	45.103	21.408	-19.937	14.717	TRAIN 27.79% <= best 46.05% [cagr] [risk:none select:cagr]
2026-09-20T14:03:46Z	discard	strat_floorhighfastgate	{"b_hi": 0.65, "b_lo": 0.45, "b_mid": 0.55, "fast_ma": 12, "floor_lb": 19, "lookback": 16, "max_dist": 0.055, "regime_ma": 18}	25	45.649	-16.628	2.745	33.965	57.738	32.263	-13.539	14.717	TRAIN 45.65% <= best 46.05% [cagr] [risk:none select:cagr]
2026-09-20T14:05:20Z	discard	strat_floorhighsteadyprint	{"b_hi": 0.65, "b_lo": 0.45, "b_mid": 0.55, "fast_ma": 6, "floor_lb": 19, "lookback": 16, "max_dip": 0.05, "max_dist": 0.055, "regime_ma": 18}	25	37.536	-14.825	2.532	17.501	59.814	42.316	-10.843	14.717	TRAIN 37.54% <= best 46.05% [cagr] [risk:none select:cagr]
2026-09-20T14:05:33Z	discard	strat_floorhighsteadyprint	{"b_hi": 0.65, "b_lo": 0.45, "b_mid": 0.55, "fast_ma": 6, "floor_lb": 19, "lookback": 16, "max_dip": 0.1, "max_dist": 0.055, "regime_ma": 18}	25	45.638	-17.152	2.661	33.272	58.496	37.085	-13.079	14.717	TRAIN 45.64% <= best 46.05% [cagr] [risk:none select:cagr]
2026-09-20T14:06:58Z	discard	strat_floorhighpartmult	{"b_hi": 0.65, "b_lo": 0.45, "b_mid": 0.55, "fast_ma": 6, "floor_lb": 19, "lookback": 16, "max_dist": 0.055, "part_lb": 6, "regime_ma": 18}	25	42.865	-19.798	2.165	28.144	58.473	32.613	-14.620	14.717	TRAIN 42.86% <= best 46.05% [cagr] [risk:none select:cagr]
2026-09-20T14:08:39Z	discard	strat_floorhighsustainprint	{"b_hi": 0.65, "b_lo": 0.45, "b_mid": 0.55, "fast_ma": 6, "floor_lb": 19, "lookback": 16, "max_dist": 0.055, "regime_ma": 18, "sustain_lb": 3}	25	45.592	-16.996	2.682	34.204	57.349	31.464	-15.452	14.717	TRAIN 45.59% <= best 46.05% [cagr] [risk:none select:cagr]
2026-09-20T14:08:48Z	keep	strat_floorhighsustainprint	{"b_hi": 0.65, "b_lo": 0.45, "b_mid": 0.55, "fast_ma": 6, "floor_lb": 19, "lookback": 16, "max_dist": 0.055, "regime_ma": 18, "sustain_lb": 6}	25	47.573	-16.912	2.813	35.136	60.496	32.256	-13.506	14.717	beats best on cagr [risk:none select:cagr]
2026-09-20T14:10:31Z	discard	strat_floorhighprintcount	{"b_hi": 0.65, "b_lo": 0.45, "b_mid": 0.55, "fast_ma": 6, "floor_lb": 19, "lookback": 16, "max_dist": 0.055, "regime_ma": 18, "sustain_lb": 6}	25	24.084	-15.345	1.570	16.008	32.309	20.042	-12.296	14.717	TRAIN 24.08% <= best 47.57% [cagr] [risk:none select:cagr]
2026-09-20T14:10:41Z	discard	strat_floorhighsustainprint	{"b_hi": 0.65, "b_lo": 0.45, "b_mid": 0.55, "fast_ma": 6, "floor_lb": 19, "lookback": 16, "max_dist": 0.055, "regime_ma": 18, "sustain_lb": 12}	25	45.763	-17.567	2.605	32.569	59.564	32.588	-13.539	14.717	TRAIN 45.76% <= best 47.57% [cagr] [risk:none select:cagr]
2026-09-20T14:11:44Z	keep	strat_floorhighsustaincond	{"b_hi": 0.65, "b_lo": 0.45, "b_mid": 0.55, "fast_ma": 6, "floor_lb": 19, "lookback": 16, "max_dist": 0.055, "regime_ma": 18, "sustain_hi": 2, "sustain_lo": 6}	25	47.987	-16.384	2.929	35.952	60.452	32.233	-13.506	14.717	beats best on cagr [risk:none select:cagr]
2026-09-20T14:11:54Z	discard	strat_floorhighsustaincond	{"b_hi": 0.65, "b_lo": 0.45, "b_mid": 0.55, "fast_ma": 6, "floor_lb": 19, "lookback": 16, "max_dist": 0.055, "regime_ma": 18, "sustain_hi": 3, "sustain_lo": 6}	25	47.694	-16.580	2.877	35.401	60.452	32.660	-13.506	14.717	TRAIN 47.69% <= best 47.99% [cagr] [risk:none select:cagr]
2026-09-20T14:13:58Z	discard	strat_floorhighsustaincond	{"b_hi": 0.65, "b_lo": 0.45, "b_mid": 0.55, "fast_ma": 6, "floor_lb": 19, "lookback": 16, "max_dist": 0.055, "regime_ma": 18, "sustain_hi": 1, "sustain_lo": 6}	25	48.007	-16.981	2.827	35.748	60.725	31.471	-13.506	14.717	TRAIN 48.01% <= best 47.99% [cagr] [risk:none select:cagr]
2026-09-20T14:14:07Z	discard	strat_floorhighsustaincond	{"b_hi": 0.65, "b_lo": 0.45, "b_mid": 0.55, "fast_ma": 6, "floor_lb": 19, "lookback": 16, "max_dist": 0.055, "regime_ma": 18, "sustain_hi": 4, "sustain_lo": 6}	25	47.293	-17.250	2.742	34.611	60.496	32.642	-13.506	14.717	TRAIN 47.29% <= best 47.99% [cagr] [risk:none select:cagr]
2026-09-20T14:15:31Z	discard	strat_floorhighsustainplain	{"b_hi": 0.65, "b_lo": 0.45, "b_mid": 0.55, "floor_lb": 19, "lookback": 16, "max_dist": 0.055, "regime_ma": 18, "sustain_lb": 6}	25	47.675	-16.912	2.819	35.327	60.496	32.256	-13.506	14.717	TRAIN 47.67% <= best 47.99% [cagr] [risk:none select:cagr]
2026-09-20T14:15:42Z	discard	strat_floorhighsustain2	{"b_hi": 0.65, "b_lo": 0.45, "b_mid": 0.55, "fast_ma": 6, "floor_lb": 19, "lookback": 16, "max_dist": 0.055, "min_prints": 2, "regime_ma": 18, "sustain_lb": 6}	25	47.573	-16.912	2.813	35.136	60.496	32.256	-13.506	14.717	TRAIN 47.57% <= best 47.99% [cagr] [risk:none select:cagr]
2026-09-20T14:15:53Z	discard	strat_floorhighsustain2	{"b_hi": 0.65, "b_lo": 0.45, "b_mid": 0.55, "fast_ma": 6, "floor_lb": 19, "lookback": 16, "max_dist": 0.055, "min_prints": 3, "regime_ma": 18, "sustain_lb": 6}	25	39.998	-17.282	2.314	27.425	53.140	31.923	-14.952	14.717	TRAIN 40.00% <= best 47.99% [cagr] [risk:none select:cagr]
2026-09-20T14:16:03Z	discard	strat_floorhighsustaincond	{"b_hi": 0.65, "b_lo": 0.45, "b_mid": 0.55, "fast_ma": 6, "floor_lb": 19, "lookback": 16, "max_dist": 0.055, "regime_ma": 18, "sustain_hi": 2, "sustain_lo": 9}	25	46.605	-16.871	2.763	33.328	60.495	33.447	-13.506	14.717	TRAIN 46.61% <= best 47.99% [cagr] [risk:none select:cagr]
2026-09-20T14:16:40Z	discard	strat_floorhighsustainprint	{"b_hi": 0.65, "b_lo": 0.45, "b_mid": 0.55, "fast_ma": 3, "floor_lb": 19, "lookback": 16, "max_dist": 0.055, "regime_ma": 18, "sustain_lb": 6}	25	47.606	-16.912	2.815	34.950	60.777	32.256	-13.506	14.717	TRAIN 47.61% <= best 47.99% [cagr] [risk:none select:cagr]
2026-09-20T14:16:54Z	discard	strat_floorhighsustaincond	{"b_hi": 0.65, "b_lo": 0.45, "b_mid": 0.55, "fast_ma": 6, "floor_lb": 19, "lookback": 16, "max_dist": 0.055, "regime_ma": 18, "sustain_hi": 2, "sustain_lo": 3}	25	45.881	-16.801	2.731	34.750	57.349	31.040	-15.452	14.717	TRAIN 45.88% <= best 47.99% [cagr] [risk:none select:cagr]
2026-09-20T14:17:38Z	discard	strat_floorhighsustaincond	{"b_hi": 0.65, "b_lo": 0.45, "b_mid": 0.55, "fast_ma": 6, "floor_lb": 19, "lookback": 16, "max_dist": 0.055, "regime_ma": 18, "sustain_hi": 2, "sustain_lo": 12}	25	45.313	-16.871	2.686	31.616	59.698	32.331	-13.539	14.717	TRAIN 45.31% <= best 47.99% [cagr] [risk:none select:cagr]
2026-09-20T14:17:49Z	discard	strat_floorhighsustainprint	{"b_hi": 0.65, "b_lo": 0.45, "b_mid": 0.55, "fast_ma": 12, "floor_lb": 19, "lookback": 16, "max_dist": 0.055, "regime_ma": 18, "sustain_lb": 6}	25	47.674	-16.912	2.819	35.325	60.496	32.256	-13.506	14.717	TRAIN 47.67% <= best 47.99% [cagr] [risk:none select:cagr]
2026-09-20T14:18:14Z	discard	strat_floorhighheatgate	{"b_hi": 0.65, "b_lo": 0.45, "b_mid": 0.55, "fast_ma": 6, "floor_lb": 19, "h_min": 0.05, "lookback": 16, "max_dist": 0.055, "regime_ma": 18, "sustain_lb": 6}	25	41.822	-22.359	1.870	28.086	56.289	35.633	-14.048	14.717	TRAIN 41.82% <= best 47.99% [cagr] [risk:none select:cagr]
2026-09-20T14:18:24Z	discard	strat_floorhighheatgate	{"b_hi": 0.65, "b_lo": 0.45, "b_mid": 0.55, "fast_ma": 6, "floor_lb": 19, "h_min": 0.1, "lookback": 16, "max_dist": 0.055, "regime_ma": 18, "sustain_lb": 6}	25	41.383	-23.669	1.748	30.006	53.157	38.715	-13.053	14.717	TRAIN 41.38% <= best 47.99% [cagr] [risk:none select:cagr]
2026-09-20T14:20:26Z	discard	strat_floorhighsustaincondplain	{"b_hi": 0.65, "b_lo": 0.45, "b_mid": 0.55, "floor_lb": 19, "lookback": 16, "max_dist": 0.055, "regime_ma": 18, "sustain_hi": 2, "sustain_lo": 6}	25	47.743	-16.384	2.914	35.493	60.452	32.233	-13.506	14.717	TRAIN 47.74% <= best 47.99% [cagr] [risk:none select:cagr]
2026-09-20T14:20:36Z	discard	strat_floorhightier	{"b_hi": 0.65, "b_lo": 0.45, "b_mid": 0.55, "floor_lb": 19, "lookback": 16, "max_dist": 0.055, "regime_ma": 18}	25	45.233	-16.811	2.691	32.320	58.717	33.121	-13.639	14.717	TRAIN 45.23% <= best 47.99% [cagr] [risk:none select:cagr]
2026-09-20T14:21:28Z	discard	strat_floorhighsustaincondplain	{"b_hi": 0.65, "b_lo": 0.45, "b_mid": 0.55, "floor_lb": 19, "lookback": 16, "max_dist": 0.055, "regime_ma": 18, "sustain_hi": 1, "sustain_lo": 6}	25	47.732	-16.978	2.811	35.233	60.725	31.471	-13.506	14.717	TRAIN 47.73% <= best 47.99% [cagr] [risk:none select:cagr]
2026-09-20T14:21:39Z	discard	strat_floorhighsustain2	{"b_hi": 0.65, "b_lo": 0.45, "b_mid": 0.55, "fast_ma": 6, "floor_lb": 19, "lookback": 16, "max_dist": 0.055, "min_prints": 4, "regime_ma": 18, "sustain_lb": 6}	25	36.797	-18.779	1.959	26.748	47.120	27.367	-16.856	14.717	TRAIN 36.80% <= best 47.99% [cagr] [risk:none select:cagr]
2026-09-20T14:21:48Z	discard	strat_floorhighsustainprint	{"b_hi": 0.65, "b_lo": 0.45, "b_mid": 0.55, "fast_ma": 6, "floor_lb": 19, "lookback": 16, "max_dist": 0.055, "regime_ma": 18, "sustain_lb": 9}	25	46.726	-17.567	2.660	33.671	60.360	32.963	-13.506	14.717	TRAIN 46.73% <= best 47.99% [cagr] [risk:none select:cagr]
2026-09-20T14:22:11Z	discard	strat_floorhighsustaincond	{"b_hi": 0.65, "b_lo": -1.0, "b_mid": 0.55, "fast_ma": 6, "floor_lb": 19, "lookback": 16, "max_dist": 0.055, "regime_ma": 18, "sustain_hi": 2, "sustain_lo": 6}	25	46.893	-32.546	1.441	35.612	58.522	36.892	-14.017	14.717	TRAIN 46.89% <= best 47.99% [cagr] [risk:none select:cagr]
2026-09-20T14:22:29Z	keep	strat_floorhighsustaincond	{"b_hi": 0.65, "b_lo": 0.45, "b_mid": 0.55, "fast_ma": 9, "floor_lb": 19, "lookback": 16, "max_dist": 0.055, "regime_ma": 18, "sustain_hi": 2, "sustain_lo": 6}	25	48.139	-16.384	2.938	36.240	60.452	32.233	-13.506	14.717	beats best on cagr [risk:none select:cagr]
2026-09-20T14:23:47Z	discard	strat_floorhighliqw	{"b_hi": 0.65, "b_lo": 0.45, "b_mid": 0.55, "fast_ma": 9, "floor_lb": 19, "liq_lb": 6, "liq_w": 0.5, "lookback": 16, "max_dist": 0.055, "regime_ma": 18, "sustain_hi": 2, "sustain_lo": 6}	25	33.715	-16.907	1.994	23.993	43.694	20.443	-23.189	14.717	TRAIN 33.71% <= best 48.14% [cagr] [risk:none select:cagr]
2026-09-20T14:24:12Z	discard	strat_floorhighliqw	{"b_hi": 0.65, "b_lo": 0.45, "b_mid": 0.55, "fast_ma": 9, "floor_lb": 19, "liq_lb": 6, "liq_w": 1.0, "lookback": 16, "max_dist": 0.055, "regime_ma": 18, "sustain_hi": 2, "sustain_lo": 6}	25	25.117	-16.708	1.503	18.968	31.277	16.246	-18.907	14.717	TRAIN 25.12% <= best 48.14% [cagr] [risk:none select:cagr]
2026-09-20T15:22:16Z	discard	strat_floorhighsustaincond	{"b_hi": 0.65, "b_lo": 0.45, "b_mid": 0.55, "fast_ma": 9, "floor_lb": 19, "lookback": 16, "max_dist": 0.055, "regime_ma": 18, "sustain_hi": 2, "sustain_lo": 6, "trail_k": 0.1}	25	36.503	-16.882	2.162	28.882	44.189	31.033	-15.949	14.717	TRAIN 36.50% <= best 48.14% [cagr] [risk:trail_k=0.1 select:cagr]
2026-09-20T15:22:30Z	discard	strat_floorhighsustaincond	{"b_hi": 0.65, "b_lo": 0.45, "b_mid": 0.55, "fast_ma": 9, "floor_lb": 19, "lookback": 16, "max_dist": 0.055, "regime_ma": 18, "sustain_hi": 2, "sustain_lo": 6, "trail_k": 0.15}	25	39.066	-16.719	2.337	31.676	46.499	35.870	-12.563	14.717	TRAIN 39.07% <= best 48.14% [cagr] [risk:trail_k=0.15 select:cagr]
2026-09-20T15:22:54Z	discard	strat_floorhighsustaincond	{"b_hi": 0.65, "b_lo": 0.45, "b_mid": 0.55, "fast_ma": 9, "floor_lb": 19, "lookback": 16, "max_dist": 0.055, "regime_ma": 18, "sustain_hi": 2, "sustain_lo": 6, "trail_k": 0.2}	25	36.616	-16.449	2.226	30.035	43.200	35.958	-12.024	14.717	TRAIN 36.62% <= best 48.14% [cagr] [risk:trail_k=0.2 select:cagr]
2026-09-20T15:23:13Z	discard	strat_floorhighsustaincond	{"b_hi": 0.65, "b_lo": 0.45, "b_mid": 0.55, "fast_ma": 9, "floor_lb": 19, "lookback": 16, "max_dist": 0.055, "regime_ma": 18, "sustain_hi": 2, "sustain_lo": 6, "trail_k": 0.25}	25	36.559	-17.425	2.098	31.122	41.953	32.131	-12.024	14.717	TRAIN 36.56% <= best 48.14% [cagr] [risk:trail_k=0.25 select:cagr]
2026-09-20T15:23:22Z	discard	strat_floorhighsustaincond	{"b_hi": 0.65, "b_lo": 0.45, "b_mid": 0.55, "fast_ma": 9, "floor_lb": 19, "lookback": 16, "max_dist": 0.055, "max_hold": 3, "regime_ma": 18, "sustain_hi": 2, "sustain_lo": 6}	25	44.488	-18.154	2.451	34.124	55.114	36.163	-13.498	14.717	TRAIN 44.49% <= best 48.14% [cagr] [risk:max_hold=3 select:cagr]
2026-09-20T15:23:29Z	discard	strat_floorhighsustaincond	{"b_hi": 0.65, "b_lo": 0.45, "b_mid": 0.55, "fast_ma": 9, "floor_lb": 19, "lookback": 16, "max_dist": 0.055, "max_hold": 6, "regime_ma": 18, "sustain_hi": 2, "sustain_lo": 6}	25	46.976	-17.850	2.632	34.737	59.679	34.118	-12.390	14.717	TRAIN 46.98% <= best 48.14% [cagr] [risk:max_hold=6 select:cagr]
2026-09-20T15:23:37Z	discard	strat_floorhighsustaincond	{"b_hi": 0.65, "b_lo": 0.45, "b_mid": 0.55, "fast_ma": 9, "floor_lb": 19, "lookback": 16, "max_dist": 0.055, "max_hold": 9, "regime_ma": 18, "sustain_hi": 2, "sustain_lo": 6}	25	48.176	-16.384	2.940	36.240	60.530	32.162	-13.790	14.717	TRAIN 48.18% <= best 48.14% [cagr] [risk:max_hold=9 select:cagr]
2026-09-20T15:23:45Z	discard	strat_floorhighsustaincond	{"b_hi": 0.65, "b_lo": 0.45, "b_mid": 0.55, "fast_ma": 9, "floor_lb": 19, "lookback": 16, "max_dist": 0.055, "max_hold": 12, "regime_ma": 18, "sustain_hi": 2, "sustain_lo": 6}	25	48.139	-16.384	2.938	36.240	60.452	32.233	-13.506	14.717	TRAIN 48.14% <= best 48.14% [cagr] [risk:max_hold=12 select:cagr]
2026-09-20T15:23:55Z	discard	strat_floorhighsustaincond	{"b_hi": 0.65, "b_lo": 0.45, "b_mid": 0.55, "fast_ma": 9, "floor_lb": 19, "lookback": 16, "max_dist": 0.055, "regime_ma": 18, "sustain_hi": 2, "sustain_lo": 6}	15	47.473	-17.902	2.652	34.377	61.147	33.489	-17.869	14.717	TRAIN 47.47% <= best 48.14% [cagr] [risk:none select:cagr]
2026-09-20T15:24:02Z	keep	strat_floorhighsustaincond	{"b_hi": 0.65, "b_lo": 0.45, "b_mid": 0.55, "fast_ma": 9, "floor_lb": 19, "lookback": 16, "max_dist": 0.055, "regime_ma": 18, "sustain_hi": 2, "sustain_lo": 6}	20	48.933	-17.012	2.876	32.312	66.720	37.828	-11.103	14.717	beats best on cagr [risk:none select:cagr]
2026-09-20T15:24:10Z	discard	strat_floorhighsustaincond	{"b_hi": 0.65, "b_lo": 0.45, "b_mid": 0.55, "fast_ma": 9, "floor_lb": 19, "lookback": 16, "max_dist": 0.055, "regime_ma": 18, "sustain_hi": 2, "sustain_lo": 6}	30	41.616	-16.860	2.468	31.804	51.651	32.102	-14.597	14.717	TRAIN 41.62% <= best 48.93% [cagr] [risk:none select:cagr]
2026-09-20T15:24:19Z	discard	strat_floorhighsustaincond	{"b_hi": 0.65, "b_lo": 0.45, "b_mid": 0.55, "fast_ma": 9, "floor_lb": 19, "lookback": 16, "max_dist": 0.055, "regime_ma": 18, "sustain_hi": 2, "sustain_lo": 6}	40	36.971	-16.826	2.197	27.719	46.417	31.705	-15.200	14.717	TRAIN 36.97% <= best 48.93% [cagr] [risk:none select:cagr]
2026-09-20T15:24:31Z	discard	strat_floorhighsustaincond	{"b_hi": 0.65, "b_lo": 0.45, "b_mid": 0.55, "fast_ma": 8, "floor_lb": 19, "lookback": 16, "max_dist": 0.055, "regime_ma": 18, "sustain_hi": 2, "sustain_lo": 6}	25	48.143	-16.384	2.938	36.246	60.452	32.233	-13.506	14.717	TRAIN 48.14% <= best 48.93% [cagr] [risk:none select:cagr]
2026-09-20T15:24:39Z	discard	strat_floorhighsustaincond	{"b_hi": 0.65, "b_lo": 0.45, "b_mid": 0.55, "fast_ma": 10, "floor_lb": 19, "lookback": 16, "max_dist": 0.055, "regime_ma": 18, "sustain_hi": 2, "sustain_lo": 6}	25	48.085	-16.384	2.935	36.138	60.452	32.233	-13.506	14.717	TRAIN 48.09% <= best 48.93% [cagr] [risk:none select:cagr]
2026-09-20T15:24:52Z	discard	strat_floorhighsustaincond	{"b_hi": 0.65, "b_lo": 0.45, "b_mid": 0.55, "fast_ma": 12, "floor_lb": 19, "lookback": 16, "max_dist": 0.055, "regime_ma": 18, "sustain_hi": 2, "sustain_lo": 6}	25	47.740	-16.384	2.914	35.488	60.452	32.233	-13.506	14.717	TRAIN 47.74% <= best 48.93% [cagr] [risk:none select:cagr]
2026-09-20T15:25:00Z	discard	strat_floorhighsustaincond	{"b_hi": 0.65, "b_lo": 0.45, "b_mid": 0.55, "fast_ma": 9, "floor_lb": 19, "lookback": 16, "max_dist": 0.055, "regime_ma": 18, "sustain_hi": 2, "sustain_lo": 5}	25	46.839	-16.384	2.859	35.429	58.612	32.555	-14.060	14.717	TRAIN 46.84% <= best 48.93% [cagr] [risk:none select:cagr]
2026-09-20T15:25:08Z	discard	strat_floorhighsustaincond	{"b_hi": 0.65, "b_lo": 0.45, "b_mid": 0.55, "fast_ma": 9, "floor_lb": 19, "lookback": 16, "max_dist": 0.055, "regime_ma": 18, "sustain_hi": 2, "sustain_lo": 7}	25	46.766	-16.392	2.853	34.025	60.041	32.655	-13.506	14.717	TRAIN 46.77% <= best 48.93% [cagr] [risk:none select:cagr]
2026-09-20T15:25:14Z	discard	strat_floorhighsustaincond	{"b_hi": 0.65, "b_lo": 0.45, "b_mid": 0.55, "fast_ma": 9, "floor_lb": 19, "lookback": 16, "max_dist": 0.055, "regime_ma": 18, "sustain_hi": 2, "sustain_lo": 8}	25	46.834	-16.392	2.857	33.755	60.495	32.655	-13.506	14.717	TRAIN 46.83% <= best 48.93% [cagr] [risk:none select:cagr]
2026-09-20T15:25:23Z	discard	strat_floorhighsustaincond	{"b_hi": 0.65, "b_lo": 0.45, "b_mid": 0.55, "fast_ma": 9, "floor_lb": 19, "lookback": 16, "max_dist": 0.055, "regime_ma": 18, "sustain_hi": 3, "sustain_lo": 6}	25	47.746	-16.580	2.880	35.500	60.452	32.660	-13.506	14.717	TRAIN 47.75% <= best 48.93% [cagr] [risk:none select:cagr]
2026-09-20T15:25:32Z	discard	strat_floorhighsustaincond	{"b_hi": 0.65, "b_lo": 0.45, "b_mid": 0.55, "fast_ma": 9, "floor_lb": 19, "lookback": 16, "max_dist": 0.055, "regime_ma": 18, "sustain_hi": 4, "sustain_lo": 6}	25	47.345	-17.250	2.745	34.709	60.496	32.642	-13.506	14.717	TRAIN 47.35% <= best 48.93% [cagr] [risk:none select:cagr]
2026-09-20T15:25:39Z	discard	strat_floorhighsustaincond	{"b_hi": 0.65, "b_lo": 0.45, "b_mid": 0.55, "fast_ma": 9, "floor_lb": 18, "lookback": 16, "max_dist": 0.055, "regime_ma": 18, "sustain_hi": 2, "sustain_lo": 6}	25	44.628	-16.152	2.763	32.938	56.730	35.252	-18.169	14.717	TRAIN 44.63% <= best 48.93% [cagr] [risk:none select:cagr]
2026-09-20T15:25:46Z	discard	strat_floorhighsustaincond	{"b_hi": 0.65, "b_lo": 0.45, "b_mid": 0.55, "fast_ma": 9, "floor_lb": 20, "lookback": 16, "max_dist": 0.055, "regime_ma": 18, "sustain_hi": 2, "sustain_lo": 6}	25	46.322	-18.298	2.532	31.530	61.973	33.760	-12.645	14.717	TRAIN 46.32% <= best 48.93% [cagr] [risk:none select:cagr]
2026-09-20T15:25:53Z	discard	strat_floorhighsustaincond	{"b_hi": 0.65, "b_lo": 0.45, "b_mid": 0.55, "fast_ma": 9, "floor_lb": 19, "lookback": 15, "max_dist": 0.055, "regime_ma": 18, "sustain_hi": 2, "sustain_lo": 6}	25	47.217	-16.384	2.882	35.838	58.953	32.233	-13.506	14.717	TRAIN 47.22% <= best 48.93% [cagr] [risk:none select:cagr]
2026-09-20T15:26:01Z	discard	strat_floorhighsustaincond	{"b_hi": 0.65, "b_lo": 0.45, "b_mid": 0.55, "fast_ma": 9, "floor_lb": 19, "lookback": 17, "max_dist": 0.055, "regime_ma": 18, "sustain_hi": 2, "sustain_lo": 6}	25	47.681	-16.384	2.910	36.120	59.619	32.233	-13.506	14.717	TRAIN 47.68% <= best 48.93% [cagr] [risk:none select:cagr]
2026-09-20T15:26:16Z	discard	strat_floorhighsustaincond	{"b_hi": 0.65, "b_lo": 0.45, "b_mid": 0.55, "fast_ma": 9, "floor_lb": 19, "lookback": 16, "max_dist": 0.05, "regime_ma": 18, "sustain_hi": 2, "sustain_lo": 6}	25	48.139	-16.384	2.938	36.240	60.452	32.233	-13.506	14.717	TRAIN 48.14% <= best 48.93% [cagr] [risk:none select:cagr]
2026-09-20T15:26:25Z	discard	strat_floorhighsustaincond	{"b_hi": 0.65, "b_lo": 0.45, "b_mid": 0.55, "fast_ma": 9, "floor_lb": 19, "lookback": 16, "max_dist": 0.06, "regime_ma": 18, "sustain_hi": 2, "sustain_lo": 6}	25	48.139	-16.384	2.938	36.240	60.452	32.233	-13.506	14.717	TRAIN 48.14% <= best 48.93% [cagr] [risk:none select:cagr]
2026-09-20T15:27:01Z	discard	strat_floorhighsustaincond	{"b_hi": 0.65, "b_lo": 0.45, "b_mid": 0.55, "fast_ma": 9, "floor_lb": 19, "lookback": 16, "max_dist": 0.065, "regime_ma": 18, "sustain_hi": 2, "sustain_lo": 6}	25	48.139	-16.384	2.938	36.240	60.452	32.233	-13.506	14.717	TRAIN 48.14% <= best 48.93% [cagr] [risk:none select:cagr]
2026-09-20T15:27:18Z	discard	strat_floorhighsustaincond	{"b_hi": 0.65, "b_lo": 0.45, "b_mid": 0.55, "fast_ma": 9, "floor_lb": 19, "lookback": 16, "max_dist": 0.055, "regime_ma": 17, "sustain_hi": 2, "sustain_lo": 6}	25	47.533	-16.384	2.901	35.100	60.452	27.579	-13.506	14.717	TRAIN 47.53% <= best 48.93% [cagr] [risk:none select:cagr]
2026-09-20T15:27:29Z	discard	strat_floorhighsustaincond	{"b_hi": 0.65, "b_lo": 0.45, "b_mid": 0.55, "fast_ma": 9, "floor_lb": 19, "lookback": 16, "max_dist": 0.055, "regime_ma": 19, "sustain_hi": 2, "sustain_lo": 6}	25	48.848	-21.133	2.311	37.578	60.452	31.951	-13.506	14.717	TRAIN 48.85% <= best 48.93% [cagr] [risk:none select:cagr]
2026-09-20T15:27:36Z	discard	strat_floorhighsustaincond	{"b_hi": 0.65, "b_lo": 0.45, "b_mid": 0.55, "fast_ma": 9, "floor_lb": 19, "lookback": 16, "max_dist": 0.055, "regime_ma": 20, "sustain_hi": 2, "sustain_lo": 6}	25	45.277	-21.133	2.142	37.993	52.580	33.621	-13.506	14.717	TRAIN 45.28% <= best 48.93% [cagr] [risk:none select:cagr]
2026-09-20T15:27:46Z	discard	strat_floorhighsustaincond	{"b_hi": 0.6, "b_lo": 0.45, "b_mid": 0.55, "fast_ma": 9, "floor_lb": 19, "lookback": 16, "max_dist": 0.055, "regime_ma": 18, "sustain_hi": 2, "sustain_lo": 6}	25	51.533	-19.042	2.706	42.712	60.452	33.155	-13.506	14.717	DD -19.0% breaches floor/slack [risk:none select:cagr]
2026-09-20T15:27:56Z	discard	strat_floorhighsustaincond	{"b_hi": 0.7, "b_lo": 0.45, "b_mid": 0.55, "fast_ma": 9, "floor_lb": 19, "lookback": 16, "max_dist": 0.055, "regime_ma": 18, "sustain_hi": 2, "sustain_lo": 6}	25	45.130	-16.384	2.755	32.149	58.694	28.776	-13.506	14.717	TRAIN 45.13% <= best 48.93% [cagr] [risk:none select:cagr]
2026-09-20T15:28:05Z	discard	strat_floorhighsustaincond	{"b_hi": 0.65, "b_lo": 0.45, "b_mid": 0.5, "fast_ma": 9, "floor_lb": 19, "lookback": 16, "max_dist": 0.055, "regime_ma": 18, "sustain_hi": 2, "sustain_lo": 6}	25	50.482	-20.400	2.475	40.690	60.452	33.670	-13.506	14.717	DD -20.4% breaches floor/slack [risk:none select:cagr]
2026-09-20T15:28:19Z	discard	strat_floorhighsustaincond	{"b_hi": 0.65, "b_lo": 0.45, "b_mid": 0.6, "fast_ma": 9, "floor_lb": 19, "lookback": 16, "max_dist": 0.055, "regime_ma": 18, "sustain_hi": 2, "sustain_lo": 6}	25	47.358	-15.838	2.990	34.771	60.452	29.292	-13.506	14.717	TRAIN 47.36% <= best 48.93% [cagr] [risk:none select:cagr]
2026-09-20T15:28:28Z	discard	strat_floorhighsustaincond	{"b_hi": 0.65, "b_lo": 0.4, "b_mid": 0.55, "fast_ma": 9, "floor_lb": 19, "lookback": 16, "max_dist": 0.055, "regime_ma": 18, "sustain_hi": 2, "sustain_lo": 6}	25	47.958	-18.543	2.586	35.899	60.452	32.845	-13.506	14.717	TRAIN 47.96% <= best 48.93% [cagr] [risk:none select:cagr]
2026-09-20T15:28:38Z	discard	strat_floorhighsustaincond	{"b_hi": 0.65, "b_lo": 0.5, "b_mid": 0.55, "fast_ma": 9, "floor_lb": 19, "lookback": 16, "max_dist": 0.055, "regime_ma": 18, "sustain_hi": 2, "sustain_lo": 6}	25	44.359	-19.675	2.255	34.648	54.269	29.851	-13.506	14.717	TRAIN 44.36% <= best 48.93% [cagr] [risk:none select:cagr]
2026-09-20T15:29:05Z	discard	strat_floorhighvoltarget	{"b_hi": 0.65, "b_lo": 0.45, "b_mid": 0.55, "fast_ma": 9, "floor_lb": 19, "lookback": 16, "max_dist": 0.055, "regime_ma": 18, "sustain_hi": 2, "sustain_lo": 6}	25	35.357	-13.796	2.563	30.647	40.005	22.437	-10.456	14.717	TRAIN 35.36% <= best 48.93% [cagr] [risk:none select:cagr]
2026-09-20T15:29:14Z	discard	strat_floorhighvoltarget	{"b_hi": 0.65, "b_lo": 0.45, "b_mid": 0.55, "fast_ma": 9, "floor_lb": 19, "lookback": 16, "max_dist": 0.055, "regime_ma": 18, "sustain_hi": 2, "sustain_lo": 6, "vt_lb": 6, "vt_target": 0.12}	25	29.409	-11.378	2.585	27.589	31.168	19.246	-8.401	14.717	TRAIN 29.41% <= best 48.93% [cagr] [risk:none select:cagr]
2026-09-20T15:29:22Z	discard	strat_floorhighvoltarget	{"b_hi": 0.65, "b_lo": 0.45, "b_mid": 0.55, "fast_ma": 9, "floor_lb": 19, "lookback": 16, "max_dist": 0.055, "regime_ma": 18, "sustain_hi": 2, "sustain_lo": 6, "vt_lb": 6, "vt_target": 0.2}	25	42.711	-16.020	2.666	31.263	54.554	27.808	-13.506	14.717	TRAIN 42.71% <= best 48.93% [cagr] [risk:none select:cagr]
2026-09-20T15:29:36Z	discard	strat_floorhighaccum	{"b_hi": 0.65, "b_lo": 0.45, "b_mid": 0.55, "fast_ma": 9, "floor_lb": 19, "lookback": 16, "max_dist": 0.055, "regime_ma": 18, "sustain_hi": 2, "sustain_lo": 6}	25	45.236	-17.608	2.569	32.776	58.204	35.458	-12.644	14.717	TRAIN 45.24% <= best 48.93% [cagr] [risk:none select:cagr]
2026-09-20T15:29:49Z	discard	strat_floorhighaccum	{"acc_lb": 3, "acc_min": 0.0, "b_hi": 0.65, "b_lo": 0.45, "b_mid": 0.55, "fast_ma": 9, "floor_lb": 19, "lookback": 16, "max_dist": 0.055, "regime_ma": 18, "sustain_hi": 2, "sustain_lo": 6}	25	41.048	-16.959	2.420	30.555	51.838	32.281	-13.179	14.717	TRAIN 41.05% <= best 48.93% [cagr] [risk:none select:cagr]
2026-09-20T15:30:04Z	discard	strat_floorhighaccum	{"acc_lb": 6, "acc_min": 0.05, "b_hi": 0.65, "b_lo": 0.45, "b_mid": 0.55, "fast_ma": 9, "floor_lb": 19, "lookback": 16, "max_dist": 0.055, "regime_ma": 18, "sustain_hi": 2, "sustain_lo": 6}	25	43.632	-17.529	2.489	29.802	58.189	36.354	-12.635	14.717	TRAIN 43.63% <= best 48.93% [cagr] [risk:none select:cagr]
2026-09-20T15:30:29Z	discard	strat_floorhighaccum	{"acc_lb": 6, "acc_min": 0.1, "b_hi": 0.65, "b_lo": 0.45, "b_mid": 0.55, "fast_ma": 9, "floor_lb": 19, "lookback": 16, "max_dist": 0.055, "regime_ma": 18, "sustain_hi": 2, "sustain_lo": 6}	25	39.975	-16.115	2.481	28.348	52.041	36.829	-13.464	14.717	TRAIN 39.97% <= best 48.93% [cagr] [risk:none select:cagr]
2026-09-20T15:30:38Z	discard	strat_floorhighsector	{"b_hi": 0.65, "b_lo": 0.45, "b_mid": 0.55, "fast_ma": 9, "floor_lb": 19, "lookback": 16, "max_dist": 0.055, "regime_ma": 18, "sustain_hi": 2, "sustain_lo": 6}	25	46.218	-16.373	2.823	32.871	60.191	29.413	-13.506	14.717	TRAIN 46.22% <= best 48.93% [cagr] [risk:none select:cagr]
2026-09-20T15:30:48Z	discard	strat_floorhighsector	{"b_hi": 0.65, "b_lo": 0.45, "b_mid": 0.55, "fast_ma": 9, "floor_lb": 19, "ind_q": 0.0, "lookback": 16, "max_dist": 0.055, "regime_ma": 18, "sect_lb": 12, "sustain_hi": 2, "sustain_lo": 6}	25	48.025	-16.384	2.931	36.024	60.452	31.929	-13.506	14.717	TRAIN 48.02% <= best 48.93% [cagr] [risk:none select:cagr]
2026-09-20T15:30:56Z	discard	strat_floorhighsector	{"b_hi": 0.65, "b_lo": 0.45, "b_mid": 0.55, "fast_ma": 9, "floor_lb": 19, "ind_q": 0.5, "lookback": 16, "max_dist": 0.055, "regime_ma": 18, "sect_lb": 6, "sustain_hi": 2, "sustain_lo": 6}	25	42.162	-19.620	2.149	25.724	59.833	31.204	-13.638	14.717	TRAIN 42.16% <= best 48.93% [cagr] [risk:none select:cagr]
2026-09-20T15:31:15Z	keep	strat_floorhighsustaincond	{"b_hi": 0.6, "b_lo": 0.45, "b_mid": 0.6, "fast_ma": 9, "floor_lb": 19, "lookback": 16, "max_dist": 0.055, "regime_ma": 18, "sustain_hi": 2, "sustain_lo": 6}	25	50.734	-18.029	2.814	41.174	60.452	30.194	-13.506	14.717	beats best on cagr [risk:none select:cagr]
2026-09-20T15:31:24Z	keep	strat_floorhighsustaincond	{"b_hi": 0.6, "b_lo": 0.45, "b_mid": 0.6, "fast_ma": 9, "floor_lb": 19, "lookback": 16, "max_dist": 0.055, "regime_ma": 18, "sustain_hi": 2, "sustain_lo": 6}	20	51.481	-17.012	3.026	36.993	66.720	34.769	-11.103	14.717	beats best on cagr [risk:none select:cagr]
2026-09-20T15:31:32Z	discard	strat_floorhighsustaincond	{"b_hi": 0.6, "b_lo": 0.45, "b_mid": 0.6, "fast_ma": 9, "floor_lb": 19, "lookback": 17, "max_dist": 0.055, "regime_ma": 18, "sustain_hi": 2, "sustain_lo": 6}	20	50.888	-17.012	2.991	36.993	65.448	34.769	-11.103	14.717	TRAIN 50.89% <= best 51.48% [cagr] [risk:none select:cagr]
2026-09-20T15:31:39Z	discard	strat_floorhighsustaincond	{"b_hi": 0.6, "b_lo": 0.45, "b_mid": 0.6, "fast_ma": 9, "floor_lb": 19, "lookback": 16, "max_dist": 0.055, "regime_ma": 18, "sustain_hi": 3, "sustain_lo": 6}	20	51.525	-17.585	2.930	37.075	66.720	33.797	-11.103	14.717	TRAIN 51.53% <= best 51.48% [cagr] [risk:none select:cagr]
2026-09-20T15:31:47Z	discard	strat_floorhighsustaincond	{"b_hi": 0.55, "b_lo": 0.45, "b_mid": 0.6, "fast_ma": 9, "floor_lb": 19, "lookback": 16, "max_dist": 0.055, "regime_ma": 18, "sustain_hi": 2, "sustain_lo": 6}	20	52.567	-20.701	2.539	39.013	66.720	38.344	-11.103	14.717	DD -20.7% breaches floor/slack [risk:none select:cagr]
2026-09-20T15:31:55Z	discard	strat_floorhighsustaincond	{"b_hi": 0.6, "b_lo": 0.45, "b_mid": 0.65, "fast_ma": 9, "floor_lb": 19, "lookback": 16, "max_dist": 0.055, "regime_ma": 18, "sustain_hi": 2, "sustain_lo": 6}	20	51.481	-17.012	3.026	36.993	66.720	34.769	-11.103	14.717	TRAIN 51.48% <= best 51.48% [cagr] [risk:none select:cagr]
2026-09-20T15:32:03Z	discard	strat_floorhighsustaincond	{"b_hi": 0.6, "b_lo": 0.4, "b_mid": 0.6, "fast_ma": 9, "floor_lb": 19, "lookback": 16, "max_dist": 0.055, "regime_ma": 18, "sustain_hi": 2, "sustain_lo": 6}	20	51.326	-17.342	2.960	36.706	66.720	35.462	-14.492	14.717	TRAIN 51.33% <= best 51.48% [cagr] [risk:none select:cagr]
2026-09-20T15:33:04Z	discard	strat_floorhighsustaincond	{"b_hi": 0.6, "b_lo": 0.45, "b_mid": 0.6, "fast_ma": 9, "floor_lb": 19, "lookback": 16, "max_dist": 0.055, "regime_ma": 18, "sustain_hi": 2, "sustain_lo": 6}	15	50.437	-18.523	2.723	39.969	61.147	31.211	-17.869	14.717	TRAIN 50.44% <= best 51.48% [cagr] [risk:none select:cagr]
2026-09-20T15:33:14Z	discard	strat_floorhighsustaincond	{"b_hi": 0.6, "b_lo": 0.45, "b_mid": 0.6, "fast_ma": 9, "floor_lb": 19, "lookback": 16, "max_dist": 0.055, "regime_ma": 18, "sustain_hi": 2, "sustain_lo": 6}	30	43.091	-19.568	2.202	34.632	51.651	29.982	-14.597	14.717	TRAIN 43.09% <= best 51.48% [cagr] [risk:none select:cagr]
2026-09-20T15:33:25Z	discard	strat_floorhighsustaincond	{"b_hi": 0.55, "b_lo": 0.45, "b_mid": 0.6, "fast_ma": 9, "floor_lb": 19, "lookback": 16, "max_dist": 0.055, "regime_ma": 18, "sustain_hi": 2, "sustain_lo": 6}	20	52.567	-20.701	2.539	39.013	66.720	38.344	-11.103	14.717	DD -20.7% breaches floor/slack [risk:none select:cagr]
2026-09-20T15:33:34Z	keep	strat_floorhighsustaincond	{"b_hi": 0.6, "b_lo": 0.45, "b_mid": 0.6, "fast_ma": 9, "floor_lb": 19, "lookback": 16, "max_dist": 0.055, "regime_ma": 18, "sustain_hi": 2, "sustain_lo": 5}	20	52.762	-17.012	3.101	39.517	66.560	34.948	-12.121	14.717	beats best on cagr [risk:none select:cagr]
2026-09-20T15:33:43Z	keep	strat_floorhighsustaincond	{"b_hi": 0.6, "b_lo": 0.45, "b_mid": 0.6, "fast_ma": 9, "floor_lb": 19, "lookback": 16, "max_dist": 0.055, "regime_ma": 18, "sustain_hi": 2, "sustain_lo": 4}	20	53.534	-16.325	3.279	40.275	67.341	33.419	-12.121	14.717	beats best on cagr [risk:none select:cagr]
2026-09-20T15:33:51Z	keep	strat_floorhighsustaincond	{"b_hi": 0.6, "b_lo": 0.45, "b_mid": 0.6, "fast_ma": 9, "floor_lb": 19, "lookback": 16, "max_dist": 0.055, "regime_ma": 18, "sustain_hi": 2, "sustain_lo": 3}	20	53.750	-16.502	3.257	42.185	65.653	31.481	-13.372	14.717	beats best on cagr [risk:none select:cagr]
2026-09-20T15:34:00Z	discard	strat_floorhighsustaincond	{"b_hi": 0.6, "b_lo": 0.45, "b_mid": 0.6, "fast_ma": 9, "floor_lb": 19, "lookback": 16, "max_dist": 0.055, "regime_ma": 18, "sustain_hi": 2, "sustain_lo": 2}	20	49.427	-17.348	2.849	41.798	57.084	33.098	-13.354	14.717	TRAIN 49.43% <= best 53.75% [cagr] [risk:none select:cagr]
2026-09-20T15:34:12Z	discard	strat_floorhighsustaincond	{"b_hi": 0.6, "b_lo": 0.45, "b_mid": 0.6, "fast_ma": 9, "floor_lb": 19, "lookback": 16, "max_dist": 0.055, "regime_ma": 18, "sustain_hi": 3, "sustain_lo": 3}	20	53.796	-16.903	3.183	42.270	65.653	30.530	-13.372	14.717	TRAIN 53.80% <= best 53.75% [cagr] [risk:none select:cagr]
2026-09-20T15:34:21Z	keep	strat_floorhighsustaincond	{"b_hi": 0.6, "b_lo": 0.45, "b_mid": 0.6, "fast_ma": 9, "floor_lb": 19, "lookback": 15, "max_dist": 0.055, "regime_ma": 18, "sustain_hi": 2, "sustain_lo": 3}	20	53.864	-16.502	3.264	42.586	65.448	31.481	-13.372	14.717	beats best on cagr [risk:none select:cagr]
2026-09-20T15:34:29Z	discard	strat_floorhighsustaincond	{"b_hi": 0.6, "b_lo": 0.45, "b_mid": 0.6, "fast_ma": 9, "floor_lb": 19, "lookback": 14, "max_dist": 0.055, "regime_ma": 18, "sustain_hi": 2, "sustain_lo": 3}	20	53.814	-16.502	3.261	42.586	65.343	31.481	-13.372	14.717	TRAIN 53.81% <= best 53.86% [cagr] [risk:none select:cagr]
2026-09-20T15:34:36Z	discard	strat_floorhighsustaincond	{"b_hi": 0.6, "b_lo": 0.45, "b_mid": 0.6, "fast_ma": 9, "floor_lb": 19, "lookback": 15, "max_dist": 0.055, "regime_ma": 18, "sustain_hi": 3, "sustain_lo": 3}	20	53.910	-16.903	3.189	42.672	65.448	30.530	-13.372	14.717	TRAIN 53.91% <= best 53.86% [cagr] [risk:none select:cagr]
2026-09-20T15:34:47Z	keep	strat_floorhighsustaincond	{"b_hi": 0.6, "b_lo": 0.45, "b_mid": 0.6, "fast_ma": 9, "floor_lb": 20, "lookback": 15, "max_dist": 0.055, "regime_ma": 18, "sustain_hi": 2, "sustain_lo": 3}	20	53.973	-17.438	3.095	41.886	66.457	29.591	-15.125	14.717	beats best on cagr [risk:none select:cagr]
2026-09-20T15:34:56Z	discard	strat_floorhighsustaincond	{"b_hi": 0.6, "b_lo": 0.45, "b_mid": 0.6, "fast_ma": 9, "floor_lb": 21, "lookback": 15, "max_dist": 0.055, "regime_ma": 18, "sustain_hi": 2, "sustain_lo": 3}	20	50.771	-19.128	2.654	34.689	67.890	22.080	-20.512	14.717	TRAIN 50.77% <= best 53.97% [cagr] [risk:none select:cagr]
2026-09-20T15:35:06Z	discard	strat_floorhighsustaincond	{"b_hi": 0.6, "b_lo": 0.4, "b_mid": 0.6, "fast_ma": 9, "floor_lb": 20, "lookback": 15, "max_dist": 0.055, "regime_ma": 18, "sustain_hi": 2, "sustain_lo": 3}	20	53.764	-17.438	3.083	41.491	66.457	30.634	-15.125	14.717	TRAIN 53.76% <= best 53.97% [cagr] [risk:none select:cagr]
2026-09-20T15:35:14Z	discard	strat_floorhighsustaincond	{"b_hi": 0.6, "b_lo": 0.45, "b_mid": 0.6, "fast_ma": 9, "floor_lb": 20, "lookback": 15, "max_dist": 0.055, "regime_ma": 17, "sustain_hi": 2, "sustain_lo": 3}	20	51.883	-17.438	2.975	37.968	66.457	30.349	-15.125	14.717	TRAIN 51.88% <= best 53.97% [cagr] [risk:none select:cagr]
2026-09-20T15:35:20Z	keep	strat_floorhighsustaincond	{"b_hi": 0.6, "b_lo": 0.45, "b_mid": 0.6, "fast_ma": 9, "floor_lb": 20, "lookback": 15, "max_dist": 0.055, "regime_ma": 19, "sustain_hi": 2, "sustain_lo": 3}	20	54.518	-17.438	3.126	42.916	66.457	29.449	-15.125	14.717	beats best on cagr [risk:none select:cagr]
2026-09-20T15:35:29Z	discard	strat_floorhighsustaincond	{"b_hi": 0.6, "b_lo": 0.45, "b_mid": 0.6, "fast_ma": 9, "floor_lb": 20, "lookback": 15, "max_dist": 0.055, "regime_ma": 20, "sustain_hi": 2, "sustain_lo": 3}	20	51.994	-18.122	2.869	45.204	58.765	31.622	-15.125	14.717	TRAIN 51.99% <= best 54.52% [cagr] [risk:none select:cagr]
2026-09-20T15:35:39Z	keep	strat_floorhighsustaincond	{"b_hi": 0.6, "b_lo": 0.45, "b_mid": 0.6, "fast_ma": 8, "floor_lb": 20, "lookback": 15, "max_dist": 0.055, "regime_ma": 19, "sustain_hi": 2, "sustain_lo": 3}	20	54.588	-17.438	3.130	43.049	66.457	29.449	-15.125	14.717	beats best on cagr [risk:none select:cagr]
2026-09-20T15:35:49Z	discard	strat_floorhighsustaincond	{"b_hi": 0.6, "b_lo": 0.45, "b_mid": 0.6, "fast_ma": 7, "floor_lb": 20, "lookback": 15, "max_dist": 0.055, "regime_ma": 19, "sustain_hi": 2, "sustain_lo": 3}	20	54.588	-17.438	3.130	43.049	66.457	29.449	-15.125	14.717	TRAIN 54.59% <= best 54.59% [cagr] [risk:none select:cagr]
2026-09-20T15:35:57Z	discard	strat_floorhighsustaincond	{"b_hi": 0.6, "b_lo": 0.45, "b_mid": 0.6, "fast_ma": 8, "floor_lb": 20, "lookback": 15, "max_dist": 0.055, "regime_ma": 19, "sustain_hi": 3, "sustain_lo": 3}	20	54.516	-17.895	3.046	42.912	66.457	28.688	-15.125	14.717	TRAIN 54.52% <= best 54.59% [cagr] [risk:none select:cagr]
2026-09-20T15:36:09Z	discard	strat_floorhighsustaincond	{"b_hi": 0.6, "b_lo": 0.45, "b_mid": 0.6, "fast_ma": 8, "floor_lb": 20, "lookback": 15, "max_dist": 0.055, "regime_ma": 19, "sustain_hi": 2, "sustain_lo": 3}	15	59.489	-21.821	2.726	43.455	76.444	29.690	-18.089	14.717	DD -21.8% breaches floor/slack [risk:none select:cagr]
2026-09-20T15:36:21Z	discard	strat_floorhighsustaincond	{"b_hi": 0.6, "b_lo": 0.45, "b_mid": 0.6, "fast_ma": 8, "floor_lb": 20, "lookback": 15, "max_dist": 0.055, "regime_ma": 19, "sustain_hi": 2, "sustain_lo": 3}	25	49.391	-18.552	2.662	39.653	59.309	28.775	-14.941	14.717	TRAIN 49.39% <= best 54.59% [cagr] [risk:none select:cagr]
2026-09-20T15:36:30Z	keep	strat_floorhighsustaincond	{"b_hi": 0.6, "b_lo": 0.4, "b_mid": 0.6, "fast_ma": 8, "floor_lb": 20, "lookback": 15, "max_dist": 0.055, "regime_ma": 19, "sustain_hi": 2, "sustain_lo": 3}	20	55.001	-17.438	3.154	43.833	66.457	30.634	-15.125	14.717	beats best on cagr [risk:none select:cagr]
2026-09-20T15:36:39Z	discard	strat_floorhighsustaincond	{"b_hi": 0.6, "b_lo": 0.35, "b_mid": 0.6, "fast_ma": 8, "floor_lb": 20, "lookback": 15, "max_dist": 0.055, "regime_ma": 19, "sustain_hi": 2, "sustain_lo": 3}	20	53.110	-21.819	2.434	43.833	62.511	34.300	-15.125	14.717	TRAIN 53.11% <= best 55.00% [cagr] [risk:none select:cagr]
2026-09-20T15:36:47Z	discard	strat_floorhighsustaincond	{"b_hi": 0.6, "b_lo": 0.4, "b_mid": 0.6, "fast_ma": 8, "floor_lb": 20, "lookback": 15, "max_dist": 0.055, "regime_ma": 19, "sustain_hi": 2, "sustain_lo": 4}	20	54.385	-17.438	3.119	41.879	67.333	30.601	-14.302	14.717	TRAIN 54.38% <= best 55.00% [cagr] [risk:none select:cagr]
2026-09-20T15:36:54Z	discard	strat_floorhighsustaincond	{"b_hi": 0.65, "b_lo": 0.4, "b_mid": 0.6, "fast_ma": 8, "floor_lb": 20, "lookback": 15, "max_dist": 0.055, "regime_ma": 19, "sustain_hi": 2, "sustain_lo": 3}	20	51.956	-17.449	2.978	38.104	66.457	29.431	-15.125	14.717	TRAIN 51.96% <= best 55.00% [cagr] [risk:none select:cagr]
2026-09-20T15:37:01Z	discard	strat_floorhighsustaincond	{"b_hi": 0.6, "b_lo": 0.4, "b_mid": 0.55, "fast_ma": 8, "floor_lb": 20, "lookback": 15, "max_dist": 0.055, "regime_ma": 19, "sustain_hi": 2, "sustain_lo": 3}	20	55.504	-22.036	2.519	44.791	66.457	34.616	-15.125	14.717	DD -22.0% breaches floor/slack [risk:none select:cagr]
2026-09-20T15:37:15Z	discard	strat_floorhighsustaincond	{"b_hi": 0.6, "b_lo": 0.4, "b_mid": 0.6, "fast_ma": 8, "floor_lb": 20, "lookback": 14, "max_dist": 0.055, "regime_ma": 19, "sustain_hi": 2, "sustain_lo": 3}	20	54.951	-17.438	3.151	43.833	66.350	30.634	-15.125	14.717	TRAIN 54.95% <= best 55.00% [cagr] [risk:none select:cagr]
2026-09-20T15:37:24Z	discard	strat_floorhighsustaincond	{"b_hi": 0.6, "b_lo": 0.4, "b_mid": 0.6, "fast_ma": 8, "floor_lb": 20, "lookback": 16, "max_dist": 0.055, "regime_ma": 19, "sustain_hi": 2, "sustain_lo": 3}	20	55.027	-17.438	3.156	43.695	66.663	30.634	-15.125	14.717	TRAIN 55.03% <= best 55.00% [cagr] [risk:none select:cagr]
2026-09-20T15:37:33Z	keep	strat_floorhighsustaincond	{"b_hi": 0.6, "b_lo": 0.4, "b_mid": 0.6, "fast_ma": 8, "floor_lb": 19, "lookback": 15, "max_dist": 0.055, "regime_ma": 19, "sustain_hi": 2, "sustain_lo": 3}	20	55.378	-16.502	3.356	45.474	65.448	32.158	-13.380	14.717	beats best on cagr [risk:none select:cagr]
2026-09-20T15:37:43Z	discard	strat_floorhighsustaincond	{"b_hi": 0.6, "b_lo": 0.4, "b_mid": 0.6, "fast_ma": 8, "floor_lb": 18, "lookback": 15, "max_dist": 0.055, "regime_ma": 19, "sustain_hi": 2, "sustain_lo": 3}	20	50.739	-16.304	3.112	44.036	57.420	36.976	-16.376	14.717	TRAIN 50.74% <= best 55.38% [cagr] [risk:none select:cagr]
2026-09-20T15:37:52Z	discard	strat_floorhighsustaincond	{"b_hi": 0.6, "b_lo": 0.4, "b_mid": 0.6, "fast_ma": 8, "floor_lb": 19, "lookback": 15, "max_dist": 0.055, "regime_ma": 19, "sustain_hi": 3, "sustain_lo": 3}	20	55.171	-16.903	3.264	45.077	65.448	31.264	-13.372	14.717	TRAIN 55.17% <= best 55.38% [cagr] [risk:none select:cagr]
2026-09-20T15:38:03Z	discard	strat_floorhighsustaincond	{"b_hi": 0.6, "b_lo": 0.4, "b_mid": 0.6, "fast_ma": 8, "floor_lb": 19, "lookback": 15, "max_dist": 0.055, "regime_ma": 19, "sustain_hi": 2, "sustain_lo": 4}	20	54.607	-17.342	3.149	43.117	66.421	34.105	-14.502	14.717	TRAIN 54.61% <= best 55.38% [cagr] [risk:none select:cagr]
2026-09-20T15:38:14Z	keep	strat_floorhighsustaincond	{"b_hi": 0.6, "b_lo": 0.4, "b_mid": 0.6, "fast_ma": 8, "floor_lb": 19, "lookback": 15, "max_dist": 0.055, "regime_ma": 19, "sustain_hi": 2, "sustain_lo": 3}	18	56.204	-17.344	3.241	44.692	68.033	34.962	-12.783	14.717	beats best on cagr [risk:none select:cagr]
2026-09-20T15:38:25Z	keep	strat_floorhighsustaincond	{"b_hi": 0.6, "b_lo": 0.4, "b_mid": 0.6, "fast_ma": 8, "floor_lb": 19, "lookback": 15, "max_dist": 0.055, "regime_ma": 19, "sustain_hi": 2, "sustain_lo": 3}	16	57.420	-18.179	3.159	48.663	66.250	35.064	-12.855	14.717	beats best on cagr [risk:none select:cagr]
2026-09-20T15:38:34Z	discard	strat_floorhighsustaincond	{"b_hi": 0.6, "b_lo": 0.4, "b_mid": 0.6, "fast_ma": 8, "floor_lb": 19, "lookback": 15, "max_dist": 0.055, "regime_ma": 19, "sustain_hi": 2, "sustain_lo": 3}	14	58.672	-22.828	2.570	44.300	73.707	32.845	-18.296	14.717	DD -22.8% breaches floor/slack [risk:none select:cagr]
2026-09-20T15:38:43Z	keep	strat_floorhighsustaincond	{"b_hi": 0.6, "b_lo": 0.4, "b_mid": 0.6, "fast_ma": 8, "floor_lb": 19, "lookback": 15, "max_dist": 0.055, "regime_ma": 19, "sustain_hi": 2, "sustain_lo": 3}	15	60.523	-18.473	3.276	49.134	72.192	35.714	-14.374	14.717	beats best on cagr [risk:none select:cagr]
2026-09-20T15:38:52Z	discard	strat_floorhighsustaincond	{"b_hi": 0.6, "b_lo": 0.4, "b_mid": 0.6, "fast_ma": 8, "floor_lb": 19, "lookback": 15, "max_dist": 0.055, "regime_ma": 19, "sustain_hi": 2, "sustain_lo": 3}	17	57.639	-17.457	3.302	46.186	69.393	34.004	-13.463	14.717	TRAIN 57.64% <= best 60.52% [cagr] [risk:none select:cagr]
2026-09-20T15:39:01Z	discard	strat_floorhighsustaincond	{"b_hi": 0.6, "b_lo": 0.4, "b_mid": 0.6, "fast_ma": 8, "floor_lb": 19, "lookback": 15, "max_dist": 0.055, "regime_ma": 19, "sustain_hi": 2, "sustain_lo": 3}	13	52.568	-23.651	2.223	39.624	66.026	33.236	-20.444	14.717	TRAIN 52.57% <= best 60.52% [cagr] [risk:none select:cagr]
2026-09-20T15:39:11Z	discard	strat_floorhighsustaincond	{"b_hi": 0.6, "b_lo": 0.4, "b_mid": 0.6, "fast_ma": 8, "floor_lb": 19, "lookback": 15, "max_dist": 0.055, "regime_ma": 19, "sustain_hi": 2, "sustain_lo": 2}	15	59.512	-18.541	3.210	49.757	69.405	36.216	-15.543	14.717	TRAIN 59.51% <= best 60.52% [cagr] [risk:none select:cagr]
2026-09-20T15:39:29Z	discard	strat_floorhighsustaincond	{"b_hi": 0.6, "b_lo": 0.4, "b_mid": 0.6, "fast_ma": 8, "floor_lb": 19, "lookback": 15, "max_dist": 0.055, "regime_ma": 19, "sustain_hi": 2, "sustain_lo": 4}	15	58.821	-17.695	3.324	45.572	72.575	32.092	-16.566	14.717	TRAIN 58.82% <= best 60.52% [cagr] [risk:none select:cagr]
2026-09-20T15:39:38Z	keep	strat_floorhighsustaincond	{"b_hi": 0.6, "b_lo": 0.4, "b_mid": 0.6, "fast_ma": 8, "floor_lb": 19, "lookback": 14, "max_dist": 0.055, "regime_ma": 19, "sustain_hi": 2, "sustain_lo": 3}	15	60.684	-18.473	3.285	49.134	72.528	35.714	-14.374	14.717	beats best on cagr [risk:none select:cagr]
2026-09-20T15:39:47Z	discard	strat_floorhighsustaincond	{"b_hi": 0.6, "b_lo": 0.4, "b_mid": 0.6, "fast_ma": 8, "floor_lb": 19, "lookback": 13, "max_dist": 0.055, "regime_ma": 19, "sustain_hi": 2, "sustain_lo": 3}	15	60.244	-18.473	3.261	49.172	71.566	35.714	-14.374	14.717	TRAIN 60.24% <= best 60.68% [cagr] [risk:none select:cagr]
2026-09-20T15:39:54Z	discard	strat_floorhighsustaincond	{"b_hi": 0.6, "b_lo": 0.4, "b_mid": 0.6, "fast_ma": 8, "floor_lb": 19, "lookback": 14, "max_dist": 0.055, "regime_ma": 18, "sustain_hi": 2, "sustain_lo": 3}	15	58.761	-18.473	3.181	45.501	72.528	35.714	-14.374	14.717	TRAIN 58.76% <= best 60.68% [cagr] [risk:none select:cagr]
2026-09-20T15:40:01Z	keep	strat_floorhighsustaincond	{"b_hi": 0.6, "b_lo": 0.4, "b_mid": 0.6, "fast_ma": 8, "floor_lb": 19, "lookback": 14, "max_dist": 0.055, "regime_ma": 20, "sustain_hi": 2, "sustain_lo": 3}	15	62.403	-19.885	3.138	52.423	72.528	36.317	-14.374	14.717	beats best on cagr [risk:none select:cagr]
2026-09-20T15:40:11Z	discard	strat_floorhighsustaincond	{"b_hi": 0.6, "b_lo": 0.4, "b_mid": 0.6, "fast_ma": 8, "floor_lb": 19, "lookback": 14, "max_dist": 0.055, "regime_ma": 21, "sustain_hi": 2, "sustain_lo": 3}	15	59.955	-19.885	3.015	52.423	67.484	41.244	-14.374	14.717	TRAIN 59.96% <= best 62.40% [cagr] [risk:none select:cagr]
2026-09-20T15:40:18Z	discard	strat_floorhighsustaincond	{"b_hi": 0.6, "b_lo": 0.4, "b_mid": 0.6, "fast_ma": 7, "floor_lb": 19, "lookback": 14, "max_dist": 0.055, "regime_ma": 20, "sustain_hi": 2, "sustain_lo": 3}	15	62.403	-19.885	3.138	52.423	72.528	36.317	-14.374	14.717	TRAIN 62.40% <= best 62.40% [cagr] [risk:none select:cagr]
2026-09-20T15:40:26Z	discard	strat_floorhighsustaincond	{"b_hi": 0.6, "b_lo": 0.4, "b_mid": 0.6, "fast_ma": 9, "floor_lb": 19, "lookback": 14, "max_dist": 0.055, "regime_ma": 20, "sustain_hi": 2, "sustain_lo": 3}	15	62.107	-19.885	3.123	51.854	72.528	36.317	-14.374	14.717	TRAIN 62.11% <= best 62.40% [cagr] [risk:none select:cagr]
2026-09-20T15:40:34Z	discard	strat_floorhighsustaincond	{"b_hi": 0.6, "b_lo": 0.4, "b_mid": 0.6, "fast_ma": 8, "floor_lb": 20, "lookback": 14, "max_dist": 0.055, "regime_ma": 20, "sustain_hi": 2, "sustain_lo": 3}	15	61.855	-21.821	2.835	47.897	76.388	32.583	-18.089	14.717	TRAIN 61.85% <= best 62.40% [cagr] [risk:none select:cagr]
2026-09-20T15:40:43Z	discard	strat_floorhighsustaincond	{"b_hi": 0.6, "b_lo": 0.4, "b_mid": 0.6, "fast_ma": 8, "floor_lb": 18, "lookback": 14, "max_dist": 0.055, "regime_ma": 20, "sustain_hi": 2, "sustain_lo": 3}	15	59.444	-20.091	2.959	52.648	66.206	40.185	-16.379	14.717	TRAIN 59.44% <= best 62.40% [cagr] [risk:none select:cagr]
2026-09-20T15:40:50Z	discard	strat_floorhighsustaincond	{"b_hi": 0.6, "b_lo": 0.4, "b_mid": 0.6, "fast_ma": 8, "floor_lb": 19, "lookback": 14, "max_dist": 0.055, "regime_ma": 20, "sustain_hi": 2, "sustain_lo": 4}	15	60.366	-19.885	3.036	48.185	72.912	33.083	-16.566	14.717	TRAIN 60.37% <= best 62.40% [cagr] [risk:none select:cagr]
2026-09-20T15:40:59Z	discard	strat_floorhighsustaincond	{"b_hi": 0.6, "b_lo": 0.4, "b_mid": 0.6, "fast_ma": 8, "floor_lb": 19, "lookback": 14, "max_dist": 0.055, "regime_ma": 20, "sustain_hi": 2, "sustain_lo": 2}	15	61.591	-18.541	3.322	53.468	69.736	36.821	-15.543	14.717	TRAIN 61.59% <= best 62.40% [cagr] [risk:none select:cagr]
2026-09-20T15:41:07Z	discard	strat_floorhighsustaincond	{"b_hi": 0.6, "b_lo": 0.4, "b_mid": 0.6, "fast_ma": 8, "floor_lb": 19, "lookback": 14, "max_dist": 0.055, "regime_ma": 20, "sustain_hi": 3, "sustain_lo": 3}	15	61.340	-21.177	2.897	50.384	72.528	36.171	-14.374	14.717	TRAIN 61.34% <= best 62.40% [cagr] [risk:none select:cagr]
2026-09-20T15:41:15Z	discard	strat_floorhighsustaincond	{"b_hi": 0.6, "b_lo": 0.4, "b_mid": 0.6, "fast_ma": 8, "floor_lb": 19, "lookback": 15, "max_dist": 0.055, "regime_ma": 20, "sustain_hi": 2, "sustain_lo": 3}	15	62.241	-19.885	3.130	52.423	72.192	36.317	-14.374	14.717	TRAIN 62.24% <= best 62.40% [cagr] [risk:none select:cagr]
2026-09-20T15:41:29Z	discard	strat_floorhighsustaincond	{"b_hi": 0.55, "b_lo": 0.4, "b_mid": 0.6, "fast_ma": 8, "floor_lb": 19, "lookback": 14, "max_dist": 0.055, "regime_ma": 20, "sustain_hi": 2, "sustain_lo": 3}	15	62.305	-23.071	2.701	52.233	72.528	43.026	-14.374	14.717	TRAIN 62.30% <= best 62.40% [cagr] [risk:none select:cagr]
2026-09-20T15:41:38Z	discard	strat_floorhighsustaincond	{"b_hi": 0.65, "b_lo": 0.4, "b_mid": 0.6, "fast_ma": 8, "floor_lb": 19, "lookback": 14, "max_dist": 0.055, "regime_ma": 20, "sustain_hi": 2, "sustain_lo": 3}	15	56.169	-17.902	3.138	42.757	70.128	34.305	-14.374	14.717	TRAIN 56.17% <= best 62.40% [cagr] [risk:none select:cagr]
2026-09-20T15:41:45Z	discard	strat_floorhighsustaincond	{"b_hi": 0.6, "b_lo": 0.4, "b_mid": 0.65, "fast_ma": 8, "floor_lb": 19, "lookback": 14, "max_dist": 0.055, "regime_ma": 20, "sustain_hi": 2, "sustain_lo": 3}	15	62.403	-19.885	3.138	52.423	72.528	36.317	-14.374	14.717	TRAIN 62.40% <= best 62.40% [cagr] [risk:none select:cagr]
2026-09-20T15:41:54Z	discard	strat_floorhighsustaincond	{"b_hi": 0.6, "b_lo": 0.4, "b_mid": 0.55, "fast_ma": 8, "floor_lb": 19, "lookback": 14, "max_dist": 0.055, "regime_ma": 20, "sustain_hi": 2, "sustain_lo": 3}	15	62.320	-19.885	3.134	52.262	72.528	40.442	-14.374	14.717	TRAIN 62.32% <= best 62.40% [cagr] [risk:none select:cagr]
2026-09-20T15:42:01Z	discard	strat_floorhighsustaincond	{"b_hi": 0.6, "b_lo": 0.45, "b_mid": 0.6, "fast_ma": 8, "floor_lb": 19, "lookback": 14, "max_dist": 0.055, "regime_ma": 20, "sustain_hi": 2, "sustain_lo": 3}	15	57.054	-19.885	2.869	51.313	62.731	35.237	-14.374	14.717	TRAIN 57.05% <= best 62.40% [cagr] [risk:none select:cagr]
2026-09-20T15:42:09Z	discard	strat_floorhighsustaincond	{"b_hi": 0.6, "b_lo": 0.4, "b_mid": 0.6, "fast_ma": 8, "floor_lb": 19, "lookback": 14, "max_dist": 0.055, "regime_ma": 20, "sustain_hi": 2, "sustain_lo": 3}	16	58.949	-19.242	3.064	51.544	66.346	35.619	-12.855	14.717	TRAIN 58.95% <= best 62.40% [cagr] [risk:none select:cagr]
2026-09-20T15:42:17Z	discard	strat_floorhighsustaincond	{"b_hi": 0.6, "b_lo": 0.4, "b_mid": 0.6, "fast_ma": 8, "floor_lb": 19, "lookback": 14, "max_dist": 0.055, "regime_ma": 20, "sustain_hi": 2, "sustain_lo": 3}	14	60.321	-22.828	2.642	47.500	73.582	33.866	-18.296	14.717	TRAIN 60.32% <= best 62.40% [cagr] [risk:none select:cagr]
2026-09-20T15:42:28Z	discard	strat_floorhighsustaincond	{"b_hi": 0.6, "b_lo": 0.4, "b_mid": 0.6, "fast_ma": 8, "floor_lb": 19, "lookback": 14, "max_dist": 0.055, "regime_ma": 20, "sustain_hi": 1, "sustain_lo": 3}	15	61.383	-20.113	3.052	51.365	71.551	34.506	-14.374	14.717	TRAIN 61.38% <= best 62.40% [cagr] [risk:none select:cagr]
2026-09-20T15:42:36Z	discard	strat_floorhighsustaincond	{"b_hi": 0.6, "b_lo": 0.4, "b_mid": 0.6, "fast_ma": 8, "floor_lb": 19, "lookback": 14, "max_dist": 0.055, "max_hold": 6, "regime_ma": 20, "sustain_hi": 2, "sustain_lo": 3}	15	60.226	-20.847	2.889	49.311	71.377	38.240	-12.142	14.717	TRAIN 60.23% <= best 62.40% [cagr] [risk:max_hold=6 select:cagr]
2026-09-20T15:42:45Z	keep	strat_floorhighsustaincond	{"b_hi": 0.6, "b_lo": 0.4, "b_mid": 0.6, "fast_ma": 8, "floor_lb": 19, "lookback": 14, "max_dist": 0.055, "max_hold": 9, "regime_ma": 20, "sustain_hi": 2, "sustain_lo": 3}	15	62.938	-19.885	3.165	52.423	73.640	36.947	-14.374	14.717	beats best on cagr [risk:max_hold=9 select:cagr]
2026-09-20T15:42:52Z	discard	strat_floorhighsustaincond	{"b_hi": 0.6, "b_lo": 0.4, "b_mid": 0.6, "fast_ma": 8, "floor_lb": 19, "lookback": 14, "max_dist": 0.055, "max_hold": 12, "regime_ma": 20, "sustain_hi": 2, "sustain_lo": 3}	15	62.403	-19.885	3.138	52.423	72.528	36.317	-14.374	14.717	TRAIN 62.40% <= best 62.94% [cagr] [risk:max_hold=12 select:cagr]
2026-09-20T15:43:13Z	discard	strat_floorhighsustaincond	{"b_hi": 0.6, "b_lo": 0.4, "b_mid": 0.6, "fast_ma": 8, "floor_lb": 19, "lookback": 14, "max_dist": 0.055, "max_hold": 9, "regime_ma": 20, "sustain_hi": 2, "sustain_lo": 3, "trail_k": 0.15}	15	50.188	-24.820	2.022	42.143	58.282	34.809	-11.874	14.717	TRAIN 50.19% <= best 62.94% [cagr] [risk:trail_k=0.15 max_hold=9 select:cagr]
2026-09-20T15:43:25Z	discard	strat_floorhighsustaincond	{"b_hi": 0.6, "b_lo": 0.4, "b_mid": 0.6, "fast_ma": 8, "floor_lb": 19, "lookback": 14, "max_dist": 0.055, "max_hold": 8, "regime_ma": 20, "sustain_hi": 2, "sustain_lo": 3}	15	61.030	-19.885	3.069	52.423	69.690	36.427	-14.374	14.717	TRAIN 61.03% <= best 62.94% [cagr] [risk:max_hold=8 select:cagr]
2026-09-20T15:43:33Z	discard	strat_floorhighsustaincond	{"b_hi": 0.6, "b_lo": 0.4, "b_mid": 0.6, "fast_ma": 8, "floor_lb": 19, "lookback": 14, "max_dist": 0.055, "max_hold": 10, "regime_ma": 20, "sustain_hi": 2, "sustain_lo": 3}	15	62.403	-19.885	3.138	52.423	72.528	36.317	-14.374	14.717	TRAIN 62.40% <= best 62.94% [cagr] [risk:max_hold=10 select:cagr]
2026-09-20T15:43:43Z	discard	strat_floorhighsustaincond	{"b_hi": 0.6, "b_lo": 0.4, "b_mid": 0.6, "fast_ma": 8, "floor_lb": 19, "lookback": 14, "max_dist": 0.055, "max_hold": 9, "regime_ma": 20, "sustain_hi": 2, "sustain_lo": 2}	15	61.591	-18.541	3.322	53.468	69.736	37.335	-15.543	14.717	TRAIN 61.59% <= best 62.94% [cagr] [risk:max_hold=9 select:cagr]
2026-09-20T15:43:53Z	discard	strat_floorhighsustaincond	{"b_hi": 0.6, "b_lo": 0.4, "b_mid": 0.6, "fast_ma": 8, "floor_lb": 19, "lookback": 13, "max_dist": 0.055, "max_hold": 9, "regime_ma": 20, "sustain_hi": 2, "sustain_lo": 3}	15	62.147	-19.885	3.125	52.461	71.954	36.947	-14.374	14.717	TRAIN 62.15% <= best 62.94% [cagr] [risk:max_hold=9 select:cagr]
2026-09-20T15:44:01Z	discard	strat_floorhighsustaincond	{"b_hi": 0.6, "b_lo": 0.4, "b_mid": 0.6, "fast_ma": 8, "floor_lb": 19, "lookback": 14, "max_dist": 0.055, "max_hold": 9, "regime_ma": 20, "sustain_hi": 3, "sustain_lo": 3}	15	61.871	-21.177	2.922	50.384	73.640	36.800	-14.374	14.717	TRAIN 61.87% <= best 62.94% [cagr] [risk:max_hold=9 select:cagr]
2026-09-20T15:44:12Z	discard	strat_floorhighsustaincond	{"b_hi": 0.6, "b_lo": 0.4, "b_mid": 0.6, "fast_ma": 8, "floor_lb": 19, "lookback": 14, "max_dist": 0.055, "max_hold": 9, "regime_ma": 20, "sustain_hi": 2, "sustain_lo": 3}	16	59.028	-19.242	3.068	51.544	66.507	36.098	-12.855	14.717	TRAIN 59.03% <= best 62.94% [cagr] [risk:max_hold=9 select:cagr]
2026-09-20T15:44:29Z	discard	strat_floorhighsustaincond	{"b_hi": 0.6, "b_lo": 0.4, "b_mid": 0.6, "fast_ma": 8, "floor_lb": 20, "lookback": 14, "max_dist": 0.055, "max_hold": 9, "regime_ma": 20, "sustain_hi": 2, "sustain_lo": 3}	15	62.388	-21.821	2.859	47.897	77.524	33.124	-18.089	14.717	TRAIN 62.39% <= best 62.94% [cagr] [risk:max_hold=9 select:cagr]
2026-09-20T15:44:42Z	discard	strat_floorhighsustaincond	{"b_hi": 0.62, "b_lo": 0.4, "b_mid": 0.6, "fast_ma": 8, "floor_lb": 19, "lookback": 14, "max_dist": 0.055, "max_hold": 9, "regime_ma": 20, "sustain_hi": 2, "sustain_lo": 3}	15	60.694	-17.902	3.390	51.361	70.128	36.646	-14.374	14.717	TRAIN 60.69% <= best 62.94% [cagr] [risk:max_hold=9 select:cagr]
2026-09-20T15:44:50Z	keep	strat_floorhighsustaincond	{"b_hi": 0.58, "b_lo": 0.4, "b_mid": 0.6, "fast_ma": 8, "floor_lb": 19, "lookback": 14, "max_dist": 0.055, "max_hold": 9, "regime_ma": 20, "sustain_hi": 2, "sustain_lo": 3}	15	63.715	-19.885	3.204	53.915	73.640	41.897	-14.374	14.717	beats best on cagr [risk:max_hold=9 select:cagr]
2026-09-20T15:44:59Z	discard	strat_floorhighsustaincond	{"b_hi": 0.56, "b_lo": 0.4, "b_mid": 0.6, "fast_ma": 8, "floor_lb": 19, "lookback": 14, "max_dist": 0.055, "max_hold": 9, "regime_ma": 20, "sustain_hi": 2, "sustain_lo": 3}	15	62.839	-23.071	2.724	52.233	73.640	41.897	-14.374	14.717	TRAIN 62.84% <= best 63.71% [cagr] [risk:max_hold=9 select:cagr]
2026-09-20T15:45:07Z	discard	strat_floorhighsustaincond	{"b_hi": 0.58, "b_lo": 0.38, "b_mid": 0.6, "fast_ma": 8, "floor_lb": 19, "lookback": 14, "max_dist": 0.055, "max_hold": 9, "regime_ma": 20, "sustain_hi": 2, "sustain_lo": 3}	15	63.715	-19.885	3.204	53.915	73.640	41.117	-14.374	14.717	TRAIN 63.71% <= best 63.71% [cagr] [risk:max_hold=9 select:cagr]
2026-09-20T15:45:17Z	discard	strat_floorhighsustaincond	{"b_hi": 0.58, "b_lo": 0.4, "b_mid": 0.58, "fast_ma": 8, "floor_lb": 19, "lookback": 14, "max_dist": 0.055, "max_hold": 9, "regime_ma": 20, "sustain_hi": 2, "sustain_lo": 3}	15	63.715	-19.885	3.204	53.915	73.640	41.897	-14.374	14.717	TRAIN 63.71% <= best 63.71% [cagr] [risk:max_hold=9 select:cagr]
2026-09-20T15:45:26Z	discard	strat_floorhighsustaincond	{"b_hi": 0.58, "b_lo": 0.4, "b_mid": 0.62, "fast_ma": 8, "floor_lb": 19, "lookback": 14, "max_dist": 0.055, "max_hold": 9, "regime_ma": 20, "sustain_hi": 2, "sustain_lo": 3}	15	63.715	-19.885	3.204	53.915	73.640	41.897	-14.374	14.717	TRAIN 63.71% <= best 63.71% [cagr] [risk:max_hold=9 select:cagr]
2026-09-20T15:45:38Z	keep	strat_floorhighsustaincond	{"b_hi": 0.57, "b_lo": 0.4, "b_mid": 0.6, "fast_ma": 8, "floor_lb": 19, "lookback": 14, "max_dist": 0.055, "max_hold": 9, "regime_ma": 20, "sustain_hi": 2, "sustain_lo": 3}	15	65.311	-19.885	3.284	57.006	73.640	41.897	-14.374	14.717	beats best on cagr [risk:max_hold=9 select:cagr]
2026-09-20T15:45:49Z	discard	strat_floorhighsustaincond	{"b_hi": 0.56, "b_lo": 0.4, "b_mid": 0.6, "fast_ma": 8, "floor_lb": 19, "lookback": 14, "max_dist": 0.055, "max_hold": 9, "regime_ma": 20, "sustain_hi": 2, "sustain_lo": 3}	15	62.839	-23.071	2.724	52.233	73.640	41.897	-14.374	14.717	TRAIN 62.84% <= best 65.31% [cagr] [risk:max_hold=9 select:cagr]
2026-09-20T15:45:59Z	discard	strat_floorhighsustaincond	{"b_hi": 0.59, "b_lo": 0.4, "b_mid": 0.6, "fast_ma": 8, "floor_lb": 19, "lookback": 14, "max_dist": 0.055, "max_hold": 9, "regime_ma": 20, "sustain_hi": 2, "sustain_lo": 3}	15	62.938	-19.885	3.165	52.423	73.640	40.798	-14.374	14.717	TRAIN 62.94% <= best 65.31% [cagr] [risk:max_hold=9 select:cagr]
2026-09-20T15:46:11Z	discard	strat_floorhighsustaincond	{"b_hi": 0.57, "b_lo": 0.4, "b_mid": 0.6, "fast_ma": 8, "floor_lb": 19, "lookback": 14, "max_dist": 0.055, "max_hold": 9, "regime_ma": 19, "sustain_hi": 2, "sustain_lo": 3}	15	63.715	-19.885	3.204	53.915	73.640	40.798	-14.374	14.717	TRAIN 63.71% <= best 65.31% [cagr] [risk:max_hold=9 select:cagr]
2026-09-20T15:46:19Z	discard	strat_floorhighsustaincond	{"b_hi": 0.57, "b_lo": 0.4, "b_mid": 0.6, "fast_ma": 8, "floor_lb": 19, "lookback": 14, "max_dist": 0.055, "max_hold": 9, "regime_ma": 21, "sustain_hi": 2, "sustain_lo": 3}	15	62.839	-23.071	2.724	52.233	73.640	43.687	-14.374	14.717	TRAIN 62.84% <= best 65.31% [cagr] [risk:max_hold=9 select:cagr]
2026-09-20T15:46:27Z	discard	strat_floorhighsustaincond	{"b_hi": 0.57, "b_lo": 0.4, "b_mid": 0.6, "fast_ma": 8, "floor_lb": 19, "lookback": 13, "max_dist": 0.055, "max_hold": 9, "regime_ma": 20, "sustain_hi": 2, "sustain_lo": 3}	15	64.508	-19.885	3.244	57.046	71.954	41.897	-14.374	14.717	TRAIN 64.51% <= best 65.31% [cagr] [risk:max_hold=9 select:cagr]
2026-09-20T15:46:35Z	discard	strat_floorhighsustaincond	{"b_hi": 0.57, "b_lo": 0.4, "b_mid": 0.6, "fast_ma": 8, "floor_lb": 19, "lookback": 15, "max_dist": 0.055, "max_hold": 9, "regime_ma": 20, "sustain_hi": 2, "sustain_lo": 3}	15	65.146	-19.885	3.276	57.006	73.301	41.897	-14.374	14.717	TRAIN 65.15% <= best 65.31% [cagr] [risk:max_hold=9 select:cagr]
2026-09-20T15:46:44Z	discard	strat_floorhighsustaincond	{"b_hi": 0.57, "b_lo": 0.4, "b_mid": 0.6, "fast_ma": 8, "floor_lb": 19, "lookback": 14, "max_dist": 0.055, "max_hold": 9, "regime_ma": 20, "sustain_hi": 2, "sustain_lo": 2}	15	63.944	-18.541	3.449	58.082	69.736	43.967	-15.543	14.717	TRAIN 63.94% <= best 65.31% [cagr] [risk:max_hold=9 select:cagr]
2026-09-20T15:46:52Z	discard	strat_floorhighsustaincond	{"b_hi": 0.57, "b_lo": 0.4, "b_mid": 0.6, "fast_ma": 8, "floor_lb": 19, "lookback": 14, "max_dist": 0.055, "max_hold": 9, "regime_ma": 20, "sustain_hi": 2, "sustain_lo": 4}	15	62.702	-19.885	3.153	52.641	72.912	37.281	-16.566	14.717	TRAIN 62.70% <= best 65.31% [cagr] [risk:max_hold=9 select:cagr]
2026-09-20T15:47:00Z	discard	strat_floorhighsustaincond	{"b_hi": 0.57, "b_lo": 0.4, "b_mid": 0.6, "fast_ma": 8, "floor_lb": 20, "lookback": 14, "max_dist": 0.055, "max_hold": 9, "regime_ma": 20, "sustain_hi": 2, "sustain_lo": 3}	15	64.743	-21.821	2.967	52.325	77.524	39.168	-18.089	14.717	TRAIN 64.74% <= best 65.31% [cagr] [risk:max_hold=9 select:cagr]
2026-09-20T15:47:12Z	discard	strat_floorhighsustaincond	{"b_hi": 0.57, "b_lo": 0.4, "b_mid": 0.6, "fast_ma": 8, "floor_lb": 18, "lookback": 14, "max_dist": 0.055, "max_hold": 9, "regime_ma": 20, "sustain_hi": 2, "sustain_lo": 3}	15	62.628	-20.091	3.117	57.892	67.277	45.944	-16.379	14.717	TRAIN 62.63% <= best 65.31% [cagr] [risk:max_hold=9 select:cagr]
2026-09-20T15:47:22Z	discard	strat_floorhighsustaincond	{"b_hi": 0.57, "b_lo": 0.4, "b_mid": 0.6, "fast_ma": 7, "floor_lb": 19, "lookback": 14, "max_dist": 0.055, "max_hold": 9, "regime_ma": 20, "sustain_hi": 2, "sustain_lo": 3}	15	65.311	-19.885	3.284	57.006	73.640	41.897	-14.374	14.717	TRAIN 65.31% <= best 65.31% [cagr] [risk:max_hold=9 select:cagr]
2026-09-20T15:47:30Z	discard	strat_floorhighsustaincond	{"b_hi": 0.57, "b_lo": 0.4, "b_mid": 0.6, "fast_ma": 9, "floor_lb": 19, "lookback": 14, "max_dist": 0.055, "max_hold": 9, "regime_ma": 20, "sustain_hi": 2, "sustain_lo": 3}	15	65.010	-19.885	3.269	56.420	73.640	41.897	-14.374	14.717	TRAIN 65.01% <= best 65.31% [cagr] [risk:max_hold=9 select:cagr]
2026-09-20T15:47:38Z	discard	strat_floorhighsustaincond	{"b_hi": 0.57, "b_lo": 0.4, "b_mid": 0.6, "fast_ma": 8, "floor_lb": 19, "lookback": 14, "max_dist": 0.055, "max_hold": 9, "regime_ma": 20, "sustain_hi": 1, "sustain_lo": 3}	15	64.294	-20.113	3.197	55.959	72.656	40.350	-14.374	14.717	TRAIN 64.29% <= best 65.31% [cagr] [risk:max_hold=9 select:cagr]
2026-09-20T15:47:48Z	discard	strat_floorhighsustaincond	{"b_hi": 0.57, "b_lo": 0.4, "b_mid": 0.6, "fast_ma": 8, "floor_lb": 19, "lookback": 14, "max_dist": 0.055, "max_hold": 9, "regime_ma": 20, "sustain_hi": 3, "sustain_lo": 3}	15	64.229	-21.177	3.033	54.906	73.640	42.417	-14.374	14.717	TRAIN 64.23% <= best 65.31% [cagr] [risk:max_hold=9 select:cagr]
2026-09-20T15:47:56Z	discard	strat_floorhighsustaincond	{"b_hi": 0.57, "b_lo": 0.45, "b_mid": 0.6, "fast_ma": 8, "floor_lb": 19, "lookback": 14, "max_dist": 0.055, "max_hold": 9, "regime_ma": 20, "sustain_hi": 2, "sustain_lo": 3}	15	59.867	-19.885	3.011	55.863	63.779	40.773	-14.374	14.717	TRAIN 59.87% <= best 65.31% [cagr] [risk:max_hold=9 select:cagr]
2026-09-20T15:48:08Z	discard	strat_floorhighsustaincond	{"b_hi": 0.57, "b_lo": 0.4, "b_mid": 0.6, "fast_ma": 8, "floor_lb": 19, "lookback": 14, "max_dist": 0.055, "max_hold": 9, "regime_ma": 20, "sustain_hi": 2, "sustain_lo": 3}	14	62.439	-22.828	2.735	51.520	73.582	40.353	-18.296	14.717	TRAIN 62.44% <= best 65.31% [cagr] [risk:max_hold=9 select:cagr]
2026-09-20T15:48:22Z	discard	strat_floorhighsustaincond	{"b_hi": 0.57, "b_lo": 0.4, "b_mid": 0.6, "fast_ma": 8, "floor_lb": 19, "lookback": 14, "max_dist": 0.055, "regime_ma": 20, "sustain_hi": 2, "sustain_lo": 3}	15	64.769	-19.885	3.257	57.006	72.528	41.244	-14.374	14.717	TRAIN 64.77% <= best 65.31% [cagr] [risk:none select:cagr]
2026-09-20T15:48:32Z	discard	strat_floorhighsustaincond	{"b_hi": 0.57, "b_lo": 0.4, "b_mid": 0.6, "fast_ma": 8, "floor_lb": 19, "lookback": 14, "max_dist": 0.055, "max_hold": 9, "regime_ma": 19, "sustain_hi": 2, "sustain_lo": 3}	15	63.715	-19.885	3.204	53.915	73.640	40.798	-14.374	14.717	TRAIN 63.71% <= best 65.31% [cagr] [risk:max_hold=9 select:cagr]
2026-09-20T15:48:43Z	discard	strat_floorhighsustaincond	{"b_hi": 0.57, "b_lo": 0.4, "b_mid": 0.6, "fast_ma": 8, "floor_lb": 19, "lookback": 14, "max_dist": 0.055, "max_hold": 9, "regime_ma": 20, "sustain_hi": 2, "sustain_lo": 3}	16	61.424	-19.242	3.192	56.260	66.507	41.144	-12.855	14.717	TRAIN 61.42% <= best 65.31% [cagr] [risk:max_hold=9 select:cagr]
2026-09-20T15:48:55Z	discard	strat_floorhighsustaincond	{"b_hi": 0.57, "b_lo": 0.4, "b_mid": 0.55, "fast_ma": 8, "floor_lb": 19, "lookback": 14, "max_dist": 0.055, "max_hold": 9, "regime_ma": 20, "sustain_hi": 2, "sustain_lo": 3}	15	64.019	-19.885	3.219	54.502	73.640	42.694	-14.374	14.717	TRAIN 64.02% <= best 65.31% [cagr] [risk:max_hold=9 select:cagr]
2026-09-20T15:49:08Z	discard	strat_floorhighsustaincond	{"b_hi": 0.57, "b_lo": 0.4, "b_mid": 0.6, "fast_ma": 8, "floor_lb": 19, "lookback": 13, "max_dist": 0.055, "max_hold": 9, "regime_ma": 20, "sustain_hi": 2, "sustain_lo": 2}	15	63.599	-18.541	3.430	58.123	68.997	43.967	-15.543	14.717	TRAIN 63.60% <= best 65.31% [cagr] [risk:max_hold=9 select:cagr]
2026-09-20T15:49:19Z	keep	strat_floorhighsustaincond	{"b_hi": 0.57, "b_lo": 0.4, "b_mid": 0.6, "fast_ma": 8, "floor_lb": 19, "lookback": 14, "max_dist": 0.055, "max_hold": 7, "regime_ma": 20, "sustain_hi": 2, "sustain_lo": 3}	15	66.971	-19.688	3.402	59.835	74.073	40.300	-14.374	14.717	beats best on cagr [risk:max_hold=7 select:cagr]
2026-09-20T15:49:30Z	discard	strat_floorhighsustaincond	{"b_hi": 0.57, "b_lo": 0.4, "b_mid": 0.6, "fast_ma": 8, "floor_lb": 19, "lookback": 14, "max_dist": 0.055, "max_hold": 8, "regime_ma": 20, "sustain_hi": 2, "sustain_lo": 3}	15	63.376	-19.885	3.187	57.006	69.690	41.358	-14.374	14.717	TRAIN 63.38% <= best 66.97% [cagr] [risk:max_hold=8 select:cagr]
2026-09-20T15:49:41Z	discard	strat_floorhighsustaincond	{"b_hi": 0.57, "b_lo": 0.4, "b_mid": 0.6, "fast_ma": 8, "floor_lb": 19, "lookback": 14, "max_dist": 0.055, "max_hold": 6, "regime_ma": 20, "sustain_hi": 2, "sustain_lo": 3}	15	62.560	-20.847	3.001	53.800	71.377	43.236	-12.142	14.717	TRAIN 62.56% <= best 66.97% [cagr] [risk:max_hold=6 select:cagr]
2026-09-20T15:49:55Z	discard	strat_floorhighsustaincond	{"b_hi": 0.57, "b_lo": 0.4, "b_mid": 0.6, "fast_ma": 8, "floor_lb": 19, "lookback": 14, "max_dist": 0.055, "max_hold": 5, "regime_ma": 20, "sustain_hi": 2, "sustain_lo": 3}	15	62.426	-20.702	3.015	56.855	67.923	42.348	-14.403	14.717	TRAIN 62.43% <= best 66.97% [cagr] [risk:max_hold=5 select:cagr]
2026-09-20T15:50:03Z	discard	strat_floorhighsustaincond	{"b_hi": 0.57, "b_lo": 0.4, "b_mid": 0.6, "fast_ma": 8, "floor_lb": 19, "lookback": 14, "max_dist": 0.055, "max_hold": 10, "regime_ma": 20, "sustain_hi": 2, "sustain_lo": 3}	15	64.769	-19.885	3.257	57.006	72.528	41.244	-14.374	14.717	TRAIN 64.77% <= best 66.97% [cagr] [risk:max_hold=10 select:cagr]
2026-09-20T15:50:13Z	discard	strat_floorhighvoltarget	{"b_hi": 0.57, "b_lo": 0.4, "b_mid": 0.6, "fast_ma": 8, "floor_lb": 19, "lookback": 14, "max_dist": 0.055, "max_hold": 7, "regime_ma": 20, "sustain_hi": 2, "sustain_lo": 3, "vt_lb": 6, "vt_target": 0.2}	15	58.753	-18.461	3.183	51.487	66.007	33.211	-14.374	14.717	TRAIN 58.75% <= best 66.97% [cagr] [risk:max_hold=7 select:cagr]
2026-09-20T15:50:28Z	discard	strat_floorhighaccum	{"acc_lb": 6, "acc_min": 0.05, "b_hi": 0.57, "b_lo": 0.4, "b_mid": 0.6, "fast_ma": 8, "floor_lb": 19, "lookback": 14, "max_dist": 0.055, "max_hold": 7, "regime_ma": 20, "sustain_hi": 2, "sustain_lo": 3}	15	60.854	-18.697	3.255	55.020	66.621	43.199	-14.374	14.717	TRAIN 60.85% <= best 66.97% [cagr] [risk:max_hold=7 select:cagr]
2026-09-20T15:50:37Z	discard	strat_floorhighsector	{"b_hi": 0.57, "b_lo": 0.4, "b_mid": 0.6, "fast_ma": 8, "floor_lb": 19, "ind_q": 0.0, "lookback": 14, "max_dist": 0.055, "max_hold": 7, "regime_ma": 20, "sect_lb": 12, "sustain_hi": 2, "sustain_lo": 3}	15	66.745	-19.688	3.390	59.835	73.611	39.422	-14.374	14.717	TRAIN 66.74% <= best 66.97% [cagr] [risk:max_hold=7 select:cagr]
2026-09-20T15:50:46Z	discard	strat_floorhighsustaincond	{"b_hi": 0.56, "b_lo": 0.4, "b_mid": 0.6, "fast_ma": 8, "floor_lb": 19, "lookback": 14, "max_dist": 0.055, "max_hold": 7, "regime_ma": 20, "sustain_hi": 2, "sustain_lo": 3}	15	64.474	-23.058	2.796	54.976	74.073	40.300	-14.374	14.717	TRAIN 64.47% <= best 66.97% [cagr] [risk:max_hold=7 select:cagr]
2026-09-20T15:50:55Z	discard	strat_floorhighsustaincond	{"b_hi": 0.57, "b_lo": 0.4, "b_mid": 0.6, "fast_ma": 8, "floor_lb": 19, "lookback": 14, "max_dist": 0.055, "max_hold": 7, "regime_ma": 20, "sustain_hi": 2, "sustain_lo": 2}	15	62.931	-18.541	3.394	59.538	66.233	42.470	-15.543	14.717	TRAIN 62.93% <= best 66.97% [cagr] [risk:max_hold=7 select:cagr]
2026-09-20T15:51:07Z	discard	strat_floorhighsustaincond	{"b_hi": 0.57, "b_lo": 0.4, "b_mid": 0.6, "fast_ma": 8, "floor_lb": 19, "lookback": 14, "max_dist": 0.055, "max_hold": 7, "regime_ma": 20, "sustain_hi": 2, "sustain_lo": 4}	15	64.290	-19.885	3.233	54.502	74.200	35.946	-18.980	14.717	TRAIN 64.29% <= best 66.97% [cagr] [risk:max_hold=7 select:cagr]
2026-09-20T15:51:15Z	discard	strat_floorhighsustaincond	{"b_hi": 0.57, "b_lo": 0.4, "b_mid": 0.6, "fast_ma": 8, "floor_lb": 19, "lookback": 13, "max_dist": 0.055, "max_hold": 7, "regime_ma": 20, "sustain_hi": 2, "sustain_lo": 3}	15	66.160	-19.688	3.360	59.876	72.383	40.300	-14.374	14.717	TRAIN 66.16% <= best 66.97% [cagr] [risk:max_hold=7 select:cagr]
2026-09-20T15:51:26Z	discard	strat_floorhighsustaincond	{"b_hi": 0.57, "b_lo": 0.4, "b_mid": 0.6, "fast_ma": 8, "floor_lb": 19, "lookback": 15, "max_dist": 0.055, "max_hold": 7, "regime_ma": 20, "sustain_hi": 2, "sustain_lo": 3}	15	66.805	-19.688	3.393	59.835	73.733	40.300	-14.374	14.717	TRAIN 66.80% <= best 66.97% [cagr] [risk:max_hold=7 select:cagr]
2026-09-20T15:51:34Z	discard	strat_floorhighsustaincond	{"b_hi": 0.57, "b_lo": 0.4, "b_mid": 0.6, "fast_ma": 8, "floor_lb": 19, "lookback": 14, "max_dist": 0.055, "max_hold": 7, "regime_ma": 19, "sustain_hi": 2, "sustain_lo": 3}	15	65.359	-19.688	3.320	56.688	74.073	39.214	-14.374	14.717	TRAIN 65.36% <= best 66.97% [cagr] [risk:max_hold=7 select:cagr]
2026-09-20T15:51:41Z	discard	strat_floorhighsustaincond	{"b_hi": 0.57, "b_lo": 0.4, "b_mid": 0.6, "fast_ma": 8, "floor_lb": 19, "lookback": 14, "max_dist": 0.055, "max_hold": 7, "regime_ma": 21, "sustain_hi": 2, "sustain_lo": 3}	15	64.474	-23.058	2.796	54.976	74.073	42.070	-14.374	14.717	TRAIN 64.47% <= best 66.97% [cagr] [risk:max_hold=7 select:cagr]
2026-09-20T15:51:48Z	discard	strat_floorhighsustaincond	{"b_hi": 0.57, "b_lo": 0.4, "b_mid": 0.6, "fast_ma": 8, "floor_lb": 20, "lookback": 14, "max_dist": 0.055, "max_hold": 7, "regime_ma": 20, "sustain_hi": 2, "sustain_lo": 3}	15	65.262	-21.821	2.991	53.943	76.829	37.736	-20.298	14.717	TRAIN 65.26% <= best 66.97% [cagr] [risk:max_hold=7 select:cagr]
2026-09-20T15:52:03Z	discard	strat_floorhighsustaincond	{"b_hi": 0.57, "b_lo": 0.4, "b_mid": 0.6, "fast_ma": 8, "floor_lb": 18, "lookback": 14, "max_dist": 0.055, "max_hold": 7, "regime_ma": 20, "sustain_hi": 2, "sustain_lo": 3}	15	63.843	-20.091	3.178	59.900	67.694	43.810	-16.379	14.717	TRAIN 63.84% <= best 66.97% [cagr] [risk:max_hold=7 select:cagr]
2026-09-20T15:52:11Z	discard	strat_floorhighsustaincond	{"b_hi": 0.57, "b_lo": 0.4, "b_mid": 0.6, "fast_ma": 7, "floor_lb": 19, "lookback": 14, "max_dist": 0.055, "max_hold": 7, "regime_ma": 20, "sustain_hi": 2, "sustain_lo": 3}	15	66.971	-19.688	3.402	59.835	74.073	40.300	-14.374	14.717	TRAIN 66.97% <= best 66.97% [cagr] [risk:max_hold=7 select:cagr]
2026-09-20T15:52:19Z	discard	strat_floorhighsustaincond	{"b_hi": 0.57, "b_lo": 0.4, "b_mid": 0.6, "fast_ma": 9, "floor_lb": 19, "lookback": 14, "max_dist": 0.055, "max_hold": 7, "regime_ma": 20, "sustain_hi": 2, "sustain_lo": 3}	15	66.667	-19.688	3.386	59.239	74.073	40.300	-14.374	14.717	TRAIN 66.67% <= best 66.97% [cagr] [risk:max_hold=7 select:cagr]
2026-09-20T15:52:29Z	discard	strat_floorhighsustaincond	{"b_hi": 0.57, "b_lo": 0.4, "b_mid": 0.6, "fast_ma": 8, "floor_lb": 19, "lookback": 14, "max_dist": 0.055, "max_hold": 7, "regime_ma": 20, "sustain_hi": 1, "sustain_lo": 3}	15	66.035	-19.606	3.368	58.949	73.087	38.771	-14.374	14.717	TRAIN 66.04% <= best 66.97% [cagr] [risk:max_hold=7 select:cagr]
2026-09-20T15:52:38Z	discard	strat_floorhighsustaincond	{"b_hi": 0.57, "b_lo": 0.4, "b_mid": 0.6, "fast_ma": 8, "floor_lb": 19, "lookback": 14, "max_dist": 0.055, "max_hold": 7, "regime_ma": 20, "sustain_hi": 3, "sustain_lo": 3}	15	66.101	-20.235	3.267	58.133	74.073	40.815	-14.374	14.717	TRAIN 66.10% <= best 66.97% [cagr] [risk:max_hold=7 select:cagr]
2026-09-20T15:52:48Z	discard	strat_floorhighsustaincond	{"b_hi": 0.57, "b_lo": 0.45, "b_mid": 0.6, "fast_ma": 8, "floor_lb": 19, "lookback": 14, "max_dist": 0.055, "max_hold": 7, "regime_ma": 20, "sustain_hi": 2, "sustain_lo": 3}	15	61.472	-19.688	3.122	58.672	64.188	39.189	-14.374	14.717	TRAIN 61.47% <= best 66.97% [cagr] [risk:max_hold=7 select:cagr]
2026-09-20T15:52:58Z	discard	strat_floorhighsustaincond	{"b_hi": 0.57, "b_lo": 0.4, "b_mid": 0.55, "fast_ma": 8, "floor_lb": 19, "lookback": 14, "max_dist": 0.055, "max_hold": 7, "regime_ma": 20, "sustain_hi": 2, "sustain_lo": 3}	15	65.666	-19.688	3.335	57.286	74.073	41.088	-14.374	14.717	TRAIN 65.67% <= best 66.97% [cagr] [risk:max_hold=7 select:cagr]
2026-09-20T15:53:09Z	discard	strat_floorhighsustaincond	{"b_hi": 0.57, "b_lo": 0.4, "b_mid": 0.6, "fast_ma": 8, "floor_lb": 19, "lookback": 14, "max_dist": 0.055, "max_hold": 7, "regime_ma": 20, "sustain_hi": 2, "sustain_lo": 3}	16	62.271	-19.017	3.274	57.815	66.636	39.204	-12.855	14.717	TRAIN 62.27% <= best 66.97% [cagr] [risk:max_hold=7 select:cagr]
2026-09-20T15:53:18Z	discard	strat_floorhighsustaincond	{"b_hi": 0.57, "b_lo": 0.4, "b_mid": 0.6, "fast_ma": 8, "floor_lb": 19, "lookback": 14, "max_dist": 0.055, "max_hold": 7, "regime_ma": 20, "sustain_hi": 2, "sustain_lo": 3}	14	63.914	-22.828	2.800	54.353	73.582	38.558	-20.787	14.717	TRAIN 63.91% <= best 66.97% [cagr] [risk:max_hold=7 select:cagr]
2026-09-20T15:53:27Z	discard	strat_floorhighsector	{"b_hi": 0.57, "b_lo": 0.4, "b_mid": 0.6, "fast_ma": 8, "floor_lb": 19, "ind_q": 0.5, "lookback": 14, "max_dist": 0.055, "max_hold": 7, "regime_ma": 20, "sect_lb": 6, "sustain_hi": 2, "sustain_lo": 3}	15	63.007	-19.945	3.159	52.957	73.203	34.086	-14.374	14.717	TRAIN 63.01% <= best 66.97% [cagr] [risk:max_hold=7 select:cagr]
2026-09-20T15:53:38Z	discard	strat_floorhighaccum	{"acc_lb": 3, "acc_min": 0.0, "b_hi": 0.57, "b_lo": 0.4, "b_mid": 0.6, "fast_ma": 8, "floor_lb": 19, "lookback": 14, "max_dist": 0.055, "max_hold": 7, "regime_ma": 20, "sustain_hi": 2, "sustain_lo": 3}	15	58.732	-20.722	2.834	54.782	62.592	40.477	-14.374	14.717	TRAIN 58.73% <= best 66.97% [cagr] [risk:max_hold=7 select:cagr]
2026-09-20T15:53:47Z	discard	strat_floorhighsustaincond	{"b_hi": 0.57, "b_lo": 0.4, "b_mid": 0.6, "fast_ma": 8, "floor_lb": 19, "lookback": 12, "max_dist": 0.055, "max_hold": 7, "regime_ma": 20, "sustain_hi": 2, "sustain_lo": 3}	15	66.947	-19.688	3.400	62.116	71.689	40.632	-14.374	14.717	TRAIN 66.95% <= best 66.97% [cagr] [risk:max_hold=7 select:cagr]
2026-09-20T15:53:55Z	discard	strat_floorhighsustaincond	{"b_hi": 0.57, "b_lo": 0.4, "b_mid": 0.6, "fast_ma": 8, "floor_lb": 19, "lookback": 16, "max_dist": 0.055, "max_hold": 7, "regime_ma": 20, "sustain_hi": 2, "sustain_lo": 3}	15	66.429	-19.688	3.374	59.596	73.216	40.300	-14.374	14.717	TRAIN 66.43% <= best 66.97% [cagr] [risk:max_hold=7 select:cagr]
2026-09-20T15:54:06Z	discard	strat_floorhighsustaincond	{"b_hi": 0.565, "b_lo": 0.4, "b_mid": 0.6, "fast_ma": 8, "floor_lb": 19, "lookback": 14, "max_dist": 0.055, "max_hold": 7, "regime_ma": 20, "sustain_hi": 2, "sustain_lo": 3}	15	66.971	-19.688	3.402	59.835	74.073	40.300	-14.374	14.717	TRAIN 66.97% <= best 66.97% [cagr] [risk:max_hold=7 select:cagr]
2026-09-20T15:54:16Z	discard	strat_floorhighsustaincond	{"b_hi": 0.575, "b_lo": 0.4, "b_mid": 0.6, "fast_ma": 8, "floor_lb": 19, "lookback": 14, "max_dist": 0.055, "max_hold": 7, "regime_ma": 20, "sustain_hi": 2, "sustain_lo": 3}	15	65.359	-19.688	3.320	56.688	74.073	40.300	-14.374	14.717	TRAIN 65.36% <= best 66.97% [cagr] [risk:max_hold=7 select:cagr]
2026-09-20T15:54:25Z	discard	strat_floorhighsector	{"b_hi": 0.57, "b_lo": 0.4, "b_mid": 0.6, "fast_ma": 8, "floor_lb": 19, "ind_q": 0.0, "lookback": 14, "max_dist": 0.055, "max_hold": 7, "regime_ma": 20, "sect_lb": 6, "sustain_hi": 2, "sustain_lo": 3}	15	64.195	-19.265	3.332	54.438	74.073	33.102	-14.374	14.717	TRAIN 64.20% <= best 66.97% [cagr] [risk:max_hold=7 select:cagr]
2026-09-20T15:54:39Z	discard	strat_floorhighaccum	{"acc_lb": 6, "acc_min": 0.1, "b_hi": 0.57, "b_lo": 0.4, "b_mid": 0.6, "fast_ma": 8, "floor_lb": 19, "lookback": 14, "max_dist": 0.055, "max_hold": 7, "regime_ma": 20, "sustain_hi": 2, "sustain_lo": 3}	15	54.927	-20.620	2.664	46.837	63.055	49.393	-14.331	14.717	TRAIN 54.93% <= best 66.97% [cagr] [risk:max_hold=7 select:cagr]
2026-09-20T15:54:48Z	discard	strat_floorhighvoltarget	{"b_hi": 0.57, "b_lo": 0.4, "b_mid": 0.6, "fast_ma": 8, "floor_lb": 19, "lookback": 14, "max_dist": 0.055, "max_hold": 7, "regime_ma": 20, "sustain_hi": 2, "sustain_lo": 3, "vt_lb": 6, "vt_target": 0.15}	15	48.866	-15.300	3.194	49.349	48.407	25.914	-11.954	14.717	TRAIN 48.87% <= best 66.97% [cagr] [risk:max_hold=7 select:cagr]
2026-09-20T15:54:57Z	discard	strat_floorhighsustaincond	{"b_hi": 0.57, "b_lo": 0.4, "b_mid": 0.6, "fast_ma": 7, "floor_lb": 19, "lookback": 15, "max_dist": 0.055, "max_hold": 7, "regime_ma": 20, "sustain_hi": 2, "sustain_lo": 3}	15	66.805	-19.688	3.393	59.835	73.733	40.300	-14.374	14.717	TRAIN 66.80% <= best 66.97% [cagr] [risk:max_hold=7 select:cagr]
2026-09-20T15:55:15Z	discard	strat_floorhighsustaincond	{"b_hi": 0.57, "b_lo": 0.4, "b_mid": 0.6, "fast_ma": 8, "floor_lb": 19, "lookback": 14, "max_dist": 0.055, "max_hold": 7, "regime_ma": 20, "sustain_hi": 3, "sustain_lo": 2}	15	62.082	-18.541	3.348	57.839	66.233	42.992	-14.551	14.717	TRAIN 62.08% <= best 66.97% [cagr] [risk:max_hold=7 select:cagr]
2026-09-20T15:55:23Z	discard	strat_floorhighsustaincond	{"b_hi": 0.57, "b_lo": 0.4, "b_mid": 0.6, "fast_ma": 8, "floor_lb": 19, "lookback": 15, "max_dist": 0.055, "max_hold": 7, "regime_ma": 20, "sustain_hi": 2, "sustain_lo": 2}	15	62.768	-18.541	3.385	59.538	65.909	42.470	-15.543	14.717	TRAIN 62.77% <= best 66.97% [cagr] [risk:max_hold=7 select:cagr]
2026-09-20T15:55:31Z	discard	strat_floorhighsustaincond	{"b_hi": 0.57, "b_lo": 0.4, "b_mid": 0.6, "fast_ma": 8, "floor_lb": 19, "lookback": 14, "max_dist": 0.055, "max_hold": 4, "regime_ma": 20, "sustain_hi": 2, "sustain_lo": 3}	15	68.232	-23.186	2.943	61.805	74.597	40.445	-14.374	14.717	DD -23.2% breaches floor/slack [risk:max_hold=4 select:cagr]
2026-09-20T15:55:39Z	discard	strat_floorhighsustaincond	{"b_hi": 0.57, "b_lo": 0.4, "b_mid": 0.6, "fast_ma": 8, "floor_lb": 19, "lookback": 14, "max_dist": 0.055, "max_hold": 11, "regime_ma": 20, "sustain_hi": 2, "sustain_lo": 3}	15	64.769	-19.885	3.257	57.006	72.528	41.244	-14.374	14.717	TRAIN 64.77% <= best 66.97% [cagr] [risk:max_hold=11 select:cagr]
2026-09-20T15:55:50Z	discard	strat_floorhighsustaincond	{"b_hi": 0.6, "b_lo": 0.4, "b_mid": 0.6, "fast_ma": 8, "floor_lb": 19, "lookback": 14, "max_dist": 0.055, "max_hold": 4, "regime_ma": 20, "sustain_hi": 2, "sustain_lo": 3}	15	65.817	-23.186	2.839	57.082	74.597	35.558	-14.374	14.717	TRAIN 65.82% <= best 66.97% [cagr] [risk:max_hold=4 select:cagr]
2026-09-20T15:55:58Z	discard	strat_floorhighsustaincond	{"b_hi": 0.57, "b_lo": 0.4, "b_mid": 0.6, "fast_ma": 8, "floor_lb": 18, "lookback": 14, "max_dist": 0.055, "max_hold": 4, "regime_ma": 20, "sustain_hi": 2, "sustain_lo": 3}	15	65.859	-19.429	3.390	63.590	68.052	44.128	-16.379	14.717	TRAIN 65.86% <= best 66.97% [cagr] [risk:max_hold=4 select:cagr]
2026-09-20T15:56:08Z	discard	strat_floorhighsustaincond	{"b_hi": 0.57, "b_lo": 0.4, "b_mid": 0.6, "fast_ma": 8, "floor_lb": 18, "lookback": 14, "max_dist": 0.055, "max_hold": 4, "regime_ma": 20, "sustain_hi": 2, "sustain_lo": 4}	15	61.959	-21.704	2.855	55.820	68.036	41.922	-16.379	14.717	TRAIN 61.96% <= best 66.97% [cagr] [risk:max_hold=4 select:cagr]
2026-09-20T15:56:16Z	discard	strat_floorhighsustaincond	{"b_hi": 0.6, "b_lo": 0.4, "b_mid": 0.6, "fast_ma": 8, "floor_lb": 18, "lookback": 14, "max_dist": 0.055, "max_hold": 4, "regime_ma": 20, "sustain_hi": 2, "sustain_lo": 3}	15	63.147	-19.429	3.250	58.157	68.052	39.197	-16.379	14.717	TRAIN 63.15% <= best 66.97% [cagr] [risk:max_hold=4 select:cagr]
2026-09-20T15:56:22Z	discard	strat_floorhighsustaincond	{"b_hi": 0.57, "b_lo": 0.4, "b_mid": 0.6, "fast_ma": 8, "floor_lb": 18, "lookback": 14, "max_dist": 0.055, "max_hold": 5, "regime_ma": 20, "sustain_hi": 2, "sustain_lo": 3}	15	60.983	-20.091	3.035	58.091	63.789	47.283	-16.407	14.717	TRAIN 60.98% <= best 66.97% [cagr] [risk:max_hold=5 select:cagr]
2026-09-20T15:56:35Z	discard	strat_floorhighsustaincond	{"b_hi": 0.57, "b_lo": 0.4, "b_mid": 0.6, "fast_ma": 8, "floor_lb": 19, "lookback": 14, "max_dist": 0.04, "max_hold": 7, "regime_ma": 20, "sustain_hi": 2, "sustain_lo": 3}	15	66.971	-19.688	3.402	59.835	74.073	40.300	-14.374	14.717	TRAIN 66.97% <= best 66.97% [cagr] [risk:max_hold=7 select:cagr]
2026-09-20T15:56:42Z	discard	strat_floorhighsustaincond	{"b_hi": 0.57, "b_lo": 0.4, "b_mid": 0.6, "fast_ma": 8, "floor_lb": 19, "lookback": 14, "max_dist": 0.08, "max_hold": 7, "regime_ma": 20, "sustain_hi": 2, "sustain_lo": 3}	15	66.971	-19.688	3.402	59.835	74.073	40.300	-14.374	14.717	TRAIN 66.97% <= best 66.97% [cagr] [risk:max_hold=7 select:cagr]
2026-09-20T15:56:56Z	discard	strat_floorhighaccum	{"b_hi": 0.57, "b_lo": 0.4, "b_mid": 0.6, "fast_ma": 8, "floor_lb": 19, "lookback": 14, "max_dist": 0.055, "max_hold": 7, "regime_ma": 20, "sustain_hi": 2, "sustain_lo": 3}	15	65.941	-18.977	3.475	60.762	71.035	40.959	-14.374	14.717	TRAIN 65.94% <= best 66.97% [cagr] [risk:max_hold=7 select:cagr]
2026-09-20T15:57:11Z	discard	strat_floorhighsustaincond	{"b_hi": 0.57, "b_lo": 0.4, "b_mid": 0.6, "fast_ma": 8, "floor_lb": 18, "lookback": 14, "max_dist": 0.055, "max_hold": 6, "regime_ma": 20, "sustain_hi": 2, "sustain_lo": 3}	15	59.647	-20.091	2.969	54.125	65.096	46.588	-15.611	14.717	TRAIN 59.65% <= best 66.97% [cagr] [risk:max_hold=6 select:cagr]
2026-09-20T15:57:22Z	discard	strat_floorhighsustaincond	{"b_hi": 0.57, "b_lo": 0.4, "b_mid": 0.6, "fast_ma": 8, "floor_lb": 18, "lookback": 14, "max_dist": 0.055, "max_hold": 7, "regime_ma": 20, "sustain_hi": 2, "sustain_lo": 4}	15	60.766	-20.429	2.975	53.641	67.867	44.060	-16.379	14.717	TRAIN 60.77% <= best 66.97% [cagr] [risk:max_hold=7 select:cagr]
2026-09-20T15:57:29Z	discard	strat_floorhighsustaincond	{"b_hi": 0.57, "b_lo": 0.4, "b_mid": 0.6, "fast_ma": 8, "floor_lb": 19, "lookback": 15, "max_dist": 0.055, "max_hold": 7, "regime_ma": 20, "sustain_hi": 1, "sustain_lo": 3}	15	65.931	-19.606	3.363	58.949	72.874	38.771	-14.374	14.717	TRAIN 65.93% <= best 66.97% [cagr] [risk:max_hold=7 select:cagr]
2026-09-20T15:57:37Z	discard	strat_floorhighsustaincond	{"b_hi": 0.57, "b_lo": 0.4, "b_mid": 0.6, "fast_ma": 8, "floor_lb": 19, "lookback": 14, "max_dist": 0.055, "max_hold": 7, "regime_ma": 19, "sustain_hi": 2, "sustain_lo": 3}	15	65.359	-19.688	3.320	56.688	74.073	39.214	-14.374	14.717	TRAIN 65.36% <= best 66.97% [cagr] [risk:max_hold=7 select:cagr]
2026-09-20T15:57:46Z	discard	strat_floorhighsustaincond	{"b_hi": 0.57, "b_lo": 0.45, "b_mid": 0.6, "fast_ma": 8, "floor_lb": 18, "lookback": 14, "max_dist": 0.055, "max_hold": 7, "regime_ma": 20, "sustain_hi": 2, "sustain_lo": 3}	15	58.570	-20.091	2.915	58.736	58.411	42.885	-16.379	14.717	TRAIN 58.57% <= best 66.97% [cagr] [risk:max_hold=7 select:cagr]
2026-09-20T15:57:55Z	discard	strat_floorhighsustaincond	{"b_hi": 0.57, "b_lo": 0.4, "b_mid": 0.6, "fast_ma": 8, "floor_lb": 19, "lookback": 13, "max_dist": 0.055, "max_hold": 7, "regime_ma": 20, "sustain_hi": 1, "sustain_lo": 3}	15	65.232	-19.606	3.327	58.818	71.589	38.771	-14.374	14.717	TRAIN 65.23% <= best 66.97% [cagr] [risk:max_hold=7 select:cagr]
2026-09-20T15:58:06Z	discard	strat_floorhighsustaincond	{"b_hi": 0.57, "b_lo": 0.4, "b_mid": 0.6, "fast_ma": 8, "floor_lb": 18, "lookback": 14, "max_dist": 0.055, "max_hold": 7, "regime_ma": 19, "sustain_hi": 2, "sustain_lo": 3}	15	62.126	-20.091	3.092	56.486	67.694	42.687	-16.379	14.717	TRAIN 62.13% <= best 66.97% [cagr] [risk:max_hold=7 select:cagr]
2026-09-20T15:58:14Z	discard	strat_floorhighsustaincond	{"b_hi": 0.57, "b_lo": 0.4, "b_mid": 0.6, "fast_ma": 9, "floor_lb": 18, "lookback": 14, "max_dist": 0.055, "max_hold": 7, "regime_ma": 20, "sustain_hi": 2, "sustain_lo": 3}	15	63.915	-20.091	3.181	60.044	67.694	43.810	-16.379	14.717	TRAIN 63.92% <= best 66.97% [cagr] [risk:max_hold=7 select:cagr]
2026-09-20T15:58:33Z	discard	strat_floorhighsustaincond	{"b_hi": 0.57, "b_lo": 0.4, "b_mid": 0.6, "fast_ma": 8, "floor_lb": 19, "lookback": 14, "max_dist": 0.055, "max_hold": 12, "regime_ma": 20, "sustain_hi": 2, "sustain_lo": 3}	15	64.769	-19.885	3.257	57.006	72.528	41.244	-14.374	14.717	TRAIN 64.77% <= best 66.97% [cagr] [risk:max_hold=12 select:cagr]
2026-09-20T15:58:44Z	discard	strat_floorhighsustaincond	{"b_hi": 0.57, "b_lo": 0.4, "b_mid": 0.6, "fast_ma": 8, "floor_lb": 18, "lookback": 13, "max_dist": 0.055, "max_hold": 7, "regime_ma": 20, "sustain_hi": 2, "sustain_lo": 3}	15	63.028	-20.091	3.137	59.648	66.318	43.810	-16.379	14.717	TRAIN 63.03% <= best 66.97% [cagr] [risk:max_hold=7 select:cagr]
2026-09-20T15:58:51Z	discard	strat_floorhighsustaincond	{"b_hi": 0.57, "b_lo": 0.4, "b_mid": 0.6, "fast_ma": 8, "floor_lb": 19, "lookback": 15, "max_dist": 0.055, "max_hold": 7, "regime_ma": 20, "sustain_hi": 3, "sustain_lo": 3}	15	65.935	-20.235	3.259	58.133	73.733	40.815	-14.374	14.717	TRAIN 65.94% <= best 66.97% [cagr] [risk:max_hold=7 select:cagr]
2026-09-20T15:58:58Z	discard	strat_floorhighsustaincond	{"b_hi": 0.57, "b_lo": 0.4, "b_mid": 0.6, "fast_ma": 9, "floor_lb": 19, "lookback": 15, "max_dist": 0.055, "max_hold": 7, "regime_ma": 20, "sustain_hi": 2, "sustain_lo": 3}	15	66.501	-19.688	3.378	59.239	73.733	40.300	-14.374	14.717	TRAIN 66.50% <= best 66.97% [cagr] [risk:max_hold=7 select:cagr]
2026-09-20T15:59:07Z	discard	strat_floorhighsustaincond	{"b_hi": 0.575, "b_lo": 0.4, "b_mid": 0.6, "fast_ma": 8, "floor_lb": 19, "lookback": 15, "max_dist": 0.055, "max_hold": 7, "regime_ma": 20, "sustain_hi": 2, "sustain_lo": 3}	15	65.194	-19.688	3.311	56.688	73.733	40.300	-14.374	14.717	TRAIN 65.19% <= best 66.97% [cagr] [risk:max_hold=7 select:cagr]
2026-09-20T15:59:14Z	discard	strat_floorhighsustaincond	{"b_hi": 0.57, "b_lo": 0.4, "b_mid": 0.6, "fast_ma": 8, "floor_lb": 19, "lookback": 14, "max_dist": 0.055, "max_hold": 7, "regime_ma": 19, "sustain_hi": 2, "sustain_lo": 4}	15	62.703	-19.885	3.153	51.460	74.200	34.893	-18.980	14.717	TRAIN 62.70% <= best 66.97% [cagr] [risk:max_hold=7 select:cagr]
2026-09-20T15:59:23Z	discard	strat_floorhighsustaincond	{"b_hi": 0.57, "b_lo": 0.4, "b_mid": 0.6, "fast_ma": 8, "floor_lb": 18, "lookback": 14, "max_dist": 0.055, "max_hold": 7, "regime_ma": 20, "sustain_hi": 1, "sustain_lo": 3}	15	62.578	-20.091	3.115	58.069	66.997	42.203	-16.379	14.717	TRAIN 62.58% <= best 66.97% [cagr] [risk:max_hold=7 select:cagr]
2026-09-20T15:59:51Z	discard	strat_floorhighsustaincond	{"b_hi": 0.57, "b_lo": 0.4, "b_mid": 0.6, "fast_ma": 8, "floor_lb": 19, "lookback": 11, "max_dist": 0.055, "max_hold": 7, "regime_ma": 20, "sustain_hi": 2, "sustain_lo": 3}	15	66.947	-19.688	3.400	62.116	71.689	40.699	-14.374	14.717	TRAIN 66.95% <= best 66.97% [cagr] [risk:max_hold=7 select:cagr]
2026-09-20T16:00:06Z	discard	strat_floorhighsustaincond	{"b_hi": 0.57, "b_lo": 0.4, "b_mid": 0.6, "fast_ma": 8, "floor_lb": 19, "lookback": 17, "max_dist": 0.055, "max_hold": 7, "regime_ma": 20, "sustain_hi": 2, "sustain_lo": 3}	15	66.063	-19.688	3.356	59.596	72.473	40.300	-14.374	14.717	TRAIN 66.06% <= best 66.97% [cagr] [risk:max_hold=7 select:cagr]
2026-09-20T16:00:18Z	discard	strat_floorhighsustaincond	{"b_hi": 0.57, "b_lo": 0.4, "b_mid": 0.6, "fast_ma": 8, "floor_lb": 19, "lookback": 14, "max_dist": 0.055, "max_hold": 7, "regime_ma": 20, "sustain_hi": 2, "sustain_lo": 5}	15	63.229	-19.885	3.180	54.322	72.201	37.407	-18.980	14.717	TRAIN 63.23% <= best 66.97% [cagr] [risk:max_hold=7 select:cagr]
2026-09-20T16:01:02Z	discard	strat_floorhighsustaincond	{"b_hi": 0.57, "b_lo": 0.4, "b_mid": 0.6, "fast_ma": 8, "floor_lb": 19, "lookback": 12, "max_dist": 0.055, "max_hold": 9, "regime_ma": 20, "sustain_hi": 2, "sustain_lo": 3}	15	65.288	-19.885	3.283	59.246	71.261	42.233	-14.374	14.717	TRAIN 65.29% <= best 66.97% [cagr] [risk:max_hold=9 select:cagr]
2026-09-20T16:01:18Z	discard	strat_floorhighsector	{"b_hi": 0.57, "b_lo": 0.4, "b_mid": 0.6, "fast_ma": 8, "floor_lb": 19, "ind_q": 0.0, "lookback": 12, "max_dist": 0.055, "max_hold": 7, "regime_ma": 20, "sect_lb": 12, "sustain_hi": 2, "sustain_lo": 3}	15	66.721	-19.688	3.389	62.116	71.233	39.752	-14.374	14.717	TRAIN 66.72% <= best 66.97% [cagr] [risk:max_hold=7 select:cagr]
2026-09-20T16:01:28Z	discard	strat_floorhighsustaincond	{"b_hi": 0.57, "b_lo": 0.4, "b_mid": 0.6, "fast_ma": 8, "floor_lb": 18, "lookback": 12, "max_dist": 0.055, "max_hold": 7, "regime_ma": 20, "sustain_hi": 2, "sustain_lo": 3}	15	63.686	-20.091	3.170	61.654	65.648	43.458	-16.379	14.717	TRAIN 63.69% <= best 66.97% [cagr] [risk:max_hold=7 select:cagr]
2026-09-20T16:01:42Z	discard	strat_floorhighsustaincond	{"b_hi": 0.57, "b_lo": 0.4, "b_mid": 0.6, "fast_ma": 8, "floor_lb": 19, "lookback": 12, "max_dist": 0.055, "max_hold": 7, "regime_ma": 20, "sustain_hi": 1, "sustain_lo": 3}	15	66.276	-19.606	3.380	61.562	70.898	39.181	-14.374	14.717	TRAIN 66.28% <= best 66.97% [cagr] [risk:max_hold=7 select:cagr]
2026-09-20T16:02:01Z	discard	strat_floorhighsustaincond	{"b_hi": 0.57, "b_lo": 0.4, "b_mid": 0.6, "fast_ma": 9, "floor_lb": 19, "lookback": 12, "max_dist": 0.055, "max_hold": 7, "regime_ma": 20, "sustain_hi": 2, "sustain_lo": 3}	15	66.643	-19.688	3.385	61.511	71.689	40.632	-14.374	14.717	TRAIN 66.64% <= best 66.97% [cagr] [risk:max_hold=7 select:cagr]
2026-09-20T16:02:19Z	discard	strat_floorhighsustaincond	{"b_hi": 0.57, "b_lo": 0.4, "b_mid": 0.6, "fast_ma": 8, "floor_lb": 19, "lookback": 11, "max_dist": 0.055, "max_hold": 7, "regime_ma": 20, "sustain_hi": 1, "sustain_lo": 3}	15	66.238	-19.606	3.378	61.488	70.898	39.126	-14.374	14.717	TRAIN 66.24% <= best 66.97% [cagr] [risk:max_hold=7 select:cagr]
2026-09-20T16:02:42Z	discard	strat_floorhighsustaincond	{"b_hi": 0.57, "b_lo": 0.4, "b_mid": 0.55, "fast_ma": 8, "floor_lb": 19, "lookback": 12, "max_dist": 0.055, "max_hold": 7, "regime_ma": 20, "sustain_hi": 2, "sustain_lo": 3}	15	65.660	-19.688	3.335	59.565	71.689	41.422	-14.374	14.717	TRAIN 65.66% <= best 66.97% [cagr] [risk:max_hold=7 select:cagr]
2026-09-20T16:02:54Z	discard	strat_floorhighsustaincond	{"b_hi": 0.57, "b_lo": 0.4, "b_mid": 0.6, "fast_ma": 8, "floor_lb": 19, "lookback": 12, "max_dist": 0.055, "max_hold": 7, "regime_ma": 19, "sustain_hi": 2, "sustain_lo": 3}	15	65.335	-19.688	3.319	58.924	71.689	39.543	-14.374	14.717	TRAIN 65.33% <= best 66.97% [cagr] [risk:max_hold=7 select:cagr]
2026-09-20T16:03:06Z	discard	strat_floorhighsustaincond	{"b_hi": 0.57, "b_lo": 0.4, "b_mid": 0.6, "fast_ma": 8, "floor_lb": 19, "lookback": 14, "max_dist": 0.055, "max_hold": 7, "regime_ma": 20, "sustain_hi": 2, "sustain_lo": 6}	15	56.564	-19.946	2.836	50.756	62.309	36.930	-20.245	14.717	TRAIN 56.56% <= best 66.97% [cagr] [risk:max_hold=7 select:cagr]
2026-09-20T16:03:22Z	discard	strat_floorhighsustaincond	{"b_hi": 0.57, "b_lo": 0.4, "b_mid": 0.6, "fast_ma": 8, "floor_lb": 19, "lookback": 14, "max_dist": 0.055, "max_hold": 7, "regime_ma": 20, "sustain_hi": 4, "sustain_lo": 3}	15	65.526	-20.296	3.229	57.013	74.073	40.146	-14.374	14.717	TRAIN 65.53% <= best 66.97% [cagr] [risk:max_hold=7 select:cagr]
2026-09-20T16:03:47Z	discard	strat_floorhighsustaincond	{"b_hi": 0.57, "b_lo": 0.4, "b_mid": 0.6, "fast_ma": 8, "floor_lb": 19, "lookback": 14, "max_dist": 0.055, "max_hold": 7, "regime_ma": 20, "sustain_hi": 2, "sustain_lo": 3}	20	60.887	-18.045	3.374	56.648	65.036	37.825	-13.515	14.717	TRAIN 60.89% <= best 66.97% [cagr] [risk:max_hold=7 select:cagr]
2026-09-20T16:04:05Z	discard	strat_floorhighsustaincond	{"b_hi": 0.57, "b_lo": 0.4, "b_mid": 0.6, "fast_ma": 8, "floor_lb": 19, "lookback": 14, "max_dist": 0.055, "max_hold": 7, "regime_ma": 20, "sustain_hi": 2, "sustain_lo": 3}	25	53.378	-22.985	2.322	50.074	56.595	36.363	-15.452	14.717	TRAIN 53.38% <= best 66.97% [cagr] [risk:max_hold=7 select:cagr]
2026-09-20T16:04:21Z	discard	strat_floorhighsustaincond	{"b_hi": 0.57, "b_lo": 0.4, "b_mid": 0.6, "fast_ma": 9, "floor_lb": 19, "lookback": 14, "max_dist": 0.055, "max_hold": 7, "regime_ma": 19, "sustain_hi": 2, "sustain_lo": 3}	15	65.057	-19.688	3.304	56.104	74.073	39.214	-14.374	14.717	TRAIN 65.06% <= best 66.97% [cagr] [risk:max_hold=7 select:cagr]
2026-09-20T16:04:52Z	discard	strat_floorhighsustaincond	{"b_hi": 0.57, "b_lo": 0.4, "b_mid": 0.6, "fast_ma": 8, "floor_lb": 19, "lookback": 14, "max_dist": 0.055, "max_hold": 7, "regime_ma": 20, "sustain_hi": 3, "sustain_lo": 4}	15	63.214	-21.177	2.985	52.436	74.200	36.444	-18.980	14.717	TRAIN 63.21% <= best 66.97% [cagr] [risk:max_hold=7 select:cagr]
2026-09-20T16:05:49Z	discard	strat_floorhighsustaincond	{"b_hi": 0.57, "b_lo": 0.4, "b_mid": 0.6, "fast_ma": 8, "floor_lb": 18, "lookback": 13, "max_dist": 0.055, "max_hold": 4, "regime_ma": 20, "sustain_hi": 2, "sustain_lo": 3}	15	65.182	-19.429	3.355	63.632	66.673	44.128	-16.379	14.717	TRAIN 65.18% <= best 66.97% [cagr] [risk:max_hold=4 select:cagr]
2026-09-20T16:06:01Z	discard	strat_floorhighsustaincond	{"b_hi": 0.57, "b_lo": 0.4, "b_mid": 0.6, "fast_ma": 8, "floor_lb": 18, "lookback": 14, "max_dist": 0.055, "max_hold": 4, "regime_ma": 20, "sustain_hi": 3, "sustain_lo": 3}	15	64.173	-19.308	3.324	60.201	68.052	45.202	-16.379	14.717	TRAIN 64.17% <= best 66.97% [cagr] [risk:max_hold=4 select:cagr]
2026-09-20T16:06:28Z	discard	strat_floorhighsustaincond	{"b_hi": 0.57, "b_lo": 0.4, "b_mid": 0.6, "fast_ma": 8, "floor_lb": 18, "lookback": 14, "max_dist": 0.055, "max_hold": 4, "regime_ma": 19, "sustain_hi": 2, "sustain_lo": 3}	15	64.121	-19.429	3.300	60.097	68.052	42.869	-16.379	14.717	TRAIN 64.12% <= best 66.97% [cagr] [risk:max_hold=4 select:cagr]
2026-09-20T16:06:37Z	discard	strat_floorhighsustaincond	{"b_hi": 0.57, "b_lo": 0.4, "b_mid": 0.6, "fast_ma": 9, "floor_lb": 18, "lookback": 14, "max_dist": 0.055, "max_hold": 4, "regime_ma": 20, "sustain_hi": 2, "sustain_lo": 3}	15	65.524	-19.429	3.372	62.913	68.052	44.128	-16.379	14.717	TRAIN 65.52% <= best 66.97% [cagr] [risk:max_hold=4 select:cagr]
2026-09-20T16:07:02Z	discard	strat_floorhighsustaincond	{"b_hi": 0.57, "b_lo": 0.4, "b_mid": 0.55, "fast_ma": 8, "floor_lb": 18, "lookback": 14, "max_dist": 0.055, "max_hold": 4, "regime_ma": 20, "sustain_hi": 2, "sustain_lo": 3}	15	64.570	-21.292	3.033	60.995	68.052	45.386	-16.379	14.717	TRAIN 64.57% <= best 66.97% [cagr] [risk:max_hold=4 select:cagr]
2026-09-20T16:07:11Z	discard	strat_floorhighsustaincond	{"b_hi": 0.57, "b_lo": 0.4, "b_mid": 0.6, "fast_ma": 8, "floor_lb": 18, "lookback": 14, "max_dist": 0.055, "max_hold": 5, "regime_ma": 20, "sustain_hi": 2, "sustain_lo": 3}	15	60.983	-20.091	3.035	58.091	63.789	47.283	-16.407	14.717	TRAIN 60.98% <= best 66.97% [cagr] [risk:max_hold=5 select:cagr]
2026-09-20T16:07:23Z	discard	strat_floorhighsustaincond	{"b_hi": 0.57, "b_lo": 0.4, "b_mid": 0.6, "fast_ma": 8, "floor_lb": 18, "lookback": 14, "max_dist": 0.055, "max_hold": 4, "regime_ma": 20, "sustain_hi": 2, "sustain_lo": 2}	15	61.756	-17.796	3.470	63.672	59.950	50.592	-15.799	14.717	TRAIN 61.76% <= best 66.97% [cagr] [risk:max_hold=4 select:cagr]
2026-09-20T16:07:31Z	discard	strat_floorhighsustaincond	{"b_hi": 0.57, "b_lo": 0.4, "b_mid": 0.6, "fast_ma": 8, "floor_lb": 18, "lookback": 15, "max_dist": 0.055, "max_hold": 4, "regime_ma": 20, "sustain_hi": 2, "sustain_lo": 3}	15	65.694	-19.429	3.381	63.590	67.724	44.128	-16.379	14.717	TRAIN 65.69% <= best 66.97% [cagr] [risk:max_hold=4 select:cagr]
2026-09-20T16:07:40Z	discard	strat_floorhighsustaincond	{"b_hi": 0.57, "b_lo": 0.4, "b_mid": 0.6, "fast_ma": 9, "floor_lb": 18, "lookback": 15, "max_dist": 0.055, "max_hold": 4, "regime_ma": 20, "sustain_hi": 2, "sustain_lo": 3}	15	65.358	-19.429	3.364	62.913	67.724	44.128	-16.379	14.717	TRAIN 65.36% <= best 66.97% [cagr] [risk:max_hold=4 select:cagr]
2026-09-20T16:07:49Z	discard	strat_floorhighsustaincond	{"b_hi": 0.57, "b_lo": 0.4, "b_mid": 0.6, "fast_ma": 8, "floor_lb": 18, "lookback": 15, "max_dist": 0.055, "max_hold": 4, "regime_ma": 20, "sustain_hi": 3, "sustain_lo": 3}	15	64.009	-19.308	3.315	60.201	67.724	45.202	-16.379	14.717	TRAIN 64.01% <= best 66.97% [cagr] [risk:max_hold=4 select:cagr]
2026-09-20T16:08:00Z	discard	strat_floorhighsustaincond	{"b_hi": 0.57, "b_lo": 0.4, "b_mid": 0.6, "fast_ma": 8, "floor_lb": 18, "lookback": 15, "max_dist": 0.055, "max_hold": 4, "regime_ma": 20, "sustain_hi": 2, "sustain_lo": 2}	15	61.594	-17.796	3.461	63.672	59.638	50.592	-15.799	14.717	TRAIN 61.59% <= best 66.97% [cagr] [risk:max_hold=4 select:cagr]
2026-09-20T16:08:11Z	discard	strat_floorhighsustaincond	{"b_hi": 0.57, "b_lo": 0.4, "b_mid": 0.6, "fast_ma": 8, "floor_lb": 18, "lookback": 15, "max_dist": 0.055, "max_hold": 4, "regime_ma": 19, "sustain_hi": 2, "sustain_lo": 3}	15	63.957	-19.429	3.292	60.097	67.724	42.869	-16.379	14.717	TRAIN 63.96% <= best 66.97% [cagr] [risk:max_hold=4 select:cagr]
2026-09-20T16:08:23Z	discard	strat_floorhighsector	{"b_hi": 0.57, "b_lo": 0.4, "b_mid": 0.6, "fast_ma": 8, "floor_lb": 19, "ind_q": 0.0, "lookback": 14, "max_dist": 0.055, "max_hold": 7, "regime_ma": 20, "sect_lb": 12, "sustain_hi": 2, "sustain_lo": 3}	15	66.745	-19.688	3.390	59.835	73.611	39.422	-14.374	14.717	TRAIN 66.74% <= best 66.97% [cagr] [risk:max_hold=7 select:cagr]
2026-09-20T16:08:39Z	discard	strat_floorhighsustaincond	{"b_hi": 0.57, "b_lo": 0.4, "b_mid": 0.6, "fast_ma": 8, "floor_lb": 19, "lookback": 14, "max_dist": 0.055, "max_hold": 3, "regime_ma": 20, "sustain_hi": 2, "sustain_lo": 3}	15	62.734	-20.257	3.097	54.283	71.222	38.818	-14.374	14.717	TRAIN 62.73% <= best 66.97% [cagr] [risk:max_hold=3 select:cagr]
2026-09-20T16:08:49Z	discard	strat_floorhighsustaincond	{"b_hi": 0.57, "b_lo": 0.4, "b_mid": 0.6, "fast_ma": 8, "floor_lb": 19, "lookback": 14, "max_dist": 0.055, "max_hold": 7, "regime_ma": 20, "sustain_hi": 4, "sustain_lo": 2}	15	61.520	-18.541	3.318	56.721	66.233	42.318	-14.551	14.717	TRAIN 61.52% <= best 66.97% [cagr] [risk:max_hold=7 select:cagr]
2026-09-20T16:09:01Z	discard	strat_floorhighsustaincond	{"b_hi": 0.57, "b_lo": 0.4, "b_mid": 0.6, "fast_ma": 8, "floor_lb": 19, "lookback": 14, "max_dist": 0.055, "max_hold": 7, "regime_ma": 20, "sustain_hi": 2, "sustain_lo": 1}	15	58.682	-17.517	3.350	55.604	61.673	39.636	-14.518	14.717	TRAIN 58.68% <= best 66.97% [cagr] [risk:max_hold=7 select:cagr]
2026-09-20T16:09:10Z	discard	strat_floorhighsustaincond	{"b_hi": 0.57, "b_lo": 0.4, "b_mid": 0.6, "fast_ma": 8, "floor_lb": 19, "lookback": 14, "max_dist": 0.055, "max_hold": 7, "regime_ma": 20, "sustain_hi": 2, "sustain_lo": 3}	13	57.093	-23.651	2.414	48.797	65.435	37.414	-21.466	14.717	TRAIN 57.09% <= best 66.97% [cagr] [risk:max_hold=7 select:cagr]
2026-09-20T16:10:18Z	discard	strat_floorhighsustaincond	{"b_hi": 0.57, "b_lo": 0.4, "b_mid": 0.6, "fast_ma": 8, "floor_lb": 19, "lookback": 14, "max_dist": 0.055, "max_hold": 7, "regime_ma": 19, "sustain_hi": 1, "sustain_lo": 3}	15	64.417	-19.606	3.286	55.791	73.087	37.575	-14.374	14.717	TRAIN 64.42% <= best 66.97% [cagr] [risk:max_hold=7 select:cagr]
2026-09-20T16:10:29Z	discard	strat_floorhighsustaincond	{"b_hi": 0.57, "b_lo": 0.4, "b_mid": 0.6, "fast_ma": 9, "floor_lb": 19, "lookback": 14, "max_dist": 0.055, "max_hold": 7, "regime_ma": 20, "sustain_hi": 1, "sustain_lo": 3}	15	65.733	-19.606	3.353	58.356	73.087	38.771	-14.374	14.717	TRAIN 65.73% <= best 66.97% [cagr] [risk:max_hold=7 select:cagr]
2026-09-20T16:10:41Z	discard	strat_floorhighsustaincond	{"b_hi": 0.57, "b_lo": 0.4, "b_mid": 0.6, "fast_ma": 9, "floor_lb": 19, "lookback": 13, "max_dist": 0.055, "max_hold": 7, "regime_ma": 20, "sustain_hi": 2, "sustain_lo": 3}	15	65.857	-19.688	3.345	59.279	72.383	40.300	-14.374	14.717	TRAIN 65.86% <= best 66.97% [cagr] [risk:max_hold=7 select:cagr]
2026-09-20T16:10:52Z	discard	strat_floorhighsustaincond	{"b_hi": 0.57, "b_lo": 0.4, "b_mid": 0.6, "fast_ma": 8, "floor_lb": 20, "lookback": 14, "max_dist": 0.055, "max_hold": 7, "regime_ma": 20, "sustain_hi": 1, "sustain_lo": 3}	15	63.911	-21.821	2.929	52.280	75.828	35.818	-20.298	14.717	TRAIN 63.91% <= best 66.97% [cagr] [risk:max_hold=7 select:cagr]
2026-09-20T16:11:02Z	discard	strat_floorhighsustaincond	{"b_hi": 0.57, "b_lo": 0.4, "b_mid": 0.6, "fast_ma": 9, "floor_lb": 19, "lookback": 14, "max_dist": 0.055, "max_hold": 7, "regime_ma": 20, "sustain_hi": 2, "sustain_lo": 4}	15	63.987	-19.885	3.218	53.918	74.200	35.946	-18.980	14.717	TRAIN 63.99% <= best 66.97% [cagr] [risk:max_hold=7 select:cagr]
2026-09-20T16:11:11Z	discard	strat_floorhighsustaincond	{"b_hi": 0.57, "b_lo": 0.4, "b_mid": 0.6, "fast_ma": 9, "floor_lb": 19, "lookback": 11, "max_dist": 0.055, "max_hold": 7, "regime_ma": 20, "sustain_hi": 2, "sustain_lo": 3}	15	66.643	-19.688	3.385	61.511	71.689	40.699	-14.374	14.717	TRAIN 66.64% <= best 66.97% [cagr] [risk:max_hold=7 select:cagr]
2026-09-20T16:11:23Z	discard	strat_floorhighsustaincond	{"b_hi": 0.57, "b_lo": 0.4, "b_mid": 0.6, "fast_ma": 8, "floor_lb": 19, "lookback": 11, "max_dist": 0.055, "max_hold": 7, "regime_ma": 19, "sustain_hi": 2, "sustain_lo": 3}	15	65.335	-19.688	3.319	58.924	71.689	39.609	-14.374	14.717	TRAIN 65.33% <= best 66.97% [cagr] [risk:max_hold=7 select:cagr]
2026-09-20T16:11:35Z	discard	strat_floorhighsustaincond	{"b_hi": 0.57, "b_lo": 0.4, "b_mid": 0.55, "fast_ma": 8, "floor_lb": 19, "lookback": 14, "max_dist": 0.055, "max_hold": 7, "regime_ma": 20, "sustain_hi": 1, "sustain_lo": 3}	15	64.629	-19.876	3.252	56.203	73.087	39.550	-14.374	14.717	TRAIN 64.63% <= best 66.97% [cagr] [risk:max_hold=7 select:cagr]
2026-09-20T16:11:49Z	discard	strat_floorhighsustaincond	{"b_hi": 0.57, "b_lo": 0.4, "b_mid": 0.6, "fast_ma": 8, "floor_lb": 19, "lookback": 12, "max_dist": 0.055, "max_hold": 7, "regime_ma": 20, "sustain_hi": 2, "sustain_lo": 5}	15	62.181	-19.885	3.127	54.517	69.842	37.732	-18.980	14.717	TRAIN 62.18% <= best 66.97% [cagr] [risk:max_hold=7 select:cagr]
2026-09-20T16:11:59Z	discard	strat_floorhighsustaincond	{"b_hi": 0.57, "b_lo": 0.4, "b_mid": 0.6, "fast_ma": 8, "floor_lb": 19, "lookback": 11, "max_dist": 0.055, "max_hold": 7, "regime_ma": 20, "sustain_hi": 4, "sustain_lo": 3}	15	65.426	-20.296	3.224	59.600	71.179	40.466	-14.374	14.717	TRAIN 65.43% <= best 66.97% [cagr] [risk:max_hold=7 select:cagr]
2026-09-20T16:12:08Z	discard	strat_floorhighsustaincond	{"b_hi": 0.57, "b_lo": 0.4, "b_mid": 0.6, "fast_ma": 8, "floor_lb": 19, "lookback": 14, "max_dist": 0.055, "max_hold": 7, "regime_ma": 20, "sustain_hi": 1, "sustain_lo": 2}	15	62.017	-18.541	3.345	58.653	65.291	40.912	-15.279	14.717	TRAIN 62.02% <= best 66.97% [cagr] [risk:max_hold=7 select:cagr]
2026-09-20T16:12:18Z	discard	strat_floorhighsustaincond	{"b_hi": 0.58, "b_lo": 0.4, "b_mid": 0.6, "fast_ma": 8, "floor_lb": 19, "lookback": 12, "max_dist": 0.055, "max_hold": 7, "regime_ma": 20, "sustain_hi": 2, "sustain_lo": 3}	15	65.335	-19.688	3.319	58.924	71.689	40.632	-14.374	14.717	TRAIN 65.33% <= best 66.97% [cagr] [risk:max_hold=7 select:cagr]
2026-09-20T16:12:31Z	discard	strat_floorhighsustaincond	{"b_hi": 0.56, "b_lo": 0.4, "b_mid": 0.6, "fast_ma": 8, "floor_lb": 19, "lookback": 12, "max_dist": 0.055, "max_hold": 7, "regime_ma": 20, "sustain_hi": 2, "sustain_lo": 3}	15	64.352	-19.688	3.269	56.994	71.689	40.632	-14.374	14.717	TRAIN 64.35% <= best 66.97% [cagr] [risk:max_hold=7 select:cagr]
2026-09-20T16:12:42Z	discard	strat_floorhighsustaincond	{"b_hi": 0.57, "b_lo": 0.4, "b_mid": 0.6, "fast_ma": 8, "floor_lb": 19, "lookback": 12, "max_dist": 0.055, "max_hold": 7, "regime_ma": 19, "sustain_hi": 2, "sustain_lo": 3}	15	65.335	-19.688	3.319	58.924	71.689	39.543	-14.374	14.717	TRAIN 65.33% <= best 66.97% [cagr] [risk:max_hold=7 select:cagr]
2026-09-20T16:12:54Z	discard	strat_floorhighsustaincond	{"b_hi": 0.57, "b_lo": 0.4, "b_mid": 0.6, "fast_ma": 8, "floor_lb": 19, "lookback": 12, "max_dist": 0.055, "max_hold": 7, "regime_ma": 20, "sustain_hi": 3, "sustain_lo": 3}	15	66.001	-20.235	3.262	60.739	71.179	41.148	-14.374	14.717	TRAIN 66.00% <= best 66.97% [cagr] [risk:max_hold=7 select:cagr]
2026-09-20T16:13:03Z	discard	strat_floorhighsustaincond	{"b_hi": 0.57, "b_lo": 0.4, "b_mid": 0.6, "fast_ma": 8, "floor_lb": 19, "lookback": 12, "max_dist": 0.055, "max_hold": 7, "regime_ma": 20, "sustain_hi": 1, "sustain_lo": 3}	15	66.276	-19.606	3.380	61.562	70.898	39.181	-14.374	14.717	TRAIN 66.28% <= best 66.97% [cagr] [risk:max_hold=7 select:cagr]
2026-09-20T16:13:12Z	discard	strat_floorhighsustaincond	{"b_hi": 0.57, "b_lo": 0.4, "b_mid": 0.6, "fast_ma": 8, "floor_lb": 19, "lookback": 12, "max_dist": 0.055, "max_hold": 7, "regime_ma": 20, "sustain_hi": 2, "sustain_lo": 2}	15	63.497	-18.541	3.425	61.814	65.118	42.807	-15.543	14.717	TRAIN 63.50% <= best 66.97% [cagr] [risk:max_hold=7 select:cagr]
2026-09-20T16:13:28Z	discard	strat_floorhighsustaincond	{"b_hi": 0.57, "b_lo": 0.4, "b_mid": 0.6, "fast_ma": 8, "floor_lb": 19, "lookback": 12, "max_dist": 0.055, "max_hold": 7, "regime_ma": 20, "sustain_hi": 2, "sustain_lo": 4}	15	64.721	-19.885	3.255	56.707	72.744	36.268	-18.980	14.717	TRAIN 64.72% <= best 66.97% [cagr] [risk:max_hold=7 select:cagr]
2026-09-20T16:13:36Z	discard	strat_floorhighsustaincond	{"b_hi": 0.57, "b_lo": 0.4, "b_mid": 0.6, "fast_ma": 7, "floor_lb": 19, "lookback": 12, "max_dist": 0.055, "max_hold": 7, "regime_ma": 20, "sustain_hi": 2, "sustain_lo": 3}	15	66.947	-19.688	3.400	62.116	71.689	40.626	-14.374	14.717	TRAIN 66.95% <= best 66.97% [cagr] [risk:max_hold=7 select:cagr]
2026-09-20T16:13:46Z	discard	strat_floorhighsustaincond	{"b_hi": 0.57, "b_lo": 0.4, "b_mid": 0.6, "fast_ma": 9, "floor_lb": 19, "lookback": 12, "max_dist": 0.055, "max_hold": 7, "regime_ma": 20, "sustain_hi": 2, "sustain_lo": 3}	15	66.643	-19.688	3.385	61.511	71.689	40.632	-14.374	14.717	TRAIN 66.64% <= best 66.97% [cagr] [risk:max_hold=7 select:cagr]
2026-09-20T16:13:59Z	discard	strat_floorhighsustaincond	{"b_hi": 0.57, "b_lo": 0.4, "b_mid": 0.6, "fast_ma": 8, "floor_lb": 19, "lookback": 12, "max_dist": 0.055, "max_hold": 7, "regime_ma": 21, "sustain_hi": 2, "sustain_lo": 3}	15	64.352	-19.688	3.269	56.994	71.689	42.406	-14.374	14.717	TRAIN 64.35% <= best 66.97% [cagr] [risk:max_hold=7 select:cagr]
2026-09-20T16:14:11Z	discard	strat_floorhighsustaincond	{"b_hi": 0.57, "b_lo": 0.4, "b_mid": 0.6, "fast_ma": 8, "floor_lb": 20, "lookback": 12, "max_dist": 0.055, "max_hold": 7, "regime_ma": 20, "sustain_hi": 2, "sustain_lo": 3}	15	65.771	-21.821	3.014	56.328	75.304	37.757	-20.298	14.717	TRAIN 65.77% <= best 66.97% [cagr] [risk:max_hold=7 select:cagr]
2026-09-20T16:14:23Z	discard	strat_floorhighsustaincond	{"b_hi": 0.57, "b_lo": 0.4, "b_mid": 0.6, "fast_ma": 8, "floor_lb": 18, "lookback": 12, "max_dist": 0.055, "max_hold": 7, "regime_ma": 19, "sustain_hi": 2, "sustain_lo": 3}	15	61.971	-20.091	3.085	58.203	65.648	42.338	-16.379	14.717	TRAIN 61.97% <= best 66.97% [cagr] [risk:max_hold=7 select:cagr]
2026-09-20T16:14:38Z	discard	strat_floorhighsustaincond	{"b_hi": 0.57, "b_lo": 0.4, "b_mid": 0.6, "fast_ma": 8, "floor_lb": 19, "lookback": 12, "max_dist": 0.055, "max_hold": 7, "regime_ma": 20, "sustain_hi": 4, "sustain_lo": 3}	15	65.426	-20.296	3.224	59.600	71.179	40.471	-14.374	14.717	TRAIN 65.43% <= best 66.97% [cagr] [risk:max_hold=7 select:cagr]
2026-09-20T16:14:53Z	discard	strat_floorhighsustaincond	{"b_hi": 0.57, "b_lo": 0.4, "b_mid": 0.6, "fast_ma": 8, "floor_lb": 19, "lookback": 12, "max_dist": 0.055, "max_hold": 7, "regime_ma": 20, "sustain_hi": 1, "sustain_lo": 2}	15	62.839	-18.541	3.389	61.262	64.358	41.328	-15.279	14.717	TRAIN 62.84% <= best 66.97% [cagr] [risk:max_hold=7 select:cagr]
2026-09-20T16:15:06Z	discard	strat_floorhighsustaincond	{"b_hi": 0.58, "b_lo": 0.4, "b_mid": 0.6, "fast_ma": 8, "floor_lb": 19, "lookback": 11, "max_dist": 0.055, "max_hold": 7, "regime_ma": 20, "sustain_hi": 2, "sustain_lo": 3}	15	65.335	-19.688	3.319	58.924	71.689	40.699	-14.374	14.717	TRAIN 65.33% <= best 66.97% [cagr] [risk:max_hold=7 select:cagr]
2026-09-20T16:15:18Z	discard	strat_floorhighsustaincond	{"b_hi": 0.56, "b_lo": 0.4, "b_mid": 0.6, "fast_ma": 8, "floor_lb": 19, "lookback": 11, "max_dist": 0.055, "max_hold": 7, "regime_ma": 20, "sustain_hi": 2, "sustain_lo": 3}	15	64.352	-19.688	3.269	56.994	71.689	40.699	-14.374	14.717	TRAIN 64.35% <= best 66.97% [cagr] [risk:max_hold=7 select:cagr]
2026-09-20T16:15:33Z	discard	strat_floorhighsustaincond	{"b_hi": 0.57, "b_lo": 0.4, "b_mid": 0.6, "fast_ma": 7, "floor_lb": 19, "lookback": 11, "max_dist": 0.055, "max_hold": 7, "regime_ma": 20, "sustain_hi": 2, "sustain_lo": 3}	15	66.947	-19.688	3.400	62.116	71.689	40.692	-14.374	14.717	TRAIN 66.95% <= best 66.97% [cagr] [risk:max_hold=7 select:cagr]
2026-09-20T16:16:46Z	discard	strat_floorhighsustaincond	{"b_hi": 0.57, "b_lo": 0.4, "b_mid": 0.6, "fast_ma": 9, "floor_lb": 19, "lookback": 11, "max_dist": 0.055, "max_hold": 7, "regime_ma": 20, "sustain_hi": 1, "sustain_lo": 3}	15	65.935	-19.606	3.363	60.885	70.898	39.126	-14.374	14.717	TRAIN 65.94% <= best 66.97% [cagr] [risk:max_hold=7 select:cagr]
2026-09-20T16:16:56Z	discard	strat_floorhighsustaincond	{"b_hi": 0.57, "b_lo": 0.4, "b_mid": 0.6, "fast_ma": 8, "floor_lb": 19, "lookback": 11, "max_dist": 0.055, "max_hold": 7, "regime_ma": 20, "sustain_hi": 1, "sustain_lo": 2}	15	62.803	-18.541	3.387	61.188	64.358	41.271	-15.279	14.717	TRAIN 62.80% <= best 66.97% [cagr] [risk:max_hold=7 select:cagr]
2026-09-20T16:17:12Z	discard	strat_floorhighsector	{"b_hi": 0.57, "b_lo": 0.4, "b_mid": 0.6, "fast_ma": 8, "floor_lb": 19, "ind_q": 0.0, "lookback": 11, "max_dist": 0.055, "max_hold": 7, "regime_ma": 20, "sect_lb": 12, "sustain_hi": 2, "sustain_lo": 3}	15	66.721	-19.688	3.389	62.116	71.233	39.817	-14.374	14.717	TRAIN 66.72% <= best 66.97% [cagr] [risk:max_hold=7 select:cagr]
2026-09-20T16:17:21Z	discard	strat_floorhighsustaincond	{"b_hi": 0.57, "b_lo": 0.4, "b_mid": 0.6, "fast_ma": 8, "floor_lb": 19, "lookback": 11, "max_dist": 0.055, "max_hold": 7, "regime_ma": 20, "sustain_hi": 3, "sustain_lo": 3}	15	66.001	-20.235	3.262	60.739	71.179	41.214	-14.374	14.717	TRAIN 66.00% <= best 66.97% [cagr] [risk:max_hold=7 select:cagr]
2026-09-20T16:17:30Z	discard	strat_floorhighsustaincond	{"b_hi": 0.57, "b_lo": 0.4, "b_mid": 0.6, "fast_ma": 8, "floor_lb": 19, "lookback": 11, "max_dist": 0.055, "max_hold": 7, "regime_ma": 20, "sustain_hi": 2, "sustain_lo": 4}	15	64.721	-19.885	3.255	56.707	72.744	36.332	-18.980	14.717	TRAIN 64.72% <= best 66.97% [cagr] [risk:max_hold=7 select:cagr]
2026-09-20T16:17:43Z	discard	strat_floorhighsustaincond	{"b_hi": 0.57, "b_lo": 0.4, "b_mid": 0.6, "fast_ma": 8, "floor_lb": 19, "lookback": 11, "max_dist": 0.055, "max_hold": 7, "regime_ma": 20, "sustain_hi": 2, "sustain_lo": 2}	15	63.497	-18.541	3.425	61.814	65.118	42.874	-15.543	14.717	TRAIN 63.50% <= best 66.97% [cagr] [risk:max_hold=7 select:cagr]
2026-09-20T16:18:27Z	keep	strat_floorhightiershape	{"b_hi": 0.69, "b_lo": 0.45, "b_mid": 0.55, "fast_ma": 5, "floor_lb": 19, "lookback": 10, "max_dist": 0.055, "regime_ma": 18, "sustain_hi": 2, "sustain_lo": 3, "tier_lo": 1.0, "tier_mid": 1.0}	15	77.865	-18.973	4.104	70.219	85.475	49.955	-14.374	14.717	beats best on cagr [risk:none select:cagr]
2026-09-20T16:18:32Z	discard	strat_floorhightiershapeconc	{"b_hi": 0.65, "b_lo": 0.45, "b_mid": 0.55, "cap_full": 20, "cap_weak": 12, "fast_ma": 9, "floor_lb": 20, "lookback": 16, "max_dist": 0.055, "max_hold": 9, "regime_ma": 18, "sustain_hi": 2, "sustain_lo": 4, "tier_lo": 0.99, "tier_mid": 1.0}	20	77.621	-23.023	3.371	64.312	91.315	48.140	-14.302	14.717	TRAIN 77.62% <= best 77.87% [cagr] [risk:max_hold=9 select:cagr]
2026-09-20T16:18:36Z	discard	strat_floorhightiershapegate	{"b_hi": 0.65, "b_lo": 0.45, "b_mid": 0.55, "fast_ma": 9, "floor_lb": 19, "lookback": 16, "max_dist": 0.055, "regime_ma": 18, "sustain_hi": 2, "sustain_lo": 4, "tier_lo": 0.55, "tier_mid": 1.0}	20	57.899	-19.229	3.011	45.976	70.174	41.330	-12.121	14.717	TRAIN 57.90% <= best 77.87% [cagr] [risk:none select:cagr]
2026-09-20T16:18:42Z	discard	strat_concvolgate	{"b_hi": 0.65, "b_lo": 0.45, "b_mid": 0.55, "cap_full": 20, "cap_weak": 12, "fast_ma": 9, "floor_lb": 19, "lookback": 16, "max_dist": 0.055, "regime_ma": 18, "sustain_hi": 2, "sustain_lo": 4, "tier_lo": 0.55, "tier_mid": 1.0, "vol_lb": 6, "vol_q": 0.5}	20	47.474	-19.518	2.432	39.747	55.240	31.321	-16.156	14.717	TRAIN 47.47% <= best 77.87% [cagr] [risk:none select:cagr]
2026-09-20T16:18:47Z	discard	strat_concvoltarget	{"b_hi": 0.65, "b_lo": 0.45, "b_mid": 0.55, "cap_full": 20, "cap_weak": 12, "fast_ma": 9, "floor_lb": 19, "lookback": 16, "max_dist": 0.055, "regime_ma": 18, "sustain_hi": 2, "sustain_lo": 4, "tier_lo": 0.55, "tier_mid": 1.0, "vt_lb": 6, "vt_target": 0.25}	20	58.376	-16.662	3.504	46.133	71.003	43.754	-12.121	14.717	TRAIN 58.38% <= best 77.87% [cagr] [risk:none select:cagr]
2026-09-20T16:42:07Z	discard	strat_floorhightiershapeconc	{"b_hi": 0.69, "b_lo": 0.45, "b_mid": 0.55, "cap_full": 20, "cap_weak": 12, "fast_ma": 5, "floor_lb": 19, "lookback": 10, "max_dist": 0.055, "regime_ma": 18, "sustain_hi": 2, "sustain_lo": 3, "tier_lo": 0.85, "tier_mid": 1.0}	15	76.442	-18.473	4.138	66.981	85.963	49.657	-14.374	14.717	TRAIN 76.44% <= best 77.87% [cagr] [risk:none select:cagr]
2026-09-20T16:42:12Z	discard	strat_floorhighbreadthlin	{"b_hi": 0.69, "b_hi_lin": 0.6, "b_lo": 0.45, "b_lo_lin": 0.35, "b_mid": 0.55, "fast_ma": 5, "floor_lb": 19, "lookback": 10, "max_dist": 0.055, "regime_ma": 18, "sustain_hi": 2, "sustain_lo": 3, "tier_lo": 1.0, "tier_mid": 1.0}	15	67.232	-18.473	3.639	59.804	74.635	42.798	-15.392	14.717	TRAIN 67.23% <= best 77.87% [cagr] [risk:none select:cagr]
2026-09-20T16:45:10Z	discard	strat_floorhighhyst	{"b_enter": 0.45, "b_exit": 0.4, "b_hi": 0.69, "b_lo": 0.45, "b_mid": 0.55, "fast_ma": 5, "floor_lb": 19, "lookback": 10, "max_dist": 0.055, "regime_ma": 18, "sustain_hi": 2, "sustain_lo": 3, "tier_lo": 1.0, "tier_mid": 1.0}	15	76.262	-18.973	4.019	67.090	85.475	52.240	-18.646	14.717	TRAIN 76.26% <= best 77.87% [cagr] [risk:none select:cagr]
2026-09-20T16:45:14Z	discard	strat_floorhighrankpersist	{"b_hi": 0.69, "b_lo": 0.45, "b_mid": 0.55, "fast_ma": 5, "floor_lb": 19, "lookback": 10, "max_dist": 0.055, "pers_lb": 12, "pers_w": 0.25, "regime_ma": 18, "sustain_hi": 2, "sustain_lo": 3, "tier_lo": 1.0, "tier_mid": 1.0}	15	66.151	-22.465	2.945	58.966	73.303	48.348	-11.353	14.717	TRAIN 66.15% <= best 77.87% [cagr] [risk:none select:cagr]
2026-09-20T16:45:19Z	discard	strat_floorhighrankpersist	{"b_hi": 0.69, "b_lo": 0.45, "b_mid": 0.55, "fast_ma": 5, "floor_lb": 19, "lookback": 10, "max_dist": 0.055, "pers_lb": 3, "pers_w": -0.25, "regime_ma": 18, "sustain_hi": 2, "sustain_lo": 3, "tier_lo": 1.0, "tier_mid": 1.0}	15	73.442	-20.893	3.515	61.399	85.760	45.307	-20.950	14.717	TRAIN 73.44% <= best 77.87% [cagr] [risk:none select:cagr]
2026-09-20T16:45:42Z	discard	strat_floorhighrankpersist	{"b_hi": 0.69, "b_lo": 0.45, "b_mid": 0.55, "fast_ma": 5, "floor_lb": 19, "lookback": 10, "max_dist": 0.055, "pers_lb": 12, "pers_w": -0.25, "regime_ma": 18, "sustain_hi": 2, "sustain_lo": 3, "tier_lo": 1.0, "tier_mid": 1.0}	15	78.097	-22.058	3.541	72.197	83.912	46.455	-18.150	14.717	DD -22.1% breaches floor/slack [risk:none select:cagr]
2026-09-20T16:50:25Z	keep	strat_floorhighrankpersist	{"b_hi": 0.69, "b_lo": 0.45, "b_mid": 0.55, "fast_ma": 5, "floor_lb": 19, "lookback": 10, "max_dist": 0.055, "pers_lb": 22, "pers_w": -0.4, "regime_ma": 18, "sustain_hi": 2, "sustain_lo": 3, "tier_lo": 1.0, "tier_mid": 1.0}	15	81.228	-18.388	4.417	73.730	88.679	58.533	-21.603	14.717	beats best on cagr [risk:none select:cagr]
2026-09-20T17:02:16Z	keep	strat_floorhighrankpersist	{"b_hi": 0.69, "b_lo": 0.45, "b_mid": 0.55, "fast_ma": 5, "floor_lb": 19, "lookback": 10, "max_dist": 0.055, "max_hold": 4, "pers_lb": 6, "pers_w": -0.16, "regime_ma": 18, "sustain_hi": 2, "sustain_lo": 3, "tier_lo": 1.0, "tier_mid": 1.0}	15	83.933	-19.963	4.204	69.986	98.296	49.889	-16.388	14.717	beats best on cagr [risk:max_hold=4 select:cagr]
2026-09-20T17:02:40Z	discard	strat_floorhightiershapeconc	{"b_hi": 0.69, "b_lo": 0.45, "b_mid": 0.55, "cap_full": 20, "cap_weak": 11, "fast_ma": 5, "floor_lb": 19, "lookback": 10, "max_dist": 0.055, "max_hold": 8, "regime_ma": 18, "sustain_hi": 2, "sustain_lo": 3, "tier_lo": 0.999, "tier_mid": 1.0}	15	81.374	-18.473	4.405	71.604	91.208	54.001	-14.374	14.717	TRAIN 81.37% <= best 83.93% [cagr] [risk:max_hold=8 select:cagr]
2026-09-20T17:06:31Z	discard	strat_floorhightiershapeconc	{"b_hi": 0.69, "b_lo": 0.45, "b_mid": 0.55, "cap_full": 20, "cap_weak": 11, "fast_ma": 5, "floor_lb": 19, "lookback": 10, "max_dist": 0.055, "regime_ma": 18, "sustain_hi": 2, "sustain_lo": 3, "tier_lo": 0.999, "tier_mid": 0.999}	15	80.943	-18.109	4.470	68.805	93.328	56.860	-14.374	14.717	TRAIN 80.94% <= best 83.93% [cagr] [risk:none select:cagr]
2026-09-20T17:06:35Z	discard	strat_floorhightiershapeconc	{"b_hi": 0.69, "b_lo": 0.45, "b_mid": 0.55, "cap_full": 20, "cap_weak": 11, "fast_ma": 5, "floor_lb": 19, "lookback": 10, "max_dist": 0.055, "max_hold": 9, "regime_ma": 18, "sustain_hi": 2, "sustain_lo": 3, "tier_lo": 0.999, "tier_mid": 0.999}	15	80.943	-18.109	4.470	68.805	93.328	57.585	-14.374	14.717	TRAIN 80.94% <= best 83.93% [cagr] [risk:max_hold=9 select:cagr]
2026-09-20T18:35:47Z	keep	strat_l12b2_symcap	{"b_hi": 0.69, "b_lo": 0.45, "b_mid": 0.55, "cap_full": 18, "cap_weak": 12, "fast_ma": 5, "floor_lb": 19, "lookback": 10, "max_dist": 0.055, "max_hold": 4, "pers_lb": 6, "pers_w": -0.16, "regime_ma": 18, "sustain_hi": 2, "sustain_lo": 3, "tier_lo": 0.999, "tier_mid": 0.999}	15	84.923	-19.202	4.423	70.158	100.193	43.084	-15.907	14.717	beats best on cagr [risk:max_hold=4 select:cagr]
2026-09-20T18:36:10Z	discard	strat_l12b_printclose	{"b_hi": 0.69, "b_lo": 0.45, "b_mid": 0.55, "clv_lb": 3, "clv_scale": 0.5, "fast_ma": 5, "floor_lb": 19, "lookback": 10, "max_dist": 0.055, "max_hold": 4, "pers_lb": 6, "pers_w": -0.16, "regime_ma": 18, "sustain_hi": 2, "sustain_lo": 3, "tier_lo": 1.0, "tier_mid": 1.0}	15	81.662	-21.157	3.860	69.765	93.781	56.237	-17.083	14.717	TRAIN 81.66% <= best 84.92% [cagr] [risk:max_hold=4 select:cagr]
2026-09-20T18:36:19Z	discard	strat_l12b2_bandfresh	{"b_hi": 0.69, "b_lo": 0.45, "b_mid": 0.55, "fast_ma": 5, "floor_lb": 19, "lookback": 10, "max_dist": 0.055, "max_hold": 4, "pers_lb": 6, "regime_ma": 18, "sustain_hi": 2, "sustain_lo": 3, "tier_lo": 1.0, "tier_mid": 1.0, "w_full": -0.16, "w_weak": -0.08}	15	83.933	-19.963	4.204	69.986	98.296	49.889	-16.388	14.717	TRAIN 83.93% <= best 84.92% [cagr] [risk:max_hold=4 select:cagr]
2026-09-20T18:37:15Z	discard	strat_l12b_printclose	{"b_hi": 0.69, "b_lo": 0.45, "b_mid": 0.55, "clv_lb": 3, "clv_scale": 0.8, "fast_ma": 5, "floor_lb": 19, "lookback": 10, "max_dist": 0.055, "max_hold": 4, "pers_lb": 6, "pers_w": -0.16, "regime_ma": 18, "sustain_hi": 2, "sustain_lo": 3, "tier_lo": 1.0, "tier_mid": 1.0}	15	79.706	-22.221	3.587	69.129	90.407	51.896	-16.685	14.717	TRAIN 79.71% <= best 84.92% [cagr] [risk:max_hold=4 select:cagr]
2026-09-20T18:37:24Z	discard	strat_l12b2_bandfresh	{"b_hi": 0.69, "b_lo": 0.45, "b_mid": 0.55, "fast_ma": 5, "floor_lb": 19, "lookback": 10, "max_dist": 0.055, "max_hold": 4, "pers_lb": 6, "pers_w_full": -0.16, "pers_w_weak": 0.0, "regime_ma": 18, "sustain_hi": 2, "sustain_lo": 3, "tier_lo": 0.999, "tier_mid": 0.999}	15	85.994	-22.234	3.868	73.786	98.431	44.253	-15.907	14.717	DD -22.2% breaches floor/slack [risk:max_hold=4 select:cagr]
2026-09-20T18:38:08Z	discard	strat_l12b_printclose	{"b_hi": 0.69, "b_lo": 0.45, "b_mid": 0.55, "clv_lb": 4, "clv_scale": 0.65, "fast_ma": 5, "floor_lb": 19, "lookback": 10, "max_dist": 0.055, "max_hold": 4, "pers_lb": 6, "pers_w": -0.16, "regime_ma": 18, "sustain_hi": 2, "sustain_lo": 3, "tier_lo": 1.0, "tier_mid": 1.0}	15	83.238	-22.221	3.746	69.402	97.481	50.215	-18.087	14.717	TRAIN 83.24% <= best 84.92% [cagr] [risk:max_hold=4 select:cagr]
2026-09-20T18:43:11Z	keep	strat_floorhightiershapeconc	{"b_hi": 0.69, "b_lo": 0.45, "b_mid": 0.55, "cap_full": 20, "cap_weak": 11, "fast_ma": 5, "floor_lb": 19, "lookback": 10, "max_dist": 0.055, "max_hold": 3, "regime_ma": 18, "sustain_hi": 2, "sustain_lo": 3, "tier_lo": 0.9999, "tier_mid": 0.9999}	15	85.234	-17.489	4.874	77.896	92.512	53.762	-14.374	14.717	beats best on cagr [risk:max_hold=3 select:cagr]
2026-09-20T18:43:18Z	discard	strat_floorhightiershapeconc	{"b_hi": 0.69, "b_lo": 0.45, "b_mid": 0.55, "cap_full": 15, "cap_weak": 11, "fast_ma": 5, "floor_lb": 19, "lookback": 10, "max_dist": 0.055, "max_hold": 8, "regime_ma": 18, "sustain_hi": 2, "sustain_lo": 3, "tier_lo": 0.9999, "tier_mid": 0.9999}	15	81.738	-18.110	4.513	68.875	94.914	57.307	-14.374	14.717	TRAIN 81.74% <= best 85.23% [cagr] [risk:max_hold=8 select:cagr]
2026-09-20T18:43:26Z	discard	strat_floorhightiershapeconc	{"b_hi": 0.69, "b_lo": 0.45, "b_mid": 0.55, "cap_full": 15, "cap_weak": 11, "fast_ma": 5, "floor_lb": 19, "lookback": 10, "max_dist": 0.055, "max_hold": 6, "regime_ma": 18, "sustain_hi": 2, "sustain_lo": 3, "tier_lo": 0.9999, "tier_mid": 0.9999}	15	79.332	-18.110	4.380	65.744	93.324	58.905	-14.064	14.717	TRAIN 79.33% <= best 85.23% [cagr] [risk:max_hold=6 select:cagr]
2026-09-20T18:47:03Z	discard	strat_floorhighrankpersist	{"b_hi": 0.69, "b_lo": 0.45, "b_mid": 0.55, "fast_ma": 5, "floor_lb": 19, "lookback": 10, "max_dist": 0.055, "max_hold": 2, "pers_lb": 4, "pers_w": -0.18, "regime_ma": 18, "sustain_hi": 2, "sustain_lo": 3, "tier_lo": 1.0, "tier_mid": 1.0}	13	80.877	-15.053	5.373	76.016	85.637	54.114	-16.516	14.717	TRAIN 80.88% <= best 85.23% [cagr] [risk:max_hold=2 select:cagr]
2026-09-20T18:47:10Z	discard	strat_floorhighrankpersist	{"b_hi": 0.69, "b_lo": 0.45, "b_mid": 0.55, "fast_ma": 5, "floor_lb": 19, "lookback": 10, "max_dist": 0.055, "max_hold": 2, "pers_lb": 5, "pers_w": -0.18, "regime_ma": 18, "sustain_hi": 2, "sustain_lo": 3, "tier_lo": 1.0, "tier_mid": 1.0}	13	80.689	-16.639	4.849	77.867	83.422	62.471	-15.487	14.717	TRAIN 80.69% <= best 85.23% [cagr] [risk:max_hold=2 select:cagr]
2026-09-20T19:48:56Z	keep	strat_l13a_concwobble	{"b_hi": 0.69, "b_lo": 0.45, "b_mid": 0.55, "cap_full": 20, "cap_weak": 11, "fast_ma": 5, "floor_lb": 19, "gf_lb": 12, "gf_w": 0.0, "gw_w": 0.12, "lookback": 10, "max_dist": 0.055, "max_hold": 3, "regime_ma": 18, "sustain_hi": 2, "sustain_lo": 3, "tier_lo": 0.9999, "tier_mid": 0.9999}	15	86.616	-17.339	4.995	78.710	94.479	47.694	-14.374	14.717	beats best on cagr [risk:max_hold=3 select:cagr]
2026-09-20T19:52:22Z	keep	strat_l13a_concwobble	{"b_hi": 0.69, "b_lo": 0.45, "b_mid": 0.55, "cap_full": 20, "cap_weak": 11, "fast_ma": 5, "floor_lb": 19, "gf_lb": 12, "gf_w": 0.0, "gw_w": 0.13, "lookback": 10, "max_dist": 0.055, "max_hold": 3, "regime_ma": 18, "sustain_hi": 2, "sustain_lo": 3, "tier_lo": 0.9999, "tier_mid": 0.9999}	15	86.884	-17.339	5.011	78.888	94.842	48.192	-14.374	14.717	beats best on cagr [risk:max_hold=3 select:cagr]
2026-09-20T20:37:35Z	keep	strat_l13a_concwobble	{"b_hi": 0.69, "b_lo": 0.45, "b_mid": 0.55, "cap_full": 20, "cap_weak": 11, "fast_ma": 5, "floor_lb": 19, "gf_lb": 12, "gf_w": 0.0, "gw_w": 0.13, "lookback": 12, "max_dist": 0.055, "max_hold": 3, "regime_ma": 18, "sustain_hi": 2, "sustain_lo": 3, "tier_lo": 0.9999, "tier_mid": 0.9999}	15	88.139	-17.339	5.083	80.144	96.092	49.274	-14.926	14.717	beats best on cagr [risk:max_hold=3 select:cagr]
2026-09-21T08:30:21Z	keep	strat_l15b_insideday	{"b_hi": 0.69, "b_lo": 0.45, "b_mid": 0.55, "cap_full": 20, "cap_weak": 11, "fast_ma": 5, "floor_lb": 19, "gf_lb": 12, "gf_w": 0.0, "gw_w": 0.13, "ids_lb": 3, "ids_w": -0.15, "lookback": 12, "max_dist": 0.055, "max_hold": 3, "regime_ma": 18, "sustain_hi": 2, "sustain_lo": 3, "tier_lo": 0.9999, "tier_mid": 0.9999}	15	93.425	-17.032	5.485	100.620	86.806	52.906	-12.311	14.717	beats best on cagr [risk:max_hold=3 select:cagr]
2026-09-21T08:36:43Z	keep	strat_l15b_insideday	{"b_hi": 0.69, "b_lo": 0.45, "b_mid": 0.55, "cap_full": 20, "cap_weak": 11, "fast_ma": 5, "floor_lb": 19, "gf_lb": 12, "gf_w": 0.0, "gw_w": 0.13, "ids_lb": 3, "ids_w": -0.13, "lookback": 12, "max_dist": 0.055, "max_hold": 3, "regime_ma": 18, "sustain_hi": 2, "sustain_lo": 3, "tier_lo": 0.9999, "tier_mid": 0.9999}	15	94.578	-18.864	5.014	99.318	90.164	54.398	-12.311	14.717	beats best on cagr [risk:max_hold=3 select:cagr]
2026-09-21T08:47:47Z	keep	strat_l15b_insideday	{"b_hi": 0.69, "b_lo": 0.45, "b_mid": 0.55, "cap_full": 20, "cap_weak": 11, "fast_ma": 5, "floor_lb": 19, "gf_lb": 12, "gf_w": 0.0, "gw_w": 0.15, "ids_lb": 3, "ids_w": -0.13, "lookback": 12, "max_dist": 0.055, "max_hold": 3, "regime_ma": 18, "sustain_hi": 2, "sustain_lo": 3, "tier_lo": 0.9999, "tier_mid": 0.9999}	15	96.882	-17.032	5.688	98.302	95.538	48.973	-12.311	14.717	beats best on cagr [risk:max_hold=3 select:cagr]
2026-09-21T18:10:57Z	keep	strat_l19a_balanced	{"b_hi": 0.69, "b_lo": 0.45, "b_mid": 0.55, "cap_full": 20, "cap_weak": 11, "fast_ma": 5, "floor_lb": 19, "gf_lb": 12, "gf_w": 0.0, "gw_w": 0.15, "ids_lb": 3, "ids_w": -0.13, "la_min": 0, "la_w": 0.5, "lookback": 12, "max_dist": 0.055, "max_hold": 3, "or_lb": 6, "or_w": -0.1, "regime_ma": 18, "sustain_hi": 2, "sustain_lo": 3, "tier_lo": 0.9999, "tier_mid": 0.9999}	15	98.682	-15.506	6.364	95.295	101.966	53.148	-10.403	14.717	beats best on cagr [risk:max_hold=3 select:cagr minyr=-14.9 ystd=159.0]
2026-09-23T09:18:39Z	keep	strat_l20b_spread	{"b_hi": 0.69, "b_lo": 0.45, "b_mid": 0.55, "cap_full": 20, "cap_weak": 11, "fast_ma": 5, "floor_lb": 19, "gf_lb": 12, "gf_w": 0.0, "gw_w": 0.15, "ids_lb": 3, "ids_w": -0.13, "la_min": 0, "la_w": 0.5, "lookback": 12, "max_dist": 0.055, "max_hold": 3, "or_lb": 6, "or_w": -0.1, "regime_ma": 18, "sp_frac": 0.5, "sp_lb": 4, "sp_w": -0.05, "sustain_hi": 2, "sustain_lo": 3, "tier_lo": 0.9999, "tier_mid": 0.9999}	15	102.990	-15.506	6.642	100.204	105.682	54.057	-10.381	14.717	beats best on cagr [risk:max_hold=3 select:cagr minyr=-15.0 ystd=172.4]
