symbol,yahoo_ticker,company_name,series,isin,listing_date,face_value,industry,in_nifty50,in_niftynext50,in_nifty100,in_nifty200,in_nifty500,in_niftymidcap150,in_niftysmallcap250
20MICRONS,20MICRONS.NS,20 Microns Limited,EQ,INE144J01027,2008-10-06,5.0,,false,false,false,false,false,false,false
21STCENMGM,21STCENMGM.NS,21st Century Management Services Limited,EQ,INE253B01015,1995-05-03,10.0,,false,false,false,false,false,false,false
360ONE,360ONE.NS,360 ONE WAM LIMITED,EQ,INE466L01038,2019-09-19,1.0,Financial Services,false,false,false,true,true,true,false
3BBLACKBIO,3BBLACKBIO.NS,3B Blackbio Dx Limited,EQ,INE994E01018,2026-04-20,10.0,,false,false,false,false,false,false,false
3IINFOLTD,3IINFOLTD.NS,3i Infotech Limited,BE,INE748C01038,2021-10-22,10.0,,false,false,false,false,false,false,false
3MINDIA,3MINDIA.NS,3M India Limited,EQ,INE470A01017,2004-08-13,10.0,Diversified,false,false,false,false,true,true,false
3PLAND,3PLAND.NS,3P Land Holdings Limited,EQ,INE105C01023,1995-07-19,2.0,,false,false,false,false,false,false,false
5PAISA,5PAISA.NS,5Paisa Capital Limited,EQ,INE618L01018,2017-11-16,10.0,,false,false,false,false,false,false,false
63MOONS,63MOONS.NS,63 moons technologies limited,EQ,INE111B01023,2005-06-20,2.0,,false,false,false,false,false,false,false
A2ZINFRA,A2ZINFRA.NS,A2Z Infra Engineering Limited,EQ,INE619I01012,2010-12-23,10.0,,false,false,false,false,false,false,false
AAATECH,AAATECH.NS,AAA Technologies Limited,EQ,INE0D0U01013,2022-11-28,10.0,,false,false,false,false,false,false,false
AADHARHFC,AADHARHFC.NS,Aadhar Housing Finance Limited,EQ,INE883F01010,2024-05-15,10.0,Financial Services,false,false,false,false,true,false,true
AAKASH,AAKASH.NS,Aakash Exploration Services Limited,EQ,INE087Z01024,2020-09-29,1.0,,false,false,false,false,false,false,false
AAREYDRUGS,AAREYDRUGS.NS,Aarey Drugs & Pharmaceuticals Limited,EQ,INE198H01019,2021-08-06,10.0,,false,false,false,false,false,false,false
AARNAV,AARNAV.NS,Aarnav Fashions Limited,BE,INE750R01016,2026-02-25,10.0,,false,false,false,false,false,false,false
AARON,AARON.NS,Aaron Industries Limited,EQ,INE721Z01010,2020-11-06,10.0,,false,false,false,false,false,false,false
AARTECH,AARTECH.NS,Aartech Solonics Limited,BE,INE01C001026,2023-07-10,5.0,,false,false,false,false,false,false,false
AARTIDRUGS,AARTIDRUGS.NS,Aarti Drugs Limited,EQ,INE767A01016,2003-09-19,10.0,,false,false,false,false,false,false,false
AARTIIND,AARTIIND.NS,Aarti Industries Limited,EQ,INE769A01020,1995-02-08,5.0,Chemicals,false,false,false,false,true,false,true
AARTIPHARM,AARTIPHARM.NS,Aarti Pharmalabs Limited,EQ,INE0LRU01027,2023-01-30,5.0,,false,false,false,false,false,false,false
AARTISURF,AARTISURF.NS,Aarti Surfactants Limited,BE,INE09EO01013,2020-07-14,10.0,,false,false,false,false,false,false,false
AARVI,AARVI.NS,Aarvi Encon Limited,EQ,INE754X01016,2020-06-24,10.0,,false,false,false,false,false,false,false
AASTHA,AASTHA.NS,Aastha Spintex Limited,EQ,INE2FMX01012,2026-07-06,10.0,,false,false,false,false,false,false,false
AAVAS,AAVAS.NS,Aavas Financiers Limited,EQ,INE216P01012,2018-10-08,10.0,Financial Services,false,false,false,false,true,false,true
ABAN,ABAN.NS,Aban Offshore Limited,BE,INE421A01028,1995-03-29,2.0,,false,false,false,false,false,false,false
ABANSENT,ABANSENT.NS,Abans Enterprises Limited,EQ,INE365O01028,2026-04-20,2.0,,false,false,false,false,false,false,false
ABB,ABB.NS,ABB India Limited,EQ,INE117A01022,1995-02-08,2.0,Capital Goods,false,true,true,true,true,false,false
ABBOTINDIA,ABBOTINDIA.NS,Abbott India Limited,EQ,INE358A01014,2010-01-08,10.0,Healthcare,false,false,false,false,true,true,false
ABCAPITAL,ABCAPITAL.NS,Aditya Birla Capital Limited,EQ,INE674K01013,2017-09-01,10.0,Financial Services,false,false,false,true,true,true,false
ABCOTS,ABCOTS.NS,A B Cotspin India Limited,EQ,INE08PH01015,2025-09-24,10.0,,false,false,false,false,false,false,false
ABDL,ABDL.NS,Allied Blenders and Distillers Limited,EQ,INE552Z01027,2024-07-02,2.0,Fast Moving Consumer Goods,false,false,false,false,true,false,true
ABFRL,ABFRL.NS,Aditya Birla Fashion and Retail Limited,EQ,INE647O01011,2013-07-17,10.0,Consumer Services,false,false,false,false,true,false,true
ABINFRA,ABINFRA.NS,A B Infrabuild Limited,BE,INE00YB01025,2024-11-08,1.0,,false,false,false,false,false,false,false
ABLBL,ABLBL.NS,Aditya Birla Lifestyle Brands Limited,EQ,INE14LE01019,2025-06-23,10.0,Consumer Services,false,false,false,false,true,false,true
ABMINTLLTD,ABMINTLLTD.NS,ABM International Limited,BE,INE251C01025,2021-09-09,10.0,,false,false,false,false,false,false,false
ABMKNO,ABMKNO.NS,ABM Knowledgeware Limited,EQ,INE850B01026,2026-04-20,5.0,,false,false,false,false,false,false,false
ABREL,ABREL.NS,Aditya Birla Real Estate Limited,EQ,INE055A01016,2003-06-27,10.0,Realty,false,false,false,false,true,false,true
ABSLAMC,ABSLAMC.NS,Aditya Birla Sun Life AMC Limited,EQ,INE404A01024,2021-10-11,5.0,Financial Services,false,false,false,false,true,false,true
ACC,ACC.NS,ACC Limited,EQ,INE012A01025,1996-11-20,10.0,Construction Materials,false,false,false,false,true,true,false
ACCELYA,ACCELYA.NS,Accelya Solutions India Limited,EQ,INE793A01012,1999-12-01,10.0,,false,false,false,false,false,false,false
ACCURACY,ACCURACY.NS,Accuracy Shipping Limited,BE,INE648Z01023,2020-12-11,1.0,,false,false,false,false,false,false,false
ACE,ACE.NS,Action Construction Equipment Limited,EQ,INE731H01025,2006-09-26,2.0,Capital Goods,false,false,false,false,true,false,true
ACEINTEG,ACEINTEG.NS,Ace Integrated Solutions Limited,EQ,INE543V01017,2022-11-04,10.0,,false,false,false,false,false,false,false
ACGL,ACGL.NS,Automobile Corporation of Goa Limited,EQ,INE451C01013,2026-08-17,10.0,,false,false,false,false,false,false,false
ACI,ACI.NS,Archean Chemical Industries Limited,EQ,INE128X01021,2022-11-21,2.0,,false,false,false,false,false,false,false
ACL,ACL.NS,Andhra Cements Limited,EQ,INE666E01020,2023-05-10,10.0,,false,false,false,false,false,false,false
ACMESOLAR,ACMESOLAR.NS,Acme Solar Holdings Limited,EQ,INE622W01025,2024-11-13,2.0,Power,false,false,false,false,true,false,true
ACSTECH,ACSTECH.NS,ACS Technologies Limited,BE,INE366C01021,2026-04-20,10.0,,false,false,false,false,false,false,false
ACUTAAS,ACUTAAS.NS,Acutaas Chemicals Limited,EQ,INE00FF01025,2021-09-14,5.0,Healthcare,false,false,false,false,true,false,true
ADANIENSOL,ADANIENSOL.NS,Adani Energy Solutions Limited,EQ,INE931S01010,2015-07-31,10.0,Power,false,true,true,true,true,false,false
ADANIENT,ADANIENT.NS,Adani Enterprises Limited,EQ,INE423A01024,1997-06-04,1.0,Metals & Mining,true,false,true,true,true,false,false
ADANIGREEN,ADANIGREEN.NS,Adani Green Energy Limited,EQ,INE364U01010,2018-06-18,10.0,Power,false,true,true,true,true,false,false
ADANIPORTS,ADANIPORTS.NS,Adani Ports and Special Economic Zone Limited,EQ,INE742F01042,2007-11-27,2.0,Services,true,false,true,true,true,false,false
ADANIPOWER,ADANIPOWER.NS,Adani Power Limited,EQ,INE814H01029,2009-08-20,2.0,Power,false,true,true,true,true,false,false
ADDIND,ADDIND.NS,Addi Industries Limited,EQ,INE757C01021,2026-08-17,5.0,,false,false,false,false,false,false,false
ADFFOODS,ADFFOODS.NS,ADF Foods Limited,EQ,INE982B01027,2010-09-15,2.0,,false,false,false,false,false,false,false
ADL,ADL.NS,Archidply Decor Limited,EQ,INE0CHO01012,2020-10-01,10.0,,false,false,false,false,false,false,false
ADOR,ADOR.NS,Ador Welding Limited,EQ,INE045A01017,1995-05-10,10.0,,false,false,false,false,false,false,false
ADROITINFO,ADROITINFO.NS,Adroit Infotech Limited,EQ,INE737B01033,1997-08-13,10.0,,false,false,false,false,false,false,false
ADSL,ADSL.NS,Allied Digital Services Limited,EQ,INE102I01027,2007-07-25,5.0,,false,false,false,false,false,false,false
ADVAIT,ADVAIT.NS,Advait Energy Transitions Limited,EQ,INE0ALI01010,2026-01-20,10.0,,false,false,false,false,false,false,false
ADVANCE,ADVANCE.NS,Advance Agrolife Limited,EQ,INE1B0W01010,2025-10-08,10.0,,false,false,false,false,false,false,false
ADVANIHOTR,ADVANIHOTR.NS,Advani Hotels & Resorts (India) Limited,EQ,INE199C01026,2007-06-25,2.0,,false,false,false,false,false,false,false
ADVENTHTL,ADVENTHTL.NS,Advent Hotels International Limited,EQ,INE28GN01010,2025-11-13,10.0,,false,false,false,false,false,false,false
ADVENZYMES,ADVENZYMES.NS,Advanced Enzyme Technologies Limited,EQ,INE837H01020,2016-08-01,2.0,,false,false,false,false,false,false,false
ADVIKCA,ADVIKCA.NS,Advik Capital Limited,EQ,INE178T01024,2026-08-17,1.0,,false,false,false,false,false,false,false
AEGISLOG,AEGISLOG.NS,Aegis Logistics Limited,EQ,INE208C01025,1996-04-03,1.0,Oil Gas & Consumable Fuels,false,false,false,false,true,false,true
AEGISVOPAK,AEGISVOPAK.NS,Aegis Vopak Terminals Limited,EQ,INE0INX01018,2025-06-02,10.0,Oil Gas & Consumable Fuels,false,false,false,false,true,false,true
AEPL,AEPL.NS,Artemis Electricals and Projects Limited,EQ,INE757T01025,2026-03-12,1.0,,false,false,false,false,false,false,false
AEQUS,AEQUS.NS,Aequs Limited,EQ,INE947N01017,2025-12-10,10.0,,false,false,false,false,false,false,false
AEROENTER,AEROENTER.NS,Aeroflex Enterprises Limited,EQ,INE065D01027,2022-11-21,2.0,,false,false,false,false,false,false,false
AEROFLEX,AEROFLEX.NS,Aeroflex Industries Limited,EQ,INE024001021,2023-08-31,2.0,,false,false,false,false,false,false,false
AERONEU,AERONEU.NS,Aeroflex Neu Limited,EQ,INE035801013,2023-01-12,10.0,,false,false,false,false,false,false,false
AEROPLANE,AEROPLANE.NS,Amir Chand Jagdish Kumar (Exports) Limited,EQ,INE05TO01019,2026-04-02,10.0,,false,false,false,false,false,false,false
AETHER,AETHER.NS,Aether Industries Limited,EQ,INE0BWX01014,2022-06-03,10.0,,false,false,false,false,false,false,false
AFCONS,AFCONS.NS,Afcons Infrastructure Limited,EQ,INE101I01011,2024-11-04,10.0,Construction,false,false,false,false,true,false,true
AFFLE,AFFLE.NS,Affle 3i Limited,EQ,INE00WC01027,2019-08-08,2.0,Information Technology,false,false,false,false,true,false,true
AFFORDABLE,AFFORDABLE.NS,Affordable Robotic & Automation Limited,BE,INE692Z01013,2024-10-23,10.0,,false,false,false,false,false,false,false
AFIL,AFIL.NS,Akme Fintrade (India) Limited,EQ,INE916Y01027,2024-06-26,1.0,,false,false,false,false,false,false,false
AFSL,AFSL.NS,Abans Financial Services Limited,EQ,INE00ZE01026,2022-12-23,2.0,,false,false,false,false,false,false,false
AGARIND,AGARIND.NS,Agarwal Industrial Corporation Limited,EQ,INE204E01012,2014-05-26,10.0,,false,false,false,false,false,false,false
AGARWALEYE,AGARWALEYE.NS,Dr. Agarwal's Health Care Limited,EQ,INE943P01029,2025-02-04,1.0,,false,false,false,false,false,false,false
AGI,AGI.NS,AGI Greenpac Limited,EQ,INE415A01038,2000-05-31,2.0,,false,false,false,false,false,false,false
AGIIL,AGIIL.NS,Agi Infra Limited,EQ,INE976R01033,2024-07-15,1.0,,false,false,false,false,false,false,false
AGL,AGL.NS,Allcargo Global Limited,EQ,INE1YPB01014,2026-07-03,2.0,,false,false,false,false,false,false,false
AGRITECH,AGRITECH.NS,Agri-Tech (India) Limited,EQ,INE449G01018,2014-01-28,10.0,,false,false,false,false,false,false,false
AGROPHOS,AGROPHOS.NS,Agro Phos India Limited,EQ,INE740V01019,2019-03-08,10.0,,false,false,false,false,false,false,false
AGSTRA,AGSTRA.NS,AGS Transact Technologies Limited,BZ,INE583L01014,2022-01-31,10.0,,false,false,false,false,false,false,false
AHCL,AHCL.NS,Anlon Healthcare Limited,EQ,INE0Y8W01025,2025-09-03,2.0,,false,false,false,false,false,false,false
AHLADA,AHLADA.NS,Ahlada Engineers Limited,EQ,INE00PV01013,2021-01-28,10.0,,false,false,false,false,false,false,false
AHLEAST,AHLEAST.NS,Asian Hotels (East) Limited,EQ,INE926K01017,2010-08-11,10.0,,false,false,false,false,false,false,false
AHLUCONT,AHLUCONT.NS,Ahluwalia Contracts (India) Limited,EQ,INE758C01029,2009-12-14,2.0,,false,false,false,false,false,false,false
AHLWEST,AHLWEST.NS,Asian Hotels (West) Limited,BE,INE915K01010,2010-08-05,10.0,,false,false,false,false,false,false,false
AIAENG,AIAENG.NS,AIA Engineering Limited,EQ,INE212H01026,2005-12-14,2.0,Capital Goods,false,false,false,false,true,true,false
AIIL,AIIL.NS,Authum Investment & Infrastructure Limited,EQ,INE206F01022,2024-04-23,1.0,Financial Services,false,false,false,false,true,true,false
AIRAN,AIRAN.NS,Airan Limited,EQ,INE645W01026,2019-05-03,2.0,,false,false,false,false,false,false,false
AIROLAM,AIROLAM.NS,Airo Lam limited,EQ,INE801L01010,2021-10-13,10.0,,false,false,false,false,false,false,false
AJANTPHARM,AJANTPHARM.NS,Ajanta Pharma Limited,EQ,INE031B01049,2000-05-29,2.0,Healthcare,false,false,false,false,true,true,false
AJAXENGG,AJAXENGG.NS,Ajax Engineering Limited,EQ,INE274Y01021,2025-02-17,1.0,,false,false,false,false,false,false,false
AJMERA,AJMERA.NS,Ajmera Realty & Infra India Limited,EQ,INE298G01035,2009-06-16,2.0,,false,false,false,false,false,false,false
AJOONI,AJOONI.NS,Ajooni Biotech Limited,EQ,INE820Y01021,2021-05-07,2.0,,false,false,false,false,false,false,false
AKASH,AKASH.NS,Akash Infra-Projects Limited,EQ,INE737W01013,2019-10-11,10.0,,false,false,false,false,false,false,false
AKCAPIT,AKCAPIT.NS,AK Capital Services Limited,EQ,INE701G01012,2026-04-20,10.0,,false,false,false,false,false,false,false
AKG,AKG.NS,Akg Exim Limited,EQ,INE00Y801016,2021-02-16,10.0,,false,false,false,false,false,false,false
AKI,AKI.NS,AKI India Limited,EQ,INE642Z01026,2023-04-06,2.0,,false,false,false,false,false,false,false
AKSHAR,AKSHAR.NS,Akshar Spintex Limited,EQ,INE256Z01025,2022-05-23,1.0,,false,false,false,false,false,false,false
AKSHARCHEM,AKSHARCHEM.NS,AksharChem India Limited,BE,INE542B01011,2017-03-28,10.0,,false,false,false,false,false,false,false
AKSHOPTFBR,AKSHOPTFBR.NS,Aksh Optifibre Limited,BE,INE523B01011,2000-08-18,5.0,,false,false,false,false,false,false,false
AKUMS,AKUMS.NS,Akums Drugs and Pharmaceuticals Limited,EQ,INE09XN01023,2024-08-06,2.0,,false,false,false,false,false,false,false
ALANKIT,ALANKIT.NS,Alankit Limited,EQ,INE914E01040,2015-06-30,1.0,,false,false,false,false,false,false,false
ALBERTDAVD,ALBERTDAVD.NS,Albert David Limited,EQ,INE155C01010,2016-06-14,10.0,,false,false,false,false,false,false,false
ALEMBICLTD,ALEMBICLTD.NS,Alembic Limited,EQ,INE426A01027,1999-09-22,2.0,,false,false,false,false,false,false,false
ALFREDHE,ALFREDHE.NS,Alfred Herbert India Limited,EQ,INE782D01027,2026-08-17,10.0,,false,false,false,false,false,false,false
ALGOQUANT,ALGOQUANT.NS,Algoquant Fintech Limited,EQ,INE598D01035,2026-01-06,1.0,,false,false,false,false,false,false,false
ALICON,ALICON.NS,Alicon Castalloy Limited,EQ,INE062D01024,2006-09-29,5.0,,false,false,false,false,false,false,false
ALIVUS,ALIVUS.NS,Alivus Life Sciences Limited,EQ,INE03Q201024,2021-08-06,2.0,,false,false,false,false,false,false,false
ALKALI,ALKALI.NS,Alkali Metals Limited,BE,INE773I01017,2008-11-06,10.0,,false,false,false,false,false,false,false
ALKEM,ALKEM.NS,Alkem Laboratories Limited,EQ,INE540L01014,2015-12-23,2.0,Healthcare,false,false,false,true,true,true,false
ALKYLAMINE,ALKYLAMINE.NS,Alkyl Amines Chemicals Limited,EQ,INE150B01039,2007-11-26,2.0,,false,false,false,false,false,false,false
ALLCARGO,ALLCARGO.NS,Allcargo Logistics Limited,EQ,INE418H01029,2006-06-23,2.0,,false,false,false,false,false,false,false
ALLDIGI,ALLDIGI.NS,Alldigi Tech Limited,EQ,INE835G01018,2005-05-09,10.0,,false,false,false,false,false,false,false
ALLTIME,ALLTIME.NS,All Time Plastics Limited,EQ,INE0GV601021,2025-08-14,2.0,,false,false,false,false,false,false,false
ALMONDZ,ALMONDZ.NS,Almondz Global Securities Limited,EQ,INE326B01035,2008-06-16,1.0,,false,false,false,false,false,false,false
ALOKINDS,ALOKINDS.NS,Alok Industries Limited,EQ,INE270A01029,2020-02-19,1.0,,false,false,false,false,false,false,false
ALPA,ALPA.NS,Alpa Laboratories Limited,EQ,INE385I01010,2007-08-06,10.0,,false,false,false,false,false,false,false
ALPHAGEO,ALPHAGEO.NS,Alphageo (India) Limited,BE,INE137C01018,2007-05-11,10.0,,false,false,false,false,false,false,false
ALPINETEX,ALPINETEX.NS,Alpine Texworld Limited,EQ,INE1JCQ01037,2026-07-21,10.0,,false,false,false,false,false,false,false
ALUFLUOR,ALUFLUOR.NS,Alufluoride Limited,EQ,INE058F01019,2026-08-17,10.0,,false,false,false,false,false,false,false
AMAGI,AMAGI.NS,Amagi Media Labs Limited,EQ,INE121R01077,2026-01-21,5.0,,false,false,false,false,false,false,false
AMAL,AMAL.NS,Amal Limited,EQ,INE841D01013,2026-08-17,10.0,,false,false,false,false,false,false,false
AMANTA,AMANTA.NS,Amanta Healthcare Limited,BE,INE084K01015,2025-09-09,10.0,,false,false,false,false,false,false,false
AMARJOTHI,AMARJOTHI.NS,Amarjothi Spinning Mills Limited,EQ,INE484D01012,2026-08-17,10.0,,false,false,false,false,false,false,false
AMBALALSA,AMBALALSA.NS,Ambalal Sarabhai Enterprises Limited,BE,INE432A01017,2026-04-20,10.0,,false,false,false,false,false,false,false
AMBER,AMBER.NS,Amber Enterprises India Limited,EQ,INE371P01015,2018-01-30,10.0,Consumer Durables,false,false,false,false,true,false,true
AMBICAAGAR,AMBICAAGAR.NS,Ambica Agarbathies & Aroma industries Limited,EQ,INE792B01012,2004-06-29,10.0,,false,false,false,false,false,false,false
AMBIKCO,AMBIKCO.NS,Ambika Cotton Mills Limited,EQ,INE540G01014,2008-01-29,10.0,,false,false,false,false,false,false,false
AMBUJACEM,AMBUJACEM.NS,Ambuja Cements Limited,EQ,INE079A01024,1998-02-18,2.0,Construction Materials,false,true,true,true,true,false,false
AMDIND,AMDIND.NS,AMD Industries Limited,EQ,INE005I01014,2007-03-19,10.0,,false,false,false,false,false,false,false
AMJLAND,AMJLAND.NS,Amj Land Holdings Limited,EQ,INE606A01024,1995-02-08,2.0,,false,false,false,false,false,false,false
AMNPLST,AMNPLST.NS,Amines & Plasticizers Limited,EQ,INE275D01022,2023-11-10,2.0,,false,false,false,false,false,false,false
AMRUTANJAN,AMRUTANJAN.NS,Amrutanjan Health Care Limited,EQ,INE098F01031,2015-01-02,1.0,,false,false,false,false,false,false,false
ANANDRATHI,ANANDRATHI.NS,Anand Rathi Wealth Limited,EQ,INE463V01026,2021-12-14,5.0,Financial Services,false,false,false,false,true,false,true
ANANTRAJ,ANANTRAJ.NS,Anant Raj Limited,EQ,INE242C01024,2006-09-27,2.0,Realty,false,false,false,false,true,false,true
ANDHRAPAP,ANDHRAPAP.NS,ANDHRA PAPER LIMITED,EQ,INE435A01051,2004-05-13,2.0,,false,false,false,false,false,false,false
ANDHRSUGAR,ANDHRSUGAR.NS,The Andhra Sugars Limited,EQ,INE715B01021,1995-11-01,2.0,,false,false,false,false,false,false,false
ANDREWYU,ANDREWYU.NS,Andrew Yule & Company Limited,EQ,INE449C01025,2026-08-17,2.0,,false,false,false,false,false,false,false
ANGELONE,ANGELONE.NS,Angel One Limited,EQ,INE732I01021,2020-10-05,1.0,Financial Services,false,false,false,false,true,false,true
ANIKINDS,ANIKINDS.NS,Anik Industries Limited,EQ,INE087B01017,2008-05-21,10.0,,false,false,false,false,false,false,false
ANKITMETAL,ANKITMETAL.NS,Ankit Metal & Power Limited,BZ,INE106I01010,2013-03-14,10.0,,false,false,false,false,false,false,false
ANMOL,ANMOL.NS,Anmol India Limited,EQ,INE02AR01019,2021-06-04,10.0,,false,false,false,false,false,false,false
ANNAPURNA,ANNAPURNA.NS,Annapurna Swadisht Limited,EQ,INE0MGM01017,2026-08-12,10.0,,false,false,false,false,false,false,false
ANSALAPI,ANSALAPI.NS,Ansal Properties & Infrastructure Limited,BZ,INE436A01026,2006-01-27,5.0,,false,false,false,false,false,false,false
ANSALBU,ANSALBU.NS,Ansal Buildwell Limited,EQ,INE030C01015,2026-08-17,10.0,,false,false,false,false,false,false,false
ANTELOPUS,ANTELOPUS.NS,Antelopus Selan Energy Limited,EQ,INE818A01017,2006-09-26,10.0,,false,false,false,false,false,false,false
ANTGRAPHIC,ANTGRAPHIC.NS,Antarctica Limited,EQ,INE414B01021,1997-12-31,1.0,,false,false,false,false,false,false,false
ANTHEM,ANTHEM.NS,Anthem Biosciences Limited,EQ,INE0CZ201020,2025-07-21,2.0,Healthcare,false,false,false,false,true,true,false
ANUHPHR,ANUHPHR.NS,Anuh Pharma Limited,EQ,INE489G01022,2024-12-20,5.0,,false,false,false,false,false,false,false
ANUP,ANUP.NS,The Anup Engineering Limited,EQ,INE294Z01018,2019-03-01,10.0,,false,false,false,false,false,false,false
ANURAS,ANURAS.NS,Anupam Rasayan India Limited,EQ,INE930P01018,2021-03-24,10.0,Chemicals,false,false,false,false,true,false,true
APARINDS,APARINDS.NS,Apar Industries Limited,EQ,INE372A01015,2004-07-12,10.0,Capital Goods,false,false,false,false,true,true,false
APCL,APCL.NS,Anjani Portland Cement Limited,EQ,INE071F01012,2017-04-10,10.0,,false,false,false,false,false,false,false
APCOTEXIND,APCOTEXIND.NS,Apcotex Industries Limited,EQ,INE116A01032,1995-09-06,2.0,,false,false,false,false,false,false,false
APEX,APEX.NS,Apex Frozen Foods Limited,EQ,INE346W01013,2017-09-04,10.0,,false,false,false,false,false,false,false
APLAPOLLO,APLAPOLLO.NS,APL Apollo Tubes Limited,EQ,INE702C01027,2011-12-14,2.0,Capital Goods,false,false,false,true,true,true,false
APLLTD,APLLTD.NS,Alembic Pharmaceuticals Limited,EQ,INE901L01018,2011-09-20,2.0,,false,false,false,false,false,false,false
APOLLO,APOLLO.NS,Apollo Micro Systems Limited,EQ,INE713T01028,2018-01-22,1.0,,false,false,false,false,false,false,false
APOLLOHOSP,APOLLOHOSP.NS,Apollo Hospitals Enterprise Limited,EQ,INE437A01024,1996-01-10,5.0,Healthcare,true,false,true,true,true,false,false
APOLLOPIPE,APOLLOPIPE.NS,Apollo Pipes Limited,EQ,INE126J01016,2019-11-11,10.0,,false,false,false,false,false,false,false
APOLLOTYRE,APOLLOTYRE.NS,Apollo Tyres Limited,EQ,INE438A01022,1995-05-31,1.0,Automobile and Auto Components,false,false,false,false,true,true,false
APOLSINHOT,APOLSINHOT.NS,Apollo Sindoori Hotels Limited,EQ,INE451F01024,2015-01-28,5.0,,false,false,false,false,false,false,false
APOORVA,APOORVA.NS,Apoorva Leasing Finance and Investment Company Limited,EQ,INE217S01014,2026-08-17,10.0,,false,false,false,false,false,false,false
APTECHT,APTECHT.NS,Aptech Limited,BE,INE266F01018,2002-09-27,10.0,,false,false,false,false,false,false,false
APTUS,APTUS.NS,Aptus Value Housing Finance India Limited,EQ,INE852O01025,2021-08-24,2.0,Financial Services,false,false,false,false,true,false,true
AQYLON,AQYLON.NS,Aqylon Nexus Limited,EQ,INE416A01051,2024-04-01,1.0,,false,false,false,false,false,false,false
ARCHIDPLY,ARCHIDPLY.NS,Archidply Industries Limited,EQ,INE877I01016,2008-07-04,10.0,,false,false,false,false,false,false,false
ARCHIES,ARCHIES.NS,Archies Limited,EQ,INE731A01020,1998-09-02,2.0,,false,false,false,false,false,false,false
ARCL,ARCL.NS,ARCL Organics Limited,EQ,INE372M01010,2026-08-17,10.0,,false,false,false,false,false,false,false
ARDEE,ARDEE.NS,Ardee Industries Limited,EQ,INE0XNF01022,2026-08-12,2.0,,false,false,false,false,false,false,false
ARE&M,ARE&M.NS,Amara Raja Energy & Mobility Limited,EQ,INE885A01032,2003-09-05,1.0,Automobile and Auto Components,false,false,false,false,true,false,true
ARENTERP,ARENTERP.NS,Rajdarshan Industries Limited,EQ,INE610C01014,1995-10-18,10.0,,false,false,false,false,false,false,false
ARFIN,ARFIN.NS,Arfin India Limited,EQ,INE784R01023,2025-07-22,1.0,,false,false,false,false,false,false,false
ARIES,ARIES.NS,Aries Agro Limited,EQ,INE298I01015,2008-01-11,10.0,,false,false,false,false,false,false,false
ARIHANT,ARIHANT.NS,Arihant Foundations & Housing Limited,EQ,INE413D01011,2026-04-20,10.0,,false,false,false,false,false,false,false
ARIHANTCAP,ARIHANTCAP.NS,Arihant Capital Markets Limited,EQ,INE420B01036,2021-06-15,1.0,,false,false,false,false,false,false,false
ARIHANTSUP,ARIHANTSUP.NS,Arihant Superstructures Limited,EQ,INE643K01018,2017-03-28,10.0,,false,false,false,false,false,false,false
ARIS,ARIS.NS,Arisinfra Solutions Limited,EQ,INE0H9P01028,2025-06-25,2.0,,false,false,false,false,false,false,false
ARKADE,ARKADE.NS,Arkade Developers Limited,EQ,INE0QRL01017,2024-09-24,10.0,,false,false,false,false,false,false,false
ARMANFIN,ARMANFIN.NS,Arman Financial Services Limited,EQ,INE109C01017,2016-06-14,10.0,,false,false,false,false,false,false,false
AROGRANITE,AROGRANITE.NS,Aro Granite Industries Limited,EQ,INE210C01013,2007-04-24,10.0,,false,false,false,false,false,false,false
ARROWGREEN,ARROWGREEN.NS,Arrow Greentech Limited,BE,INE570D01018,2015-05-21,10.0,,false,false,false,false,false,false,false
ARSHIYA,ARSHIYA.NS,Arshiya Limited,BZ,INE968D01022,2009-12-14,2.0,,false,false,false,false,false,false,false
ARSSBL,ARSSBL.NS,Anand Rathi Share and Stock Brokers Limited,EQ,INE549H01021,2025-09-30,5.0,,false,false,false,false,false,false,false
ARTEMISMED,ARTEMISMED.NS,Artemis Medicare Services Limited,EQ,INE025R01021,2020-01-23,1.0,,false,false,false,false,false,false,false
ARTNIRMAN,ARTNIRMAN.NS,Art Nirman Limited,EQ,INE738V01013,2021-10-18,10.0,,false,false,false,false,false,false,false
ARVEE,ARVEE.NS,Arvee Laboratories (India) Limited,EQ,INE006Z01016,2021-03-22,10.0,,false,false,false,false,false,false,false
ARVIND,ARVIND.NS,Arvind Limited,EQ,INE034A01011,1995-02-08,10.0,,false,false,false,false,false,false,false
ARVINDFASN,ARVINDFASN.NS,Arvind Fashions Limited,EQ,INE955V01021,2019-03-08,4.0,,false,false,false,false,false,false,false
ARVSMART,ARVSMART.NS,Arvind SmartSpaces Limited,EQ,INE034S01021,2015-08-26,10.0,,false,false,false,false,false,false,false
ARYAMAN,ARYAMAN.NS,Aryaman Financial Services Limited,EQ,INE032E01017,2026-08-17,10.0,,false,false,false,false,false,false,false
ASAHIINDIA,ASAHIINDIA.NS,Asahi India Glass Limited,EQ,INE439A01020,1998-03-18,1.0,Automobile and Auto Components,false,false,false,false,true,false,true
ASAHISONG,ASAHISONG.NS,Asahi Songwon Colors Limited,BE,INE228I01012,2011-08-29,10.0,,false,false,false,false,false,false,false
ASAL,ASAL.NS,Automotive Stampings and Assemblies Limited,EQ,INE900C01027,2002-03-12,10.0,,false,false,false,false,false,false,false
ASALCBR,ASALCBR.NS,Associated Alcohols & Breweries Ltd.,EQ,INE073G01016,2020-02-12,10.0,,false,false,false,false,false,false,false
ASHAPURMIN,ASHAPURMIN.NS,Ashapura Minechem Limited,EQ,INE348A01023,1995-09-20,2.0,,false,false,false,false,false,false,false
ASHIANA,ASHIANA.NS,Ashiana Housing Limited,EQ,INE365D01021,2011-06-29,2.0,,false,false,false,false,false,false,false
ASHIKAG,ASHIKAG.NS,Ashika Global Securities Limited,BE,INE094B01013,2026-04-20,10.0,,false,false,false,false,false,false,false
ASHIMASYN,ASHIMASYN.NS,Ashima Limited,EQ,INE440A01010,1995-07-27,10.0,,false,false,false,false,false,false,false
ASHOKA,ASHOKA.NS,Ashoka Buildcon Limited,EQ,INE442H01029,2010-10-14,5.0,,false,false,false,false,false,false,false
ASHOKAMET,ASHOKAMET.NS,Ashoka Metcast Limited,EQ,INE760Y01011,2023-06-27,10.0,,false,false,false,false,false,false,false
ASHOKLEY,ASHOKLEY.NS,Ashok Leyland Limited,EQ,INE208A01029,1995-05-25,1.0,Capital Goods,false,false,false,true,true,true,false
ASIANENE,ASIANENE.NS,Asian Energy Services Limited,EQ,INE276G01015,2021-12-09,10.0,,false,false,false,false,false,false,false
ASIANHOTNR,ASIANHOTNR.NS,Asian Hotels (North) Limited,EQ,INE363A01022,2010-04-07,10.0,,false,false,false,false,false,false,false
ASIANPAINT,ASIANPAINT.NS,Asian Paints Limited,EQ,INE021A01026,1995-05-31,1.0,Consumer Durables,true,false,true,true,true,false,false
ASIANTILES,ASIANTILES.NS,Asian Granito India Limited,EQ,INE022I01019,2007-08-23,10.0,,false,false,false,false,false,false,false
ASIANTNE,ASIANTNE.NS,Asian Tea & Exports Limited,EQ,INE822B01017,2026-08-17,10.0,,false,false,false,false,false,false,false
ASKAUTOLTD,ASKAUTOLTD.NS,ASK Automotive Limited,EQ,INE491J01022,2023-11-15,2.0,,false,false,false,false,false,false,false
ASMS,ASMS.NS,Avio Smart Market Stack Limited,BE,INE855F01042,2023-02-09,1.0,,false,false,false,false,false,false,false
ASPINWALL,ASPINWALL.NS,Aspinwall and Company Limited,EQ,INE991I01015,2016-06-14,10.0,,false,false,false,false,false,false,false
ASSAMENT,ASSAMENT.NS,Assam Entrade Limited,EQ,INE165G01010,2026-08-17,10.0,,false,false,false,false,false,false,false
ASTAR,ASTAR.NS,Asian Star Company Limited,EQ,INE194D01017,2026-04-20,10.0,,false,false,false,false,false,false,false
ASTEC,ASTEC.NS,Astec LifeSciences Limited,EQ,INE563J01010,2009-11-25,10.0,,false,false,false,false,false,false,false
ASTERDM,ASTERDM.NS,Aster DM Quality Care Limited,EQ,INE914M01019,2018-02-26,10.0,Healthcare,false,false,false,false,true,false,true
ASTRAL,ASTRAL.NS,Astral Limited,EQ,INE006I01046,2007-03-20,1.0,Capital Goods,false,false,false,true,true,true,false
ASTRAMICRO,ASTRAMICRO.NS,Astra Microwave Products Limited,EQ,INE386C01029,2004-11-01,2.0,,false,false,false,false,false,false,false
ASTRAZEN,ASTRAZEN.NS,AstraZeneca Pharma India Limited,EQ,INE203A01020,2001-05-04,2.0,,false,false,false,false,false,false,false
ASTRON,ASTRON.NS,Astron Paper & Board Mill Limited,BZ,INE646X01014,2017-12-29,10.0,,false,false,false,false,false,false,false
ATALREAL,ATALREAL.NS,Atal Realtech Limited,EQ,INE0ALR01029,2023-05-12,2.0,,false,false,false,false,false,false,false
ATAM,ATAM.NS,Atam Valves Limited,EQ,INE09KD01013,2023-05-10,10.0,,false,false,false,false,false,false,false
ATGL,ATGL.NS,Adani Total Gas Limited,EQ,INE399L01023,2018-11-05,1.0,Oil Gas & Consumable Fuels,false,false,false,true,true,true,false
ATHERENERG,ATHERENERG.NS,Ather Energy Limited,EQ,INE0LEZ01016,2025-05-06,1.0,Automobile and Auto Components,false,false,false,false,true,false,true
ATL,ATL.NS,Allcargo Terminals Limited,EQ,INE0NN701020,2023-08-10,2.0,,false,false,false,false,false,false,false
ATLANTAA,ATLANTAA.NS,ATLANTAA LIMITED,EQ,INE285H01022,2006-09-25,2.0,,false,false,false,false,false,false,false
ATLANTAELE,ATLANTAELE.NS,Atlanta Electricals Limited,EQ,INE0Z4F01028,2025-09-29,2.0,,false,false,false,false,false,false,false
ATLASCYCLE,ATLASCYCLE.NS,Atlas Cycles (Haryana) Limited,EQ,INE446A01025,1996-10-23,5.0,,false,false,false,false,false,false,false
ATUL,ATUL.NS,Atul Limited,EQ,INE100A01010,1998-05-06,10.0,Chemicals,false,false,false,false,true,false,true
ATULAUTO,ATULAUTO.NS,Atul Auto Limited,EQ,INE951D01028,2013-06-26,5.0,,false,false,false,false,false,false,false
AUBANK,AUBANK.NS,AU Small Finance Bank Limited,EQ,INE949L01017,2017-07-10,10.0,Financial Services,false,false,false,true,true,true,false
AURIONPRO,AURIONPRO.NS,Aurionpro Solutions Limited,EQ,INE132H01018,2005-10-25,10.0,,false,false,false,false,false,false,false
AUROPHARMA,AUROPHARMA.NS,Aurobindo Pharma Limited,EQ,INE406A01037,2000-07-19,1.0,Healthcare,false,false,false,true,true,true,false
AURUM,AURUM.NS,Aurum PropTech Limited,EQ,INE898S01029,2015-08-19,5.0,,false,false,false,false,false,false,false
AURUS,AURUS.NS,AURUS GEM CORPORATION LIMITED,EQ,INE142K01011,2013-11-05,10.0,,false,false,false,false,false,false,false
AUSOMENT,AUSOMENT.NS,Ausom Enterprise Limited,EQ,INE218C01016,1996-04-17,10.0,,false,false,false,false,false,false,false
AUSTENG,AUSTENG.NS,Austin Engineering Company  Limited,EQ,INE759F01012,2026-08-17,10.0,,false,false,false,false,false,false,false
AUTOAXLES,AUTOAXLES.NS,Automotive Axles Limited,EQ,INE449A01011,2003-05-29,10.0,,false,false,false,false,false,false,false
AUTOIND,AUTOIND.NS,Autoline Industries Limited,EQ,INE718H01014,2007-01-31,10.0,,false,false,false,false,false,false,false
AVADHSUGAR,AVADHSUGAR.NS,Avadh Sugar & Energy Limited,EQ,INE349W01017,2017-07-28,10.0,,false,false,false,false,false,false,false
AVALON,AVALON.NS,Avalon Technologies Limited,EQ,INE0LCL01028,2023-04-18,2.0,,false,false,false,false,false,false,false
AVANCE,AVANCE.NS,Avance Technologies Limited,EQ,INE758A01072,2026-08-17,1.0,,false,false,false,false,false,false,false
AVANTEL,AVANTEL.NS,Avantel Limited,EQ,INE005B01027,2024-07-31,2.0,,false,false,false,false,false,false,false
AVANTIFEED,AVANTIFEED.NS,Avanti Feeds Limited,EQ,INE871C01038,2015-04-15,1.0,,false,false,false,false,false,false,false
AVG,AVG.NS,AVG Logistics Limited,BE,INE680Z01018,2023-05-12,10.0,,false,false,false,false,false,false,false
AVL,AVL.NS,Aditya Vision Limited,EQ,INE679V01027,2024-11-06,1.0,,false,false,false,false,false,false,false
AVONMORE,AVONMORE.NS,Avonmore Capital & Management Services Limited,EQ,INE323B01024,2023-01-04,1.0,,false,false,false,false,false,false,false
AVROIND,AVROIND.NS,AVRO INDIA LIMITED,EQ,INE652Z01025,2022-04-07,1.0,,false,false,false,false,false,false,false
AVTNPL,AVTNPL.NS,AVT Natural Products Limited,EQ,INE488D01021,2007-01-10,1.0,,false,false,false,false,false,false,false
AWFIS,AWFIS.NS,Awfis Space Solutions Limited,EQ,INE108V01019,2024-05-30,10.0,,false,false,false,false,false,false,false
AWHCL,AWHCL.NS,Antony Waste Handling Cell Limited,EQ,INE01BK01022,2021-01-01,5.0,,false,false,false,false,false,false,false
AWL,AWL.NS,AWL Agri Business Limited,EQ,INE699H01024,2022-02-08,1.0,Fast Moving Consumer Goods,false,false,false,false,true,true,false
AXISBANK,AXISBANK.NS,Axis Bank Limited,EQ,INE238A01034,1998-11-16,2.0,Financial Services,true,false,true,true,true,false,false
AXISCADES,AXISCADES.NS,AXISCADES Technologies Limited,EQ,INE555B01013,2000-12-21,5.0,,false,false,false,false,false,false,false
AXITA,AXITA.NS,Axita Cotton Limited,EQ,INE02EZ01022,2022-06-21,1.0,,false,false,false,false,false,false,false
AXTEL,AXTEL.NS,Axtel Industries Limited,EQ,INE767C01012,2026-08-17,10.0,,false,false,false,false,false,false,false
AYE,AYE.NS,Aye Finance Limited,EQ,INE501X01029,2026-02-16,2.0,,false,false,false,false,false,false,false
AYMSYNTEX,AYMSYNTEX.NS,AYM Syntex Limited,EQ,INE193B01039,2015-08-14,10.0,,false,false,false,false,false,false,false
AZAD,AZAD.NS,Azad Engineering Limited,EQ,INE02IJ01035,2023-12-28,2.0,,false,false,false,false,false,false,false
AZADIND,AZADIND.NS,Azad India Mobility Limited,EQ,INE566M01017,2026-08-17,10.0,,false,false,false,false,false,false,false
BAFNAPH,BAFNAPH.NS,Bafna Pharmaceuticals Limited,BE,INE878I01022,2020-02-27,10.0,,false,false,false,false,false,false,false
BAGFILMS,BAGFILMS.NS,B.A.G Films and Media Limited,EQ,INE116D01028,2003-10-17,2.0,,false,false,false,false,false,false,false
BAIDFIN,BAIDFIN.NS,Baid Finserv Limited,EQ,INE020D01022,2023-01-20,2.0,,false,false,false,false,false,false,false
BAJAJ-AUTO,BAJAJ-AUTO.NS,Bajaj Auto Limited,EQ,INE917I01010,2008-05-26,10.0,Automobile and Auto Components,true,false,true,true,true,false,false
BAJAJCON,BAJAJCON.NS,Bajaj Consumer Care Limited,EQ,INE933K01021,2010-08-18,1.0,,false,false,false,false,false,false,false
BAJAJELEC,BAJAJELEC.NS,Bajaj Electricals Limited,EQ,INE193E01025,2007-11-02,2.0,,false,false,false,false,false,false,false
BAJAJFINSV,BAJAJFINSV.NS,Bajaj Finserv Limited,EQ,INE918I01026,2008-05-26,1.0,Financial Services,true,false,true,true,true,false,false
BAJAJHCARE,BAJAJHCARE.NS,Bajaj Healthcare Limited,EQ,INE411U01027,2021-11-25,5.0,,false,false,false,false,false,false,false
BAJAJHFL,BAJAJHFL.NS,Bajaj Housing Finance Limited,EQ,INE377Y01014,2024-09-16,10.0,Financial Services,false,false,false,false,true,true,false
BAJAJHIND,BAJAJHIND.NS,Bajaj Hindusthan Sugar Limited,EQ,INE306A01021,1995-05-10,1.0,,false,false,false,false,false,false,false
BAJAJHLDNG,BAJAJHLDNG.NS,Bajaj Holdings & Investment Limited,EQ,INE118A01012,1995-03-15,10.0,Financial Services,false,true,true,true,true,false,false
BAJAJINDEF,BAJAJINDEF.NS,Indef Manufacturing Limited,EQ,INE0O9T01021,2025-02-21,1.0,,false,false,false,false,false,false,false
BAJAJST,BAJAJST.NS,Bajaj Steel Industries Limited,EQ,INE704G01024,2026-04-20,5.0,,false,false,false,false,false,false,false
BAJEL,BAJEL.NS,Bajel Projects Limited,EQ,INE0KQN01018,2023-12-19,2.0,,false,false,false,false,false,false,false
BAJFINANCE,BAJFINANCE.NS,Bajaj Finance Limited,EQ,INE296A01032,2003-04-01,1.0,Financial Services,true,false,true,true,true,false,false
BALAJEE,BALAJEE.NS,Shree Tirupati Balajee Agro Trading Company Limited,EQ,INE0S2G01011,2024-09-12,10.0,,false,false,false,false,false,false,false
BALAJITELE,BALAJITELE.NS,Balaji Telefilms Limited,EQ,INE794B01026,2000-11-22,2.0,,false,false,false,false,false,false,false
BALAMINES,BALAMINES.NS,Balaji Amines Limited,EQ,INE050E01027,2007-04-05,2.0,,false,false,false,false,false,false,false
BALAXI,BALAXI.NS,BALAXI PHARMACEUTICALS LIMITED,EQ,INE618N01022,2015-11-30,2.0,,false,false,false,false,false,false,false
BALKRISHNA,BALKRISHNA.NS,Balkrishna Paper Mills Limited,EQ,INE875R01011,2015-07-28,10.0,,false,false,false,false,false,false,false
BALKRISIND,BALKRISIND.NS,Balkrishna Industries Limited,EQ,INE787D01026,2006-01-27,2.0,Automobile and Auto Components,false,false,false,false,true,true,false
BALMLAWRIE,BALMLAWRIE.NS,Balmer Lawrie & Company Limited,EQ,INE164A01016,1995-07-06,10.0,,false,false,false,false,false,false,false
BALPHARMA,BALPHARMA.NS,Bal Pharma Limited,EQ,INE083D01012,2006-05-08,10.0,,false,false,false,false,false,false,false
BALRAMCHIN,BALRAMCHIN.NS,Balrampur Chini Mills Limited,EQ,INE119A01028,1995-02-08,1.0,Fast Moving Consumer Goods,false,false,false,false,true,false,true
BALUFORGE,BALUFORGE.NS,Balu Forge Industries Limited,EQ,INE011E01029,2024-04-29,10.0,,false,false,false,false,false,false,false
BANARBEADS,BANARBEADS.NS,Banaras Beads Limited,EQ,INE655B01011,1995-07-07,10.0,,false,false,false,false,false,false,false
BANARISUG,BANARISUG.NS,Bannari Amman Sugars Limited,EQ,INE459A01010,2003-05-28,10.0,,false,false,false,false,false,false,false
BANCOINDIA,BANCOINDIA.NS,Banco Products (I) Limited,EQ,INE213C01025,2006-12-22,2.0,,false,false,false,false,false,false,false
BANDHANBNK,BANDHANBNK.NS,Bandhan Bank Limited,EQ,INE545U01014,2018-03-27,10.0,Financial Services,false,false,false,false,true,false,true
BANG,BANG.NS,Bang Overseas Limited,EQ,INE863I01016,2008-02-20,10.0,,false,false,false,false,false,false,false
BANKA,BANKA.NS,Banka BioLoo Limited,EQ,INE862Y01015,2020-10-29,10.0,,false,false,false,false,false,false,false
BANKBARODA,BANKBARODA.NS,Bank of Baroda,EQ,INE028A01039,1997-02-19,2.0,Financial Services,false,true,true,true,true,false,false
BANKINDIA,BANKINDIA.NS,Bank of India,EQ,INE084A01016,1997-04-30,10.0,Financial Services,false,false,false,true,true,true,false
BANSALWIRE,BANSALWIRE.NS,Bansal Wire Industries Limited,EQ,INE0B9K01025,2024-07-10,5.0,,false,false,false,false,false,false,false
BANSWRAS,BANSWRAS.NS,Banswara Syntex Limited,EQ,INE629D01020,2007-04-11,5.0,,false,false,false,false,false,false,false
BASF,BASF.NS,BASF India Limited,EQ,INE373A01013,1995-05-17,10.0,,false,false,false,false,false,false,false
BASML,BASML.NS,Bannari Amman Spinning Mills Limited,BE,INE186H01022,2005-11-14,5.0,,false,false,false,false,false,false,false
BATAINDIA,BATAINDIA.NS,Bata India Limited,EQ,INE176A01028,2003-06-18,5.0,Consumer Durables,false,false,false,false,true,false,true
BATLIBOI,BATLIBOI.NS,Batliboi Limited,EQ,INE177C01022,2026-04-20,5.0,,false,false,false,false,false,false,false
BAYERCROP,BAYERCROP.NS,Bayer Cropscience Limited,EQ,INE462A01022,2010-01-08,10.0,Chemicals,false,false,false,false,true,false,true
BBL,BBL.NS,Bharat Bijlee Limited,EQ,INE464A01036,2006-11-21,5.0,,false,false,false,false,false,false,false
BBOX,BBOX.NS,Black Box Limited,EQ,INE676A01027,2003-07-22,2.0,,false,false,false,false,false,false,false
BBTC,BBTC.NS,The Bombay Burmah Trading Corporation Limited,EQ,INE050A01025,1996-04-03,2.0,Fast Moving Consumer Goods,false,false,false,false,true,false,true
BBTCL,BBTCL.NS,B&B Triplewall Containers Limited,EQ,INE01EE01011,2022-11-23,10.0,,false,false,false,false,false,false,false
BCG,BCG.NS,Brightcom Group Limited,EQ,INE425B01027,2015-05-08,2.0,,false,false,false,false,false,false,false
BCLIND,BCLIND.NS,Bcl Industries Limited,EQ,INE412G01024,2021-03-04,1.0,,false,false,false,false,false,false,false
BCONCEPTS,BCONCEPTS.NS,Brand Concepts Limited,EQ,INE977Y01011,2022-01-11,10.0,,false,false,false,false,false,false,false
BCPL,BCPL.NS,BCPL Railway Infrastructure Limited,EQ,INE00SW01015,2026-03-27,10.0,,false,false,false,false,false,false,false
BDL,BDL.NS,Bharat Dynamics Limited,EQ,INE171Z01026,2018-03-23,5.0,Capital Goods,false,false,false,true,true,true,false
BEARDSELL,BEARDSELL.NS,Beardsell Limited,EQ,INE520H01022,2015-01-13,2.0,,false,false,false,false,false,false,false
BECTORFOOD,BECTORFOOD.NS,Mrs. Bectors Food Specialities Limited,EQ,INE495P01020,2020-12-24,2.0,,false,false,false,false,false,false,false
BEDMUTHA,BEDMUTHA.NS,Bedmutha Industries Limited,EQ,INE844K01012,2010-10-14,10.0,,false,false,false,false,false,false,false
BEEKAY,BEEKAY.NS,Beekay Steel Industries Limited,EQ,INE213D01015,2026-04-20,10.0,,false,false,false,false,false,false,false
BEL,BEL.NS,Bharat Electronics Limited,EQ,INE263A01024,2000-07-19,1.0,Capital Goods,true,false,true,true,true,false,false
BELLACASA,BELLACASA.NS,Bella Casa Fashion & Retail Limited,EQ,INE344T01014,2025-07-18,10.0,,false,false,false,false,false,false,false
BELRISE,BELRISE.NS,Belrise Industries Limited,EQ,INE894V01022,2025-05-28,5.0,Automobile and Auto Components,false,false,false,false,true,false,true
BEML,BEML.NS,BEML Limited,EQ,INE258A01024,2003-11-05,5.0,Capital Goods,false,false,false,false,true,false,true
BENARAS,BENARAS.NS,Benares Hotels Limited,EQ,INE664D01019,2026-08-17,10.0,,false,false,false,false,false,false,false
BENGALASM,BENGALASM.NS,Bengal & Assam Company Limited,EQ,INE083K01017,2026-04-20,10.0,,false,false,false,false,false,false,false
BEPL,BEPL.NS,Bhansali Engineering Polymers Limited,EQ,INE922A01025,2005-03-21,1.0,,false,false,false,false,false,false,false
BERGEPAINT,BERGEPAINT.NS,Berger Paints (I) Limited,EQ,INE463A01038,1999-11-24,1.0,Consumer Durables,false,false,false,false,true,true,false
BESTAGRO,BESTAGRO.NS,Best Agrolife Limited,EQ,INE052T01021,2024-04-10,1.0,,false,false,false,false,false,false,false
BETA,BETA.NS,Beta Drugs Limited,EQ,INE351Y01019,2025-11-24,10.0,,false,false,false,false,false,false,false
BFINVEST,BFINVEST.NS,BF Investment Limited,EQ,INE878K01010,2011-01-14,5.0,,false,false,false,false,false,false,false
BFUTILITIE,BFUTILITIE.NS,BF Utilities Limited,EQ,INE243D01012,2007-05-03,5.0,,false,false,false,false,false,false,false
BGRENERGY,BGRENERGY.NS,BGR Energy Systems Limited,BE,INE661I01014,2008-01-03,10.0,,false,false,false,false,false,false,false
BHAGCHEM,BHAGCHEM.NS,Bhagiradha Chemicals & Industries Limited,EQ,INE414D01027,2021-10-18,1.0,,false,false,false,false,false,false,false
BHAGERIA,BHAGERIA.NS,Bhageria Industries Limited,BE,INE354C01027,2016-03-02,5.0,,false,false,false,false,false,false,false
BHAGYANGR,BHAGYANGR.NS,Bhagyanagar India Limited,EQ,INE458B01036,2017-05-17,2.0,,false,false,false,false,false,false,false
BHANDARI,BHANDARI.NS,Bhandari Hosiery Exports Limited,EQ,INE474E01029,2017-01-30,1.0,,false,false,false,false,false,false,false
BHARATCOAL,BHARATCOAL.NS,Bharat Coking Coal Limited,EQ,INE05XR01022,2026-01-19,10.0,,false,false,false,false,false,false,false
BHARATFORG,BHARATFORG.NS,Bharat Forge Limited,EQ,INE465A01025,2003-04-04,2.0,Automobile and Auto Components,false,false,false,true,true,true,false
BHARATGEAR,BHARATGEAR.NS,Bharat Gears Limited,BE,INE561C01019,1996-04-03,10.0,,false,false,false,false,false,false,false
BHARATRAS,BHARATRAS.NS,Bharat Rasayan Limited,EQ,INE838B01021,1995-10-11,5.0,,false,false,false,false,false,false,false
BHARATSE,BHARATSE.NS,Bharat Seats Limited,EQ,INE415D01024,2025-03-24,2.0,,false,false,false,false,false,false,false
BHARATWIRE,BHARATWIRE.NS,Bharat Wire Ropes Limited,EQ,INE316L01019,2016-04-01,10.0,,false,false,false,false,false,false,false
BHARTIARTL,BHARTIARTL.NS,Bharti Airtel Limited,EQ,INE397D01024,2002-02-15,5.0,Telecommunication,true,false,true,true,true,false,false
BHARTIHEXA,BHARTIHEXA.NS,Bharti Hexacom Limited,EQ,INE343G01021,2024-04-12,5.0,Telecommunication,false,false,false,false,true,true,false
BHEL,BHEL.NS,Bharat Heavy Electricals Limited,EQ,INE257A01026,2003-11-11,2.0,Capital Goods,false,false,false,true,true,true,false
BI,BI.NS,Bilcare Limited,BE,INE986A01012,2026-04-20,10.0,,false,false,false,false,false,false,false
BIGBLOC,BIGBLOC.NS,Bigbloc Construction Limited,EQ,INE412U01025,2016-09-02,2.0,,false,false,false,false,false,false,false
BIKAJI,BIKAJI.NS,Bikaji Foods International Limited,EQ,INE00E101023,2022-11-16,1.0,Fast Moving Consumer Goods,false,false,false,false,true,false,true
BIL,BIL.NS,Bhartiya International Limited,EQ,INE828A01016,2000-04-12,10.0,,false,false,false,false,false,false,false
BILVYAPAR,BILVYAPAR.NS,BIL VYAPAR LIMITED,BE,INE071A01013,2006-09-27,10.0,,false,false,false,false,false,false,false
BIMETAL,BIMETAL.NS,Bimetal Bearings Limited,EQ,INE469A01019,2026-04-20,10.0,,false,false,false,false,false,false,false
BIOCON,BIOCON.NS,Biocon Limited,EQ,INE376G01013,2004-04-07,5.0,Healthcare,false,false,false,true,true,true,false
BIOFILCHEM,BIOFILCHEM.NS,Biofil Chemicals & Pharmaceuticals Limited,EQ,INE829A01014,1996-06-12,10.0,,false,false,false,false,false,false,false
BIRLACABLE,BIRLACABLE.NS,Birla Cable Limited,BE,INE800A01015,1995-12-06,10.0,,false,false,false,false,false,false,false
BIRLACORPN,BIRLACORPN.NS,Birla Corporation Limited,EQ,INE340A01012,1995-04-12,10.0,,false,false,false,false,false,false,false
BIRLAMONEY,BIRLAMONEY.NS,Aditya Birla Money Limited,EQ,INE865C01022,2008-02-07,1.0,,false,false,false,false,false,false,false
BIRLANU,BIRLANU.NS,BirlaNu Limited,EQ,INE557A01011,1995-04-26,10.0,,false,false,false,false,false,false,false
BIRLAPREC,BIRLAPREC.NS,Birla Precision Technologies Limited,EQ,INE372E01025,2026-04-20,2.0,,false,false,false,false,false,false,false
BLACKBUCK,BLACKBUCK.NS,BLACKBUCK LIMITED,EQ,INE0UIZ01018,2024-11-22,1.0,,false,false,false,false,false,false,false
BLACKROSE,BLACKROSE.NS,Black Rose Inds. Limited,BE,INE761G01016,2026-04-20,1.0,,false,false,false,false,false,false,false
BLAL,BLAL.NS,BEML Land Assets Limited,EQ,INE0N7W01012,2023-04-19,10.0,,false,false,false,false,false,false,false
BLBLIMITED,BLBLIMITED.NS,BLB Limited,EQ,INE791A01024,2000-05-31,1.0,,false,false,false,false,false,false,false
BLEL,BLEL.NS,Behari Lal Engineering Limited,EQ,INE1EEM01017,2026-08-19,10.0,,false,false,false,false,false,false,false
BLIL,BLIL.NS,Balmer Lawrie Investments Limited,EQ,INE525F01025,2026-04-20,1.0,,false,false,false,false,false,false,false
BLISSGVS,BLISSGVS.NS,Bliss GVS Pharma Limited,BE,INE416D01022,2010-07-26,1.0,,false,false,false,false,false,false,false
BLKASHYAP,BLKASHYAP.NS,B. L. Kashyap and Sons Limited,EQ,INE350H01032,2006-03-17,1.0,,false,false,false,false,false,false,false
BLS,BLS.NS,BLS International Services Limited,EQ,INE153T01027,2016-06-14,1.0,Consumer Services,false,false,false,false,true,false,true
BLSE,BLSE.NS,BLS E-Services Limited,EQ,INE0NLT01010,2024-02-06,10.0,,false,false,false,false,false,false,false
BLUECHIP,BLUECHIP.NS,Blue Chip India Limited,EQ,INE657B01025,1997-03-12,2.0,,false,false,false,false,false,false,false
BLUECLOUDS,BLUECLOUDS.NS,Blue Cloud Softech Solutions Limited,EQ,INE373T01047,2026-08-17,1.0,,false,false,false,false,false,false,false
BLUECOAST,BLUECOAST.NS,Blue Coast Hotels Limited,BE,INE472B01011,2000-02-16,10.0,,false,false,false,false,false,false,false
BLUEDART,BLUEDART.NS,Blue Dart Express Limited,EQ,INE233B01017,2002-12-12,10.0,Services,false,false,false,false,true,false,true
BLUEJET,BLUEJET.NS,Blue Jet Healthcare Limited,EQ,INE0KBH01020,2023-11-01,2.0,Healthcare,false,false,false,false,true,false,true
BLUESTARCO,BLUESTARCO.NS,Blue Star Limited,EQ,INE472A01039,2000-06-15,2.0,Consumer Durables,false,false,false,true,true,true,false
BLUESTONE,BLUESTONE.NS,BlueStone Jewellery and Lifestyle Limited,EQ,INE304W01038,2025-08-19,1.0,,false,false,false,false,false,false,false
BLUSPRING,BLUSPRING.NS,Bluspring Enterprises Limited,EQ,INE0U4101014,2025-06-11,10.0,,false,false,false,false,false,false,false
BMWVENTLTD,BMWVENTLTD.NS,BMW Ventures Limited,EQ,INE965W01036,2025-10-01,10.0,,false,false,false,false,false,false,false
BNAGROCHEM,BNAGROCHEM.NS,BN Agrochem Limited,EQ,INE00HZ01011,2026-04-20,10.0,,false,false,false,false,false,false,false
BNALTD,BNALTD.NS,B & A Limited,BE,INE489D01011,2026-04-20,10.0,,false,false,false,false,false,false,false
BODALCHEM,BODALCHEM.NS,Bodal Chemicals Limited,BE,INE338D01028,2011-08-22,2.0,,false,false,false,false,false,false,false
BOHRAIND,BOHRAIND.NS,Bohra Industries Limited,EQ,INE802W01023,2022-10-27,10.0,,false,false,false,false,false,false,false
BOMDYEING,BOMDYEING.NS,Bombay Dyeing & Mfg Company Limited,EQ,INE032A01023,1995-04-26,2.0,,false,false,false,false,false,false,false
BONLON,BONLON.NS,Bonlon Industries Limited,EQ,INE0B9A01018,2026-02-20,10.0,,false,false,false,false,false,false,false
BORANA,BORANA.NS,Borana Weaves Limited,EQ,INE16SF01016,2025-05-27,10.0,,false,false,false,false,false,false,false
BOROLTD,BOROLTD.NS,Borosil Limited,EQ,INE02PY01013,2020-07-22,1.0,,false,false,false,false,false,false,false
BORORENEW,BORORENEW.NS,BOROSIL RENEWABLES LIMITED,EQ,INE666D01022,2018-05-25,1.0,,false,false,false,false,false,false,false
BOROSCI,BOROSCI.NS,Borosil Scientific Limited,EQ,INE02L001032,2024-06-07,1.0,,false,false,false,false,false,false,false
BOSCH-HCIL,BOSCH-HCIL.NS,BOSCH HOME COMFORT INDIA LIMITED,EQ,INE782A01015,2000-01-03,10.0,,false,false,false,false,false,false,false
BOSCHLTD,BOSCHLTD.NS,Bosch Limited,EQ,INE323A01026,2003-05-12,10.0,Automobile and Auto Components,false,true,true,true,true,false,false
BPCL,BPCL.NS,Bharat Petroleum Corporation Limited,EQ,INE029A01011,1995-09-13,10.0,Oil Gas & Consumable Fuels,false,true,true,true,true,false,false
BPL,BPL.NS,BPL Limited,EQ,INE110A01019,1995-06-14,10.0,,false,false,false,false,false,false,false
BPLPHARMA,BPLPHARMA.NS,Bharat Parenterals Limited,EQ,INE365Y01019,2026-08-17,10.0,,false,false,false,false,false,false,false
BRAHMINFRA,BRAHMINFRA.NS,Brahmaputra Infrastructure Limited,EQ,INE320I01017,2026-08-17,10.0,,false,false,false,false,false,false,false
BRIGADE,BRIGADE.NS,Brigade Enterprises Limited,EQ,INE791I01019,2007-12-31,10.0,Realty,false,false,false,false,true,false,true
BRIGHOTEL,BRIGHOTEL.NS,Brigade Hotel Ventures Limited,EQ,INE03NU01014,2025-07-31,10.0,,false,false,false,false,false,false,false
BRIGHTBR,BRIGHTBR.NS,Bright Brothers Limited,EQ,INE630D01010,2026-08-17,10.0,,false,false,false,false,false,false,false
BRITANNIA,BRITANNIA.NS,Britannia Industries Limited,EQ,INE216A01030,1998-11-05,1.0,Fast Moving Consumer Goods,false,true,true,true,true,false,false
BRNL,BRNL.NS,Bharat Road Network Limited,EQ,INE727S01012,2017-09-18,10.0,,false,false,false,false,false,false,false
BROOKS,BROOKS.NS,Brooks Laboratories Limited,BE,INE650L01011,2011-09-05,10.0,,false,false,false,false,false,false,false
BSE,BSE.NS,BSE Limited,EQ,INE118H01025,2017-02-03,2.0,Financial Services,false,false,false,true,true,true,false
BSHSL,BSHSL.NS,Bombay Super Hybrid Seeds Limited,EQ,INE032Z01020,2020-10-28,1.0,,false,false,false,false,false,false,false
BSL,BSL.NS,BSL Limited,EQ,INE594B01012,1995-07-27,10.0,,false,false,false,false,false,false,false
BSOFT,BSOFT.NS,BIRLASOFT LIMITED,EQ,INE836A01035,1999-11-24,2.0,Information Technology,false,false,false,false,true,false,true
BTML,BTML.NS,Bodhi Tree Multimedia Limited,EQ,INE0EEJ01023,2023-02-15,1.0,,false,false,false,false,false,false,false
BTTL,BTTL.NS,Bhilwara Technical Textiles Limited,BE,INE274K01012,2026-04-20,1.0,,false,false,false,false,false,false,false
BUILDPRO,BUILDPRO.NS,Shankara Buildpro Limited,EQ,INE24OJ01011,2026-01-09,10.0,,false,false,false,false,false,false,false
BURNPUR,BURNPUR.NS,Burnpur Cement Limited,EQ,INE817H01022,2008-01-03,10.0,,false,false,false,false,false,false,false
BUTTERFLY,BUTTERFLY.NS,Butterfly Gandhimathi Appliances Limited,EQ,INE295F01017,2014-04-28,10.0,,false,false,false,false,false,false,false
BVCL,BVCL.NS,Barak Valley Cements Limited,EQ,INE139I01011,2007-11-23,10.0,,false,false,false,false,false,false,false
BYKE,BYKE.NS,The Byke Hospitality Ltd,BE,INE319B01014,2015-04-15,10.0,,false,false,false,false,false,false,false
CALSOFT,CALSOFT.NS,California Software Company Limited,EQ,INE526B01014,2000-06-28,10.0,,false,false,false,false,false,false,false
CAMLINFINE,CAMLINFINE.NS,Camlin Fine Sciences Limited,EQ,INE052I01032,2015-01-20,1.0,,false,false,false,false,false,false,false
CAMPUS,CAMPUS.NS,Campus Activewear Limited,EQ,INE278Y01022,2022-05-09,5.0,,false,false,false,false,false,false,false
CAMS,CAMS.NS,Computer Age Management Services Limited,EQ,INE596I01020,2021-05-07,2.0,Financial Services,false,false,false,false,true,false,true
CANBK,CANBK.NS,Canara Bank,EQ,INE476A01022,2002-12-23,2.0,Financial Services,false,true,true,true,true,false,false
CANFINHOME,CANFINHOME.NS,Can Fin Homes Limited,EQ,INE477A01020,1995-05-10,2.0,Financial Services,false,false,false,false,true,false,true
CANHLIFE,CANHLIFE.NS,Canara HSBC Life Insurance Company Limited,EQ,INE01TY01017,2025-10-17,10.0,Financial Services,false,false,false,false,true,false,true
CANTABIL,CANTABIL.NS,Cantabil Retail India Limited,EQ,INE068L01024,2010-10-12,2.0,,false,false,false,false,false,false,false
CAPACITE,CAPACITE.NS,Capacit'e Infraprojects Limited,EQ,INE264T01014,2017-09-25,10.0,,false,false,false,false,false,false,false
CAPILLARY,CAPILLARY.NS,Capillary Technologies India Limited,EQ,INE0ILV01024,2025-11-21,2.0,,false,false,false,false,false,false,false
CAPITALSFB,CAPITALSFB.NS,Capital Small Finance Bank Limited,EQ,INE646H01017,2024-02-14,10.0,,false,false,false,false,false,false,false
CAPLIPOINT,CAPLIPOINT.NS,Caplin Point Laboratories Limited,EQ,INE475E01026,2014-06-23,2.0,Healthcare,false,false,false,false,true,false,true
CAPTRUST,CAPTRUST.NS,Capital Trust Limited,BE,INE707C01018,2017-01-16,10.0,,false,false,false,false,false,false,false
CARBORUNIV,CARBORUNIV.NS,Carborundum Universal Limited,EQ,INE120A01034,1996-04-03,1.0,Capital Goods,false,false,false,false,true,false,true
CARERATING,CARERATING.NS,CARE Ratings Limited,EQ,INE752H01013,2012-12-26,10.0,,false,false,false,false,false,false,false
CARRARO,CARRARO.NS,Carraro India Limited,EQ,INE0V7W01012,2024-12-30,10.0,,false,false,false,false,false,false,false
CARTRADE,CARTRADE.NS,Cartrade Tech Limited,EQ,INE290S01011,2021-08-20,10.0,Consumer Services,false,false,false,false,true,false,true
CARYSIL,CARYSIL.NS,CARYSIL LIMITED,EQ,INE482D01024,2021-01-14,2.0,,false,false,false,false,false,false,false
CASTROLIND,CASTROLIND.NS,Castrol India Limited,EQ,INE172A01027,2014-03-14,5.0,Oil Gas & Consumable Fuels,false,false,false,false,true,false,true
CCAVENUE,CCAVENUE.NS,AvenuesAI Limited,EQ,INE483S01020,2016-04-04,1.0,,false,false,false,false,false,false,false
CCCL,CCCL.NS,Consolidated Construction Consortium Limited,EQ,INE429I01024,2007-10-15,2.0,,false,false,false,false,false,false,false
CCHHL,CCHHL.NS,Country Club Hospitality & Holidays Limited,EQ,INE652F01027,2015-02-03,2.0,,false,false,false,false,false,false,false
CCL,CCL.NS,CCL Products (India) Limited,EQ,INE421D01022,2004-06-07,2.0,Fast Moving Consumer Goods,false,false,false,false,true,false,true
CDSL,CDSL.NS,Central Depository Services (India) Limited,EQ,INE736A01011,2017-06-30,10.0,Financial Services,false,false,false,false,true,false,true
CEATLTD,CEATLTD.NS,CEAT Limited,EQ,INE482A01020,2008-02-01,10.0,Automobile and Auto Components,false,false,false,false,true,false,true
CEIGALL,CEIGALL.NS,Ceigall India Limited,EQ,INE0AG901020,2024-08-08,5.0,,false,false,false,false,false,false,false
CEINSYS,CEINSYS.NS,Ceinsys Tech Limited,EQ,INE016Q01014,2026-02-19,10.0,,false,false,false,false,false,false,false
CELEBRITY,CELEBRITY.NS,Celebrity Fashions Limited,EQ,INE185H01016,2006-01-12,10.0,,false,false,false,false,false,false,false
CELLO,CELLO.NS,Cello World Limited,EQ,INE0LMW01024,2023-11-06,5.0,,false,false,false,false,false,false,false
CEMPRO,CEMPRO.NS,Cemindia Projects Limited,EQ,INE686A01026,1999-02-10,1.0,Construction,false,false,false,false,true,false,true
CENTENKA,CENTENKA.NS,Century Enka Limited,EQ,INE485A01015,1995-05-10,10.0,,false,false,false,false,false,false,false
CENTEXT,CENTEXT.NS,Century Extrusions Limited,EQ,INE281A01026,2004-07-20,1.0,,false,false,false,false,false,false,false
CENTRALBK,CENTRALBK.NS,Central Bank of India,EQ,INE483A01010,2007-08-21,10.0,Financial Services,false,false,false,false,true,false,true
CENTRUM,CENTRUM.NS,Centrum Capital Limited,EQ,INE660C01027,2018-04-04,1.0,,false,false,false,false,false,false,false
CENTUM,CENTUM.NS,Centum Electronics Limited,EQ,INE320B01020,2007-10-05,10.0,,false,false,false,false,false,false,false
CENTURYPLY,CENTURYPLY.NS,Century Plyboards (India) Limited,EQ,INE348B01021,2006-03-23,1.0,,false,false,false,false,false,false,false
CERA,CERA.NS,Cera Sanitaryware Limited,EQ,INE739E01017,2007-11-02,5.0,,false,false,false,false,false,false,false
CEREBRAINT,CEREBRAINT.NS,Cerebra Integrated Technologies Limited,BZ,INE345B01019,2013-06-26,10.0,,false,false,false,false,false,false,false
CESC,CESC.NS,CESC Limited,EQ,INE486A01021,1995-02-08,1.0,Power,false,false,false,false,true,false,true
CEWATER,CEWATER.NS,Concord Enviro Systems Limited,EQ,INE037Z01029,2024-12-27,5.0,,false,false,false,false,false,false,false
CFEL,CFEL.NS,Confidence Futuristic Energetech Limited,EQ,INE700F01024,2026-08-17,5.0,,false,false,false,false,false,false,false
CGCL,CGCL.NS,Capri Global Capital Limited,EQ,INE180C01042,2010-10-29,1.0,Financial Services,false,false,false,false,true,false,true
CGPOWER,CGPOWER.NS,CG Power and Industrial Solutions Limited,EQ,INE067A01029,1995-03-01,2.0,Capital Goods,false,true,true,true,true,false,false
CGVAK,CGVAK.NS,CG Vak Software & Exports Limited,EQ,INE084D01010,2026-08-17,10.0,,false,false,false,false,false,false,false
CHALET,CHALET.NS,Chalet Hotels Limited,EQ,INE427F01016,2019-02-07,10.0,Consumer Services,false,false,false,false,true,false,true
CHAMBLFERT,CHAMBLFERT.NS,Chambal Fertilizers & Chemicals Limited,EQ,INE085A01013,1995-06-14,10.0,Chemicals,false,false,false,false,true,false,true
CHEMBOND,CHEMBOND.NS,Chembond Material Technologies Limited,EQ,INE995D01025,2019-11-20,5.0,,false,false,false,false,false,false,false
CHEMBONDCH,CHEMBONDCH.NS,Chembond Chemicals Limited,BE,INE0TGX01019,2025-07-23,5.0,,false,false,false,false,false,false,false
CHEMCON,CHEMCON.NS,Chemcon Speciality Chemicals Limited,BE,INE03YM01018,2020-10-01,10.0,,false,false,false,false,false,false,false
CHEMCRUX,CHEMCRUX.NS,Chemcrux Enterprises Limited,EQ,INE298W01016,2026-08-17,10.0,,false,false,false,false,false,false,false
CHEMFAB,CHEMFAB.NS,Chemfab Alkalis Limited,EQ,INE783X01023,2018-04-25,10.0,,false,false,false,false,false,false,false
CHEMPLASTS,CHEMPLASTS.NS,Chemplast Sanmar Limited,EQ,INE488A01050,2021-08-24,5.0,,false,false,false,false,false,false,false
CHENNPETRO,CHENNPETRO.NS,Chennai Petroleum Corporation Limited,EQ,INE178A01016,2000-06-07,10.0,Oil Gas & Consumable Fuels,false,false,false,false,true,false,true
CHEVIOT,CHEVIOT.NS,Cheviot Company Limited,EQ,INE974B01016,2022-06-20,10.0,,false,false,false,false,false,false,false
CHOICEIN,CHOICEIN.NS,Choice International Limited,EQ,INE102B01014,2022-04-08,10.0,Financial Services,false,false,false,false,true,false,true
CHOLAFIN,CHOLAFIN.NS,Cholamandalam Investment and Finance Company Limited,EQ,INE121A01024,1996-05-15,2.0,Financial Services,false,true,true,true,true,false,false
CHOLAHLDNG,CHOLAHLDNG.NS,Cholamandalam Financial Holdings Limited,EQ,INE149A01033,2017-09-25,1.0,Financial Services,false,false,false,false,true,false,true
CIEINDIA,CIEINDIA.NS,CIE Automotive India Limited,EQ,INE536H01010,2007-08-30,10.0,Automobile and Auto Components,false,false,false,false,true,false,true
CIFL,CIFL.NS,Capital India Finance Limited,EQ,INE345H01024,2025-04-17,2.0,,false,false,false,false,false,false,false
CINELINE,CINELINE.NS,Cineline India Limited,EQ,INE704H01022,2012-06-13,5.0,,false,false,false,false,false,false,false
CINEVISTA,CINEVISTA.NS,Cinevista Limited,EQ,INE039B01026,2000-05-02,2.0,,false,false,false,false,false,false,false
CIPLA,CIPLA.NS,Cipla Limited,EQ,INE059A01026,1995-02-08,2.0,Healthcare,true,false,true,true,true,false,false
CLCIND,CLCIND.NS,CLC Industries Limited,BE,INE376C01038,2006-12-20,10.0,,false,false,false,false,false,false,false
CLEAN,CLEAN.NS,Clean Science and Technology Limited,EQ,INE227W01023,2021-07-19,1.0,Chemicals,false,false,false,false,true,false,true
CLEANMAX,CLEANMAX.NS,Clean Max Enviro Energy Solutions Limited,EQ,INE647U01026,2026-03-02,1.0,,false,false,false,false,false,false,false
CLEDUCATE,CLEDUCATE.NS,CL Educate Limited,BE,INE201M01029,2017-03-31,5.0,,false,false,false,false,false,false,false
CLSEL,CLSEL.NS,Chaman Lal Setia Exports Limited,EQ,INE419D01026,2021-05-12,2.0,,false,false,false,false,false,false,false
CMLL,CMLL.NS,Caliber Mining and Logistics Limited,EQ,INE11XY01018,2026-07-24,10.0,,false,false,false,false,false,false,false
CMPDI,CMPDI.NS,Central Mine Planning & Design Institute Limited,EQ,INE05HV01027,2026-03-30,2.0,,false,false,false,false,false,false,false
CMRGREEN,CMRGREEN.NS,CMR Green Technologies Limited,EQ,INE00WV01027,2026-06-10,2.0,,false,false,false,false,false,false,false
CMSINFO,CMSINFO.NS,CMS Info Systems Limited,EQ,INE925R01014,2021-12-31,10.0,,false,false,false,false,false,false,false
CNL,CNL.NS,Creative Newtech Limited,EQ,INE985W01018,2019-08-05,10.0,,false,false,false,false,false,false,false
COALINDIA,COALINDIA.NS,Coal India Limited,EQ,INE522F01014,2010-11-04,10.0,Oil Gas & Consumable Fuels,true,false,true,true,true,false,false
COASTCORP,COASTCORP.NS,Coastal Corporation Limited,EQ,INE377E01024,2021-10-08,2.0,,false,false,false,false,false,false,false
COCHINSHIP,COCHINSHIP.NS,Cochin Shipyard Limited,EQ,INE704P01025,2017-08-11,5.0,Capital Goods,false,false,false,true,true,true,false
COCKERILL,COCKERILL.NS,John Cockerill India Limited,EQ,INE515A01019,2026-04-20,10.0,,false,false,false,false,false,false,false
COFFEEDAY,COFFEEDAY.NS,Coffee Day Enterprises Limited,BE,INE335K01011,2015-11-02,10.0,,false,false,false,false,false,false,false
COFORGE,COFORGE.NS,Coforge Limited,EQ,INE591G01025,2004-08-30,2.0,Information Technology,false,false,false,true,true,true,false
COHANCE,COHANCE.NS,Cohance Lifesciences Limited,EQ,INE03QK01018,2020-03-09,1.0,Healthcare,false,false,false,false,true,false,true
COLPAL,COLPAL.NS,Colgate Palmolive (India) Limited,EQ,INE259A01022,2007-12-17,1.0,Fast Moving Consumer Goods,false,false,false,true,true,true,false
COMFINTE,COMFINTE.NS,Comfort Intech Limited,EQ,INE819A01049,2026-04-20,1.0,,false,false,false,false,false,false,false
COMPEAU,COMPEAU.NS,Competent Automobiles Company Limited,EQ,INE823B01015,2026-08-17,10.0,,false,false,false,false,false,false,false
COMPINFO,COMPINFO.NS,Compuage Infocom Limited,BZ,INE070C01037,2016-07-07,2.0,,false,false,false,false,false,false,false
COMPUSOFT,COMPUSOFT.NS,Compucom Software Limited,EQ,INE453B01029,2012-03-02,2.0,,false,false,false,false,false,false,false
COMSYN,COMSYN.NS,Commercial Syn Bags Limited,EQ,INE073V01015,2024-01-23,10.0,,false,false,false,false,false,false,false
CONCOR,CONCOR.NS,Container Corporation of India Limited,EQ,INE111A01025,1997-05-07,5.0,Services,false,false,false,true,true,true,false
CONCORDBIO,CONCORDBIO.NS,Concord Biotech Limited,EQ,INE338H01029,2023-08-18,1.0,Healthcare,false,false,false,false,true,false,true
CONFIPET,CONFIPET.NS,Confidence Petroleum India Limited,EQ,INE552D01024,2019-06-13,1.0,,false,false,false,false,false,false,false
CONSOFINVT,CONSOFINVT.NS,Consolidated Finvest & Holdings Limited,BE,INE025A01027,2005-03-29,10.0,,false,false,false,false,false,false,false
CONTROLPR,CONTROLPR.NS,Control Print Limited,EQ,INE663B01015,2016-06-24,10.0,,false,false,false,false,false,false,false
CORALFINAC,CORALFINAC.NS,Coral India Finance & Housing Limited,EQ,INE558D01021,1996-03-25,2.0,,false,false,false,false,false,false,false
CORDELIA,CORDELIA.NS,Waterways Leisure Tourism Limited,EQ,INE0LZF01039,2026-07-01,1.0,,false,false,false,false,false,false,false
CORDSCABLE,CORDSCABLE.NS,Cords Cable Industries Limited,BE,INE792I01017,2008-02-13,10.0,,false,false,false,false,false,false,false
COROMANDEL,COROMANDEL.NS,Coromandel International Limited,EQ,INE169A01031,1995-05-31,1.0,Chemicals,false,false,false,true,true,true,false
CORONA,CORONA.NS,CORONA Remedies Limited,EQ,INE02ZQ01018,2025-12-15,10.0,,false,false,false,false,false,false,false
COSMOFIRST,COSMOFIRST.NS,COSMO FIRST LIMITED,EQ,INE757A01017,1995-05-25,10.0,,false,false,false,false,false,false,false
COUNCODOS,COUNCODOS.NS,Country Condo's Limited,BE,INE695B01025,2009-01-22,1.0,,false,false,false,false,false,false,false
CPCAP,CPCAP.NS,CP Capital Limited,EQ,INE521J01018,2010-10-06,10.0,,false,false,false,false,false,false,false
CPEDU,CPEDU.NS,Career Point Edutech Limited,EQ,INE0P6P01016,2025-09-05,10.0,,false,false,false,false,false,false,false
CPL,CPL.NS,Captain Polyplast Limited,EQ,INE536P01021,2026-07-23,2.0,,false,false,false,false,false,false,false
CPPLUS,CPPLUS.NS,Aditya Infotech Limited,EQ,INE819V01029,2025-08-05,1.0,Capital Goods,false,false,false,false,true,false,true
CRAFTSMAN,CRAFTSMAN.NS,Craftsman Automation Limited,EQ,INE00LO01017,2021-03-25,5.0,Automobile and Auto Components,false,false,false,false,true,false,true
CRAMC,CRAMC.NS,Canara Robeco Asset Management Company Limited,EQ,INE218I01013,2025-10-16,10.0,,false,false,false,false,false,false,false
CRAVATEX,CRAVATEX.NS,Cravatex Limited,EQ,INE145E01017,2026-08-17,10.0,,false,false,false,false,false,false,false
CREATIVEYE,CREATIVEYE.NS,Creative Eye Limited,EQ,INE230B01021,2000-12-20,5.0,,false,false,false,false,false,false,false
CREDITACC,CREDITACC.NS,CREDITACCESS GRAMEEN LIMITED,EQ,INE741K01010,2018-08-23,10.0,Financial Services,false,false,false,false,true,false,true
CREST,CREST.NS,Crest Ventures Limited,EQ,INE559D01011,2006-12-27,10.0,,false,false,false,false,false,false,false
CRISIL,CRISIL.NS,Crisil Limited,EQ,INE007A01025,1995-06-28,1.0,Financial Services,false,false,false,false,true,true,false
CRIZAC,CRIZAC.NS,Crizac Limited,EQ,INE0S4R01014,2025-07-09,2.0,,false,false,false,false,false,false,false
CROMPTON,CROMPTON.NS,Crompton Greaves Consumer Electricals Limited,EQ,INE299U01018,2016-05-13,2.0,Consumer Durables,false,false,false,false,true,false,true
CROWN,CROWN.NS,Crown Lifters Limited,EQ,INE491V01019,2022-02-08,10.0,,false,false,false,false,false,false,false
CRSL,CRSL.NS,Cressanda Railway Solutions Limited,BE,INE716D01033,2026-08-17,1.0,,false,false,false,false,false,false,false
CSBBANK,CSBBANK.NS,CSB Bank Limited,EQ,INE679A01013,2019-12-04,10.0,,false,false,false,false,false,false,false
CSLFINANCE,CSLFINANCE.NS,CSL Finance Limited,EQ,INE718F01018,2022-07-21,10.0,,false,false,false,false,false,false,false
CSM,CSM.NS,CSM Technologies Limited,EQ,INE0ZK601013,2026-07-02,10.0,,false,false,false,false,false,false,false
CTE,CTE.NS,Cambridge Technology Enterprises Limited,BE,INE627H01017,2007-02-07,10.0,,false,false,false,false,false,false,false
CUB,CUB.NS,City Union Bank Limited,EQ,INE491A01021,1998-08-25,1.0,Financial Services,false,false,false,false,true,false,true
CUBEXTUB,CUBEXTUB.NS,Cubex Tubings Limited,EQ,INE144D01012,1996-04-24,10.0,,false,false,false,false,false,false,false
CUMMINSIND,CUMMINSIND.NS,Cummins India Limited,EQ,INE298A01020,1995-03-29,2.0,Capital Goods,false,true,true,true,true,false,false
CUPID,CUPID.NS,Cupid Limited,EQ,INE509F01029,2016-09-16,1.0,,false,false,false,false,false,false,false
CURAA,CURAA.NS,Cura Technologies Limited,EQ,INE117B01020,2025-03-21,10.0,,false,false,false,false,false,false,false
CYBERMEDIA,CYBERMEDIA.NS,Cyber Media (India) Limited,EQ,INE278G01037,2005-06-10,10.0,,false,false,false,false,false,false,false
CYBERTECH,CYBERTECH.NS,Cybertech Systems And Software Limited,BE,INE214A01019,1999-01-27,10.0,,false,false,false,false,false,false,false
CYIENT,CYIENT.NS,Cyient Limited,EQ,INE136B01020,1998-09-30,5.0,Information Technology,false,false,false,false,true,false,true
CYIENTDLM,CYIENTDLM.NS,Cyient DLM Limited,EQ,INE055S01018,2023-07-10,10.0,,false,false,false,false,false,false,false
DABUR,DABUR.NS,Dabur India Limited,EQ,INE016A01026,1999-04-28,1.0,Fast Moving Consumer Goods,false,false,false,true,true,true,false
DAICHI,DAICHI.NS,Dai-Ichi Karkaria Limited,EQ,INE928C01010,2026-04-20,10.0,,false,false,false,false,false,false,false
DALBHARAT,DALBHARAT.NS,Dalmia Bharat Limited,EQ,INE00R701025,2019-01-22,2.0,Construction Materials,false,false,false,false,true,true,false
DALMIASUG,DALMIASUG.NS,Dalmia Bharat Sugar and Industries Limited,EQ,INE495A01022,1996-01-17,2.0,,false,false,false,false,false,false,false
DAMCAPITAL,DAMCAPITAL.NS,Dam Capital Advisors Limited,EQ,INE284H01025,2024-12-27,2.0,,false,false,false,false,false,false,false
DAMODARIND,DAMODARIND.NS,Damodar Industries Limited,BE,INE497D01022,2016-07-04,5.0,,false,false,false,false,false,false,false
DANGEE,DANGEE.NS,Dangee Dums Limited,EQ,INE688Y01022,2020-11-13,1.0,,false,false,false,false,false,false,false
DATAMATICS,DATAMATICS.NS,Datamatics Global Services Limited,EQ,INE365B01017,2004-05-07,5.0,,false,false,false,false,false,false,false
DATAPATTNS,DATAPATTNS.NS,Data Patterns (India) Limited,EQ,INE0IX101010,2021-12-24,2.0,Capital Goods,false,false,false,false,true,false,true
DAVANGERE,DAVANGERE.NS,Davangere Sugar Company Limited,EQ,INE179G01029,2024-01-25,1.0,,false,false,false,false,false,false,false
DBCORP,DBCORP.NS,D.B.Corp Limited,EQ,INE950I01011,2010-01-06,10.0,,false,false,false,false,false,false,false
DBEIL,DBEIL.NS,Deepak Builders & Engineers India Limited,BE,INE0OPA01027,2024-10-28,1.0,,false,false,false,false,false,false,false
DBL,DBL.NS,Dilip Buildcon Limited,EQ,INE917M01012,2016-08-11,10.0,,false,false,false,false,false,false,false
DBOL,DBOL.NS,Dhampur Bio Organics Limited,EQ,INE0I3401014,2022-09-08,10.0,,false,false,false,false,false,false,false
DBREALTY,DBREALTY.NS,Valor Estate Limited,EQ,INE879I01012,2010-02-24,10.0,,false,false,false,false,false,false,false
DBSTOCKBRO,DBSTOCKBRO.NS,DB (International) Stock Brokers Limited,BE,INE921B01025,2012-02-29,2.0,,false,false,false,false,false,false,false
DCAL,DCAL.NS,Dishman Carbogen Amcis Limited,EQ,INE385W01011,2017-09-21,2.0,,false,false,false,false,false,false,false
DCBBANK,DCBBANK.NS,DCB Bank Limited,EQ,INE503A01015,2006-10-27,10.0,,false,false,false,false,false,false,false
DCI,DCI.NS,Dc Infotech And Communication Limited,EQ,INE0A1101019,2022-10-19,10.0,,false,false,false,false,false,false,false
DCM,DCM.NS,DCM  Limited,BE,INE498A01018,1995-03-29,10.0,,false,false,false,false,false,false,false
DCMFINSERV,DCMFINSERV.NS,DCM Financial Services Limited,EQ,INE891B01012,1997-05-21,10.0,,false,false,false,false,false,false,false
DCMNVL,DCMNVL.NS,DCM Nouvelle Limited,EQ,INE08KP01019,2019-07-16,10.0,,false,false,false,false,false,false,false
DCMSHRIRAM,DCMSHRIRAM.NS,DCM Shriram Limited,EQ,INE499A01024,1995-04-12,2.0,Diversified,false,false,false,false,true,false,true
DCMSIL,DCMSIL.NS,DCM Shriram International Limited,EQ,INE0OU201013,2026-02-17,2.0,,false,false,false,false,false,false,false
DCMSRIND,DCMSRIND.NS,DCM Shriram Industries Limited,EQ,INE843D01027,2021-12-24,2.0,,false,false,false,false,false,false,false
DCW,DCW.NS,DCW Limited,EQ,INE500A01029,1995-05-25,2.0,,false,false,false,false,false,false,false
DCXINDIA,DCXINDIA.NS,DCX Systems Limited,EQ,INE0KL801015,2022-11-11,2.0,,false,false,false,false,false,false,false
DDEVPLSTIK,DDEVPLSTIK.NS,Ddev Plastiks Industries Limited,EQ,INE0HR601026,2025-01-15,1.0,,false,false,false,false,false,false,false
DECCANCE,DECCANCE.NS,Deccan Cements Limited,EQ,INE583C01021,2007-08-02,5.0,,false,false,false,false,false,false,false
DECNGOLD,DECNGOLD.NS,Deccan Gold Mines Limited,EQ,INE945F01025,2026-04-20,1.0,,false,false,false,false,false,false,false
DEEDEV,DEEDEV.NS,DEE Development Engineers Limited,EQ,INE841L01016,2024-06-26,10.0,,false,false,false,false,false,false,false
DEEP,DEEP.NS,Deep Polymers Limited,EQ,INE00IY01012,2026-08-17,10.0,,false,false,false,false,false,false,false
DEEPAKFERT,DEEPAKFERT.NS,Deepak Fertilizers and Petrochemicals Corporation Limited,EQ,INE501A01019,2003-01-17,10.0,Chemicals,false,false,false,false,true,false,true
DEEPAKNTR,DEEPAKNTR.NS,Deepak Nitrite Limited,EQ,INE288B01029,2010-09-29,2.0,Chemicals,false,false,false,false,true,false,true
DEEPINDS,DEEPINDS.NS,Deep Industries Limited,EQ,INE0FHS01024,2021-04-27,5.0,,false,false,false,false,false,false,false
DELHIVERY,DELHIVERY.NS,Delhivery Limited,EQ,INE148O01028,2022-05-24,1.0,Services,false,false,false,false,true,false,true
DELPHIFX,DELPHIFX.NS,DELPHI WORLD MONEY LIMITED,BE,INE726L01027,2011-06-28,2.0,,false,false,false,false,false,false,false
DELTACORP,DELTACORP.NS,Delta Corp Limited,EQ,INE124G01033,2007-11-02,1.0,,false,false,false,false,false,false,false
DELTAMAGNT,DELTAMAGNT.NS,Delta Manufacturing Limited,EQ,INE393A01011,1995-10-18,10.0,,false,false,false,false,false,false,false
DEN,DEN.NS,Den Networks Limited,EQ,INE947J01015,2009-11-24,10.0,,false,false,false,false,false,false,false
DENORA,DENORA.NS,De Nora India Limited,EQ,INE244A01016,1997-08-07,10.0,,false,false,false,false,false,false,false
DENTA,DENTA.NS,Denta Water and Infra Solutions Limited,EQ,INE0R4L01018,2025-01-29,10.0,,false,false,false,false,false,false,false
DEVIT,DEVIT.NS,Dev Information Technology Limited,EQ,INE060X01034,2022-02-15,2.0,,false,false,false,false,false,false,false
DEVX,DEVX.NS,Dev Accelerator Limited,EQ,INE0VOV01021,2025-09-17,2.0,,false,false,false,false,false,false,false
DEVYANI,DEVYANI.NS,Devyani International Limited,EQ,INE872J01023,2021-08-16,1.0,Consumer Services,false,false,false,false,true,false,true
DGCONTENT,DGCONTENT.NS,Digicontent Limited,EQ,INE03JI01017,2019-06-18,2.0,,false,false,false,false,false,false,false
DHABRIYA,DHABRIYA.NS,Dhabriya Polywood Limited,BE,INE260R01016,2026-08-17,10.0,,false,false,false,false,false,false,false
DHAMPURSUG,DHAMPURSUG.NS,Dhampur Sugar Mills Limited,EQ,INE041A01016,1995-03-29,10.0,,false,false,false,false,false,false,false
DHANBANK,DHANBANK.NS,Dhanlaxmi Bank Limited,EQ,INE680A01011,2004-04-01,10.0,,false,false,false,false,false,false,false
DHANUKA,DHANUKA.NS,Dhanuka Agritech Limited,EQ,INE435G01025,2011-06-29,2.0,,false,false,false,false,false,false,false
DHARAN,DHARAN.NS,DHARAN INFRA-EPC LIMITED,BZ,INE278R01034,2018-04-02,1.0,,false,false,false,false,false,false,false
DHARMAJ,DHARMAJ.NS,Dharmaj Crop Guard Limited,EQ,INE00OQ01016,2022-12-08,10.0,,false,false,false,false,false,false,false
DHATRE,DHATRE.NS,Dhatre Udyog Limited,EQ,INE715T01031,2026-08-17,1.0,,false,false,false,false,false,false,false
DHOOTTRANS,DHOOTTRANS.NS,Dhoot Transmission Limited,EQ,INE01NH01023,2026-08-17,2.0,,false,false,false,false,false,false,false
DHRUV,DHRUV.NS,Dhruv Consultancy Services Limited,EQ,INE506Z01015,2021-11-25,10.0,,false,false,false,false,false,false,false
DHUNINV,DHUNINV.NS,Dhunseri Investments Limited,EQ,INE320L01011,2011-03-18,10.0,,false,false,false,false,false,false,false
DIACABS,DIACABS.NS,Diamond Power Infrastructure Limited,BE,INE989C01038,2023-09-15,1.0,,false,false,false,false,false,false,false
DIAMINESQ,DIAMINESQ.NS,Diamines & Chemicals Limited,EQ,INE591D01014,2023-09-25,10.0,,false,false,false,false,false,false,false
DIAMONDYD,DIAMONDYD.NS,Prataap Snacks Limited,EQ,INE393P01035,2017-10-05,5.0,,false,false,false,false,false,false,false
DICIND,DICIND.NS,DIC India Limited,EQ,INE303A01010,1995-08-30,10.0,,false,false,false,false,false,false,false
DIFFNKG,DIFFNKG.NS,Diffusion Engineers Limited,EQ,INE184O01015,2024-10-04,10.0,,false,false,false,false,false,false,false
DIGIDRIVE,DIGIDRIVE.NS,Digidrive Distributors Limited,EQ,INE0PSC01024,2024-01-10,10.0,,false,false,false,false,false,false,false
DIGISPICE,DIGISPICE.NS,DiGiSPICE Technologies Limited,EQ,INE927C01020,2008-05-27,3.0,,false,false,false,false,false,false,false
DIGITIDE,DIGITIDE.NS,Digitide Solutions Limited,EQ,INE0U4701011,2025-06-11,10.0,,false,false,false,false,false,false,false
DIGJAMLMTD,DIGJAMLMTD.NS,Digjam Limited,EQ,INE731U01028,2021-10-18,10.0,,false,false,false,false,false,false,false
DISAQ,DISAQ.NS,Disa India Limited,EQ,INE131C01011,2026-04-20,10.0,,false,false,false,false,false,false,false
DISHTV,DISHTV.NS,Dish TV India Limited,EQ,INE836F01026,2007-04-18,1.0,,false,false,false,false,false,false,false
DIVGIITTS,DIVGIITTS.NS,Divgi Torqtransfer Systems Limited,EQ,INE753U01022,2023-03-14,5.0,,false,false,false,false,false,false,false
DIVISLAB,DIVISLAB.NS,Divi's Laboratories Limited,EQ,INE361B01024,2003-03-12,2.0,Healthcare,false,true,true,true,true,false,false
DIXON,DIXON.NS,Dixon Technologies (India) Limited,EQ,INE935N01020,2017-09-18,2.0,Consumer Durables,false,false,false,true,true,true,false
DJML,DJML.NS,DJ Mediaprint & Logistics Limited,EQ,INE0B1K01014,2022-12-05,10.0,,false,false,false,false,false,false,false
DLF,DLF.NS,DLF Limited,EQ,INE271C01023,2007-07-05,2.0,Realty,false,true,true,true,true,false,false
DLINKINDIA,DLINKINDIA.NS,D-Link (India) Limited,EQ,INE250K01012,2009-12-18,2.0,,false,false,false,false,false,false,false
DMART,DMART.NS,Avenue Supermarts Limited,EQ,INE192R01011,2017-03-21,10.0,Consumer Services,false,true,true,true,true,false,false
DMCC,DMCC.NS,DMCC SPECIALITY CHEMICALS LIMITED,EQ,INE505A01010,2021-12-01,10.0,,false,false,false,false,false,false,false
DNAMEDIA,DNAMEDIA.NS,Diligent Media Corporation Limited,EQ,INE016M01021,2017-12-11,1.0,,false,false,false,false,false,false,false
DODLA,DODLA.NS,Dodla Dairy Limited,EQ,INE021O01019,2021-06-28,10.0,,false,false,false,false,false,false,false
DOLATALGO,DOLATALGO.NS,Dolat Algotech Limited,EQ,INE966A01022,2024-01-12,1.0,,false,false,false,false,false,false,false
DOLLAR,DOLLAR.NS,Dollar Industries Limited,EQ,INE325C01035,2017-04-21,2.0,,false,false,false,false,false,false,false
DOLPHIN,DOLPHIN.NS,Dolphin Offshore Enterprises (India) Limited,EQ,INE920A01037,2023-08-21,1.0,,false,false,false,false,false,false,false
DOMS,DOMS.NS,DOMS Industries Limited,EQ,INE321T01012,2023-12-20,10.0,Fast Moving Consumer Goods,false,false,false,false,true,false,true
DONEAR,DONEAR.NS,Donear Industries Limited,EQ,INE668D01028,2006-12-20,2.0,,false,false,false,false,false,false,false
DPABHUSHAN,DPABHUSHAN.NS,D. P. Abhushan Limited,EQ,INE266Y01019,2020-11-03,10.0,,false,false,false,false,false,false,false
DPSCLTD,DPSCLTD.NS,DPSC Limited,BE,INE360C01024,2008-04-21,1.0,,false,false,false,false,false,false,false
DPWIRES,DPWIRES.NS,D P Wires Limited,BE,INE864X01013,2020-01-17,10.0,,false,false,false,false,false,false,false
DRAGARWQ,DRAGARWQ.NS,Dr Agarwals Eye Hospital Limited,EQ,INE934C01018,2026-04-20,10.0,,false,false,false,false,false,false,false
DRCSYSTEMS,DRCSYSTEMS.NS,DRC Systems India Limited,EQ,INE03RS01027,2021-03-10,1.0,,false,false,false,false,false,false,false
DREAMFOLKS,DREAMFOLKS.NS,Dreamfolks Services Limited,EQ,INE0JS101016,2022-09-06,2.0,,false,false,false,false,false,false,false
DREDGECORP,DREDGECORP.NS,Dredging Corporation of India Limited,EQ,INE506A01018,2004-01-15,10.0,,false,false,false,false,false,false,false
DRREDDY,DRREDDY.NS,Dr. Reddy's Laboratories Limited,EQ,INE089A01031,2003-05-30,1.0,Healthcare,true,false,true,true,true,false,false
DSFCL,DSFCL.NS,DCM Shriram Fine Chemicals Limited,BE,INE0OFM01015,2026-02-17,2.0,,false,false,false,false,false,false,false
DSKULKARNI,DSKULKARNI.NS,DS Kulkarni Developers Limited,BE,INE891A01022,1995-02-08,10.0,,false,false,false,false,false,false,false
DSSL,DSSL.NS,Dynacons Systems & Solutions Limited,EQ,INE417B01040,2011-12-01,10.0,,false,false,false,false,false,false,false
DTIL,DTIL.NS,Dhunseri Tea & Industries Limited,EQ,INE341R01014,2015-01-20,10.0,,false,false,false,false,false,false,false
DUCON,DUCON.NS,Ducon Infratechnologies Limited,EQ,INE741L01018,2012-10-09,1.0,,false,false,false,false,false,false,false
DVL,DVL.NS,Dhunseri Ventures Limited,EQ,INE477B01010,2008-01-11,10.0,,false,false,false,false,false,false,false
DWARKESH,DWARKESH.NS,Dwarikesh Sugar Industries Limited,EQ,INE366A01041,2004-12-31,1.0,,false,false,false,false,false,false,false
DYCL,DYCL.NS,Dynamic Cables Limited,EQ,INE600Y01019,2022-07-27,10.0,,false,false,false,false,false,false,false
DYNAMATECH,DYNAMATECH.NS,Dynamatic Technologies Limited,EQ,INE221B01012,2006-09-14,10.0,,false,false,false,false,false,false,false
DYNPRO,DYNPRO.NS,Dynemic Products Limited,EQ,INE256H01015,2017-07-19,10.0,,false,false,false,false,false,false,false
E2E,E2E.NS,E2E Networks Limited,BE,INE255Z01027,2022-04-12,1.0,,false,false,false,false,false,false,false
EASEMYTRIP,EASEMYTRIP.NS,Easy Trip Planners Limited,EQ,INE07O001026,2021-03-19,1.0,,false,false,false,false,false,false,false
EASTSILK,EASTSILK.NS,Eastern Silk Industries Limited,BE,INE962C01035,1996-07-03,2.0,,false,false,false,false,false,false,false
EASTWEST,EASTWEST.NS,East West Freight Carriers Limited,EQ,INE595R01023,2026-08-17,2.0,,false,false,false,false,false,false,false
EBGNG,EBGNG.NS,GNG Electronics Limited,EQ,INE18JU01028,2025-07-30,2.0,,false,false,false,false,false,false,false
EBIX,EBIX.NS,EBIX Limited,EQ,INE432F01032,2026-08-17,1.0,,false,false,false,false,false,false,false
ECLERX,ECLERX.NS,eClerx Services Limited,EQ,INE738I01010,2007-12-31,10.0,Services,false,false,false,false,true,false,true
ECORECO,ECORECO.NS,Eco Recycling Limited,EQ,INE316A01038,2026-08-17,10.0,,false,false,false,false,false,false,false
ECOSMOBLTY,ECOSMOBLTY.NS,Ecos (India) Mobility & Hospitality Limited,BE,INE06HJ01020,2024-09-04,2.0,,false,false,false,false,false,false,false
EDELWEISS,EDELWEISS.NS,Edelweiss Financial Services Limited,EQ,INE532F01054,2007-12-12,1.0,,false,false,false,false,false,false,false
EFCIL,EFCIL.NS,EFC (I) Limited,EQ,INE886D01026,2025-08-20,2.0,,false,false,false,false,false,false,false
EICHERMOT,EICHERMOT.NS,Eicher Motors Limited,EQ,INE066A01021,2004-09-07,1.0,Automobile and Auto Components,true,false,true,true,true,false,false
EIDPARRY,EIDPARRY.NS,EID Parry India Limited,EQ,INE126A01031,1995-05-10,1.0,Fast Moving Consumer Goods,false,false,false,false,true,false,true
EIEL,EIEL.NS,Enviro Infra Engineers Limited,EQ,INE0LLY01014,2024-11-29,10.0,,false,false,false,false,false,false,false
EIFFL,EIFFL.NS,Euro India Fresh Foods Limited,BE,INE546V01010,2021-10-12,10.0,,false,false,false,false,false,false,false
EIHAHOTELS,EIHAHOTELS.NS,EIH Associated Hotels Limited,EQ,INE276C01014,2008-04-08,10.0,,false,false,false,false,false,false,false
EIHOTEL,EIHOTEL.NS,EIH Limited,EQ,INE230A01023,1995-02-08,2.0,Consumer Services,false,false,false,false,true,false,true
EIMCOELECO,EIMCOELECO.NS,Eimco Elecon (India) Limited,EQ,INE158B01016,1996-04-17,10.0,,false,false,false,false,false,false,false
EKC,EKC.NS,Everest Kanto Cylinder Limited,EQ,INE184H01027,2005-12-15,2.0,,false,false,false,false,false,false,false
EKI,EKI.NS,EKI Energy Services Limited,EQ,INE0CPR01018,2026-08-17,10.0,,false,false,false,false,false,false,false
ELANTAS,ELANTAS.NS,Elantas Beck India Limited,EQ,INE280B01018,2026-04-20,10.0,,false,false,false,false,false,false,false
ELCIDIN,ELCIDIN.NS,EL CID Investments Limited,EQ,INE927X01018,2026-04-20,10.0,,false,false,false,false,false,false,false
ELDEHSG,ELDEHSG.NS,Eldeco Housing And Industries Limited,EQ,INE668G01021,2022-04-12,2.0,,false,false,false,false,false,false,false
ELECON,ELECON.NS,Elecon Engineering Company Limited,EQ,INE205B01031,2006-09-29,1.0,Capital Goods,false,false,false,false,true,false,true
ELECTCAST,ELECTCAST.NS,Electrosteel Castings Limited,EQ,INE086A01029,2003-06-20,1.0,,false,false,false,false,false,false,false
ELECTHERM,ELECTHERM.NS,Electrotherm (India) Limited,EQ,INE822G01016,2007-08-20,10.0,,false,false,false,false,false,false,false
ELGIEQUIP,ELGIEQUIP.NS,Elgi Equipments Limited,EQ,INE285A01027,1995-11-22,1.0,Capital Goods,false,false,false,false,true,false,true
ELGIRUBCO,ELGIRUBCO.NS,Elgi Rubber Company Limited,EQ,INE819L01012,2011-08-10,1.0,,false,false,false,false,false,false,false
ELIN,ELIN.NS,Elin Electronics Limited,EQ,INE050401020,2022-12-30,5.0,,false,false,false,false,false,false,false
ELITECON,ELITECON.NS,Elitecon International Limited,EQ,INE669R01026,2026-04-20,1.0,,false,false,false,false,false,false,false
ELLEN,ELLEN.NS,Ellenbarrie Industrial Gases Limited,EQ,INE236E01022,2025-07-01,2.0,,false,false,false,false,false,false,false
ELPROINTL,ELPROINTL.NS,Elpro International Limited,EQ,INE579B01039,2026-04-20,1.0,,false,false,false,false,false,false,false
EMAMILTD,EMAMILTD.NS,Emami Limited,EQ,INE548C01032,2006-08-03,1.0,Fast Moving Consumer Goods,false,false,false,false,true,false,true
EMAMIPAP,EMAMIPAP.NS,Emami Paper Mills Limited,BE,INE830C01026,2019-05-30,2.0,,false,false,false,false,false,false,false
EMAMIREAL,EMAMIREAL.NS,Emami Realty Limited,EQ,INE778K01012,2010-07-28,2.0,,false,false,false,false,false,false,false
EMBDL,EMBDL.NS,Embassy Developments Limited,EQ,INE069I01010,2007-03-23,2.0,,false,false,false,false,false,false,false
EMCURE,EMCURE.NS,Emcure Pharmaceuticals Limited,EQ,INE168P01015,2024-07-10,10.0,Healthcare,false,false,false,false,true,false,true
EMIL,EMIL.NS,Electronics Mart India Limited,EQ,INE02YR01019,2022-10-17,10.0,,false,false,false,false,false,false,false
EMKAY,EMKAY.NS,Emkay Global Financial Services Limited,EQ,INE296H01011,2006-04-28,10.0,,false,false,false,false,false,false,false
EMMBI,EMMBI.NS,Emmbi Industries Limited,BE,INE753K01015,2010-02-24,10.0,,false,false,false,false,false,false,false
EMMVEE,EMMVEE.NS,Emmvee Photovoltaic Power Limited,EQ,INE1C6T01020,2025-11-18,2.0,Capital Goods,false,false,false,false,true,false,true
EMPIND,EMPIND.NS,Empire Industries Limited,EQ,INE515H01014,2026-08-17,10.0,,false,false,false,false,false,false,false
EMPOWER,EMPOWER.NS,Empower India Limited,EQ,INE507F01023,2026-04-20,1.0,,false,false,false,false,false,false,false
EMSLIMITED,EMSLIMITED.NS,EMS Limited,EQ,INE0OV601013,2023-09-21,10.0,,false,false,false,false,false,false,false
EMUDHRA,EMUDHRA.NS,eMudhra Limited,EQ,INE01QM01018,2022-06-01,5.0,,false,false,false,false,false,false,false
ENDURANCE,ENDURANCE.NS,Endurance Technologies Limited,EQ,INE913H01037,2016-10-19,10.0,Automobile and Auto Components,false,false,false,false,true,true,false
ENERGYDEV,ENERGYDEV.NS,Energy Development Company Limited,EQ,INE306C01019,2007-11-02,10.0,,false,false,false,false,false,false,false
ENGINERSIN,ENGINERSIN.NS,Engineers India Limited,EQ,INE510A01028,1997-08-20,5.0,Construction,false,false,false,false,true,false,true
ENIL,ENIL.NS,Entertainment Network (India) Limited,EQ,INE265F01028,2006-02-15,10.0,,false,false,false,false,false,false,false
ENKEIWHEL,ENKEIWHEL.NS,Enkei Wheels (India) Limited,EQ,INE130L01014,2026-08-17,5.0,,false,false,false,false,false,false,false
ENRIN,ENRIN.NS,Siemens Energy India Limited,EQ,INE1NPP01017,2025-06-19,2.0,Capital Goods,false,true,true,true,true,false,false
ENTERO,ENTERO.NS,Entero Healthcare Solutions Limited,EQ,INE010601016,2024-02-16,10.0,,false,false,false,false,false,false,false
EPACK,EPACK.NS,EPACK Durable Limited,EQ,INE0G5901015,2024-01-30,10.0,,false,false,false,false,false,false,false
EPACKPEB,EPACKPEB.NS,EPack Prefab Technologies Limited,EQ,INE0MLS01022,2025-10-01,2.0,,false,false,false,false,false,false,false
EPIGRAL,EPIGRAL.NS,Epigral Limited,EQ,INE071N01016,2021-08-18,10.0,,false,false,false,false,false,false,false
EPL,EPL.NS,EPL Limited,EQ,INE255A01020,2002-02-11,2.0,,false,false,false,false,false,false,false
EQUIPPP,EQUIPPP.NS,Equippp Social Impact Technologies Limited,BE,INE217G01035,2021-05-19,1.0,,false,false,false,false,false,false,false
EQUITASBNK,EQUITASBNK.NS,Equitas Small Finance Bank Limited,EQ,INE063P01018,2020-11-02,10.0,,false,false,false,false,false,false,false
ERIS,ERIS.NS,Eris Lifesciences Limited,EQ,INE406M01024,2017-06-29,1.0,Healthcare,false,false,false,false,true,false,true
ESABINDIA,ESABINDIA.NS,Esab India Limited,EQ,INE284A01012,1995-11-01,10.0,,false,false,false,false,false,false,false
ESAFSFB,ESAFSFB.NS,ESAF Small Finance Bank Limited,BE,INE818W01011,2023-11-10,10.0,,false,false,false,false,false,false,false
ESCORTS,ESCORTS.NS,Escorts Kubota Limited,EQ,INE042A01014,1995-03-01,10.0,Capital Goods,false,false,false,false,true,true,false
ESSARSHPNG,ESSARSHPNG.NS,Essar Shipping Limited,EQ,INE122M01019,2011-11-15,10.0,,false,false,false,false,false,false,false
ESSENTIA,ESSENTIA.NS,Integra Essentia Limited,EQ,INE418N01035,2013-08-20,1.0,,false,false,false,false,false,false,false
ESTER,ESTER.NS,Ester Industries Limited,EQ,INE778B01029,2011-06-20,5.0,,false,false,false,false,false,false,false
ETERNAL,ETERNAL.NS,ETERNAL LIMITED,EQ,INE758T01015,2021-07-23,1.0,Consumer Services,true,false,true,true,true,false,false
ETHOSLTD,ETHOSLTD.NS,Ethos Limited,EQ,INE04TZ01018,2022-05-30,10.0,,false,false,false,false,false,false,false
EUREKAFORB,EUREKAFORB.NS,Eureka Forbes Limited,EQ,INE0KCE01017,2024-09-11,10.0,,false,false,false,false,false,false,false
EUROBOND,EUROBOND.NS,Euro Panel Products Limited,EQ,INE505V01016,2025-08-01,10.0,,false,false,false,false,false,false,false
EUROPRATIK,EUROPRATIK.NS,Euro Pratik Sales Limited,EQ,INE198501012,2025-09-23,1.0,,false,false,false,false,false,false,false
EUROTEXIND,EUROTEXIND.NS,Eurotex Industries and Exports Limited,BE,INE022C01012,1996-01-31,10.0,,false,false,false,false,false,false,false
EVEREADY,EVEREADY.NS,Eveready Industries India Limited,EQ,INE128A01029,2005-04-27,5.0,,false,false,false,false,false,false,false
EVERESTIND,EVERESTIND.NS,Everest Industries Limited,BE,INE295A01018,1995-03-29,10.0,,false,false,false,false,false,false,false
EXCELINDUS,EXCELINDUS.NS,Excel Industries Limited,EQ,INE369A01029,2004-06-16,5.0,,false,false,false,false,false,false,false
EXCELSOFT,EXCELSOFT.NS,Excelsoft Technologies Limited,EQ,INE606N01019,2025-11-26,10.0,,false,false,false,false,false,false,false
EXICOM,EXICOM.NS,Exicom Tele-Systems Limited,EQ,INE777F01014,2024-03-05,10.0,,false,false,false,false,false,false,false
EXIDEIND,EXIDEIND.NS,Exide Industries Limited,EQ,INE302A01020,2003-06-17,1.0,Automobile and Auto Components,false,false,false,true,true,true,false
EXPLEOSOL,EXPLEOSOL.NS,Expleo Solutions Limited,EQ,INE201K01015,2009-10-26,10.0,,false,false,false,false,false,false,false
EXXARO,EXXARO.NS,Exxaro Tiles Limited,EQ,INE0GFE01026,2021-08-16,1.0,,false,false,false,false,false,false,false
FABTECH,FABTECH.NS,Fabtech Technologies Limited,EQ,INE0HF201011,2025-10-07,10.0,,false,false,false,false,false,false,false
FACT,FACT.NS,Fertilizers and Chemicals Travancore Limited,EQ,INE188A01015,1995-04-12,10.0,Chemicals,false,false,false,false,true,false,true
FAIRCHEMOR,FAIRCHEMOR.NS,Fairchem Organics Limited,BE,INE0DNW01011,2020-12-24,10.0,,false,false,false,false,false,false,false
FAZE3Q,FAZE3Q.NS,Faze Three Limited,EQ,INE963C01033,2022-11-18,10.0,,false,false,false,false,false,false,false
FCL,FCL.NS,Fineotex Chemical Limited,EQ,INE045J01034,2015-01-15,1.0,,false,false,false,false,false,false,false
FCSSOFT,FCSSOFT.NS,FCS Software Solutions Limited,EQ,INE512B01022,2005-09-21,1.0,,false,false,false,false,false,false,false
FDC,FDC.NS,FDC Limited,EQ,INE258B01022,1997-08-07,1.0,,false,false,false,false,false,false,false
FEDDERSHOL,FEDDERSHOL.NS,Fedders Holding Limited,EQ,INE417D01020,2026-04-20,1.0,,false,false,false,false,false,false,false
FEDERALBNK,FEDERALBNK.NS,The Federal Bank  Limited,EQ,INE171A01029,1995-02-08,2.0,Financial Services,false,false,false,true,true,true,false
FEDFINA,FEDFINA.NS,Fedbank Financial Services Limited,EQ,INE007N01010,2023-11-30,10.0,,false,false,false,false,false,false,false
FEL,FEL.NS,Future Enterprises Limited,BZ,INE623B01027,2001-11-05,2.0,,false,false,false,false,false,false,false
FELDVR,FELDVR.NS,Future Enterprises Limited,BZ,IN9623B01058,2009-02-13,2.0,,false,false,false,false,false,false,false
FERMENTA,FERMENTA.NS,Fermenta Biotech Limited,EQ,INE225B01021,2026-08-04,5.0,,false,false,false,false,false,false,false
FIBERWEB,FIBERWEB.NS,Fiberweb (India) Limited,EQ,INE296C01020,2022-02-16,10.0,,false,false,false,false,false,false,false
FIEMIND,FIEMIND.NS,Fiem Industries Limited,EQ,INE737H01014,2006-10-19,10.0,,false,false,false,false,false,false,false
FILATEX,FILATEX.NS,Filatex India Limited,EQ,INE816B01035,2011-08-29,1.0,,false,false,false,false,false,false,false
FILATFASH,FILATFASH.NS,Filatex Fashions Limited,EQ,INE185E01021,2024-05-06,1.0,,false,false,false,false,false,false,false
FINCABLES,FINCABLES.NS,Finolex Cables Limited,EQ,INE235A01022,1995-02-15,2.0,Capital Goods,false,false,false,false,true,false,true
FINEORG,FINEORG.NS,Fine Organic Industries Limited,EQ,INE686Y01026,2018-07-02,5.0,,false,false,false,false,false,false,false
FINKURVE,FINKURVE.NS,Finkurve Financial Services Limited,EQ,INE734I01027,2025-10-01,1.0,,false,false,false,false,false,false,false
FINOPB,FINOPB.NS,Fino Payments Bank Limited,EQ,INE02NC01014,2021-11-12,10.0,,false,false,false,false,false,false,false
FINPIPE,FINPIPE.NS,Finolex Industries Limited,EQ,INE183A01024,1995-02-08,2.0,,false,false,false,false,false,false,false
FIRSTCRY,FIRSTCRY.NS,Brainbees Solutions Limited,EQ,INE02RE01045,2024-08-13,2.0,Consumer Services,false,false,false,false,true,false,true
FISCHER,FISCHER.NS,Fischer Medical Ventures Limited,EQ,INE771F01041,2025-07-10,1.0,,false,false,false,false,false,false,false
FIVESTAR,FIVESTAR.NS,Five-Star Business Finance Limited,EQ,INE128S01021,2022-11-21,1.0,Financial Services,false,false,false,false,true,false,true
FLAIR,FLAIR.NS,Flair Writing Industries Limited,EQ,INE00Y201027,2023-12-01,5.0,,false,false,false,false,false,false,false
FLEXITUFF,FLEXITUFF.NS,Flexituff Ventures International Limited,BE,INE060J01017,2011-10-19,10.0,,false,false,false,false,false,false,false
FLFL,FLFL.NS,Future Lifestyle Fashions Limited,BZ,INE452O01016,2013-10-01,2.0,,false,false,false,false,false,false,false
FLUOROCHEM,FLUOROCHEM.NS,Gujarat Fluorochemicals Limited,EQ,INE09N301011,2019-10-16,1.0,Chemicals,false,false,false,false,true,true,false
FMGOETZE,FMGOETZE.NS,Federal-Mogul Goetze (India) Limited.,EQ,INE529A01010,1995-02-08,10.0,,false,false,false,false,false,false,false
FMNL,FMNL.NS,Future Market Networks Limited,EQ,INE360L01017,2010-12-31,10.0,,false,false,false,false,false,false,false
FOCUS,FOCUS.NS,Focus Lighting and Fixtures Limited,BE,INE593W01028,2021-11-24,2.0,,false,false,false,false,false,false,false
FOODSIN,FOODSIN.NS,Foods & Inns Limited,EQ,INE976E01023,2021-11-16,1.0,,false,false,false,false,false,false,false
FORCEMOT,FORCEMOT.NS,FORCE MOTORS LTD,EQ,INE451A01017,2024-02-14,10.0,Automobile and Auto Components,false,false,false,false,true,false,true
FORTIS,FORTIS.NS,Fortis Healthcare Limited,EQ,INE061F01013,2007-05-09,10.0,Healthcare,false,false,false,true,true,true,false
FOSECOIND,FOSECOIND.NS,Foseco India Limited,EQ,INE519A01011,2003-05-05,10.0,,false,false,false,false,false,false,false
FRACTAL,FRACTAL.NS,Fractal Analytics Limited,EQ,INE212S01015,2026-02-16,1.0,,false,false,false,false,false,false,false
FREDUN,FREDUN.NS,Fredun Pharmaceuticals Limited,EQ,INE194R01017,2026-08-17,10.0,,false,false,false,false,false,false,false
FRONTSP,FRONTSP.NS,Frontier Springs Limited,EQ,INE572D01014,2026-04-20,10.0,,false,false,false,false,false,false,false
FSL,FSL.NS,Firstsource Solutions Limited,EQ,INE684F01012,2007-02-22,10.0,Services,false,false,false,false,true,false,true
FUSION,FUSION.NS,Fusion Finance Limited,EQ,INE139R01012,2022-11-15,10.0,,false,false,false,false,false,false,false
GABRIEL,GABRIEL.NS,Gabriel India Limited,EQ,INE524A01029,2005-04-20,1.0,Automobile and Auto Components,false,false,false,false,true,false,true
GAEL,GAEL.NS,Gujarat Ambuja Exports Limited,EQ,INE036B01030,2000-10-11,1.0,,false,false,false,false,false,false,false
GAIL,GAIL.NS,GAIL (India) Limited,EQ,INE129A01019,1997-04-02,10.0,Oil Gas & Consumable Fuels,false,true,true,true,true,false,false
GAJA,GAJA.NS,Gaja Alternative Asset Management Limited,EQ,INE18UN01038,2026-08-26,5.0,,false,false,false,false,false,false,false
GALAPREC,GALAPREC.NS,Gala Precision Engineering Limited,EQ,INE0RE001014,2024-09-09,10.0,,false,false,false,false,false,false,false
GALAXYSURF,GALAXYSURF.NS,Galaxy Surfactants Limited,EQ,INE600K01018,2018-02-08,10.0,,false,false,false,false,false,false,false
GALLANTT,GALLANTT.NS,Gallantt Ispat Limited,EQ,INE297H01019,2006-04-04,10.0,Capital Goods,false,false,false,false,true,false,true
GANDHAR,GANDHAR.NS,Gandhar Oil Refinery (India) Limited,EQ,INE717W01049,2023-11-30,2.0,,false,false,false,false,false,false,false
GANDHITUBE,GANDHITUBE.NS,Gandhi Special Tubes Limited,EQ,INE524B01027,2007-01-31,5.0,,false,false,false,false,false,false,false
GANECOS,GANECOS.NS,Ganesha Ecosphere Limited,EQ,INE845D01014,2015-03-09,10.0,,false,false,false,false,false,false,false
GANESHBE,GANESHBE.NS,Ganesh Benzoplast Limited,BE,INE388A01029,2021-09-16,1.0,,false,false,false,false,false,false,false
GANESHCP,GANESHCP.NS,Ganesh Consumer Products Limited,EQ,INE652V01016,2025-09-29,10.0,,false,false,false,false,false,false,false
GANESHHOU,GANESHHOU.NS,GANESH HOUSING LIMITED,EQ,INE460C01014,2007-03-02,10.0,,false,false,false,false,false,false,false
GANGAFORGE,GANGAFORGE.NS,Ganga Forging Limited,EQ,INE691Z01023,2021-07-06,1.0,,false,false,false,false,false,false,false
GANGESSECU,GANGESSECU.NS,Ganges Securities Limited,EQ,INE335W01016,2017-07-28,10.0,,false,false,false,false,false,false,false
GARFIBRES,GARFIBRES.NS,Garware Technical Fibres Limited,EQ,INE276A01018,2007-04-03,10.0,,false,false,false,false,false,false,false
GARUDA,GARUDA.NS,Garuda Construction and Engineering Limited,EQ,INE0JVO01026,2024-10-15,5.0,,false,false,false,false,false,false,false
GATECH,GATECH.NS,GACM Technologies Limited,BE,INE224E01028,2016-07-25,1.0,,false,false,false,false,false,false,false
GATECHDVR,GATECHDVR.NS,GACM Technologies Limited,BE,INE224E01036,2017-10-10,1.0,,false,false,false,false,false,false,false
GATEWAY,GATEWAY.NS,Gateway Distriparks Limited,EQ,INE079J01017,2022-03-22,10.0,,false,false,false,false,false,false,false
GAUDIUMIVF,GAUDIUMIVF.NS,Gaudium IVF and Women Health Limited,BE,INE0P8B01020,2026-02-27,5.0,,false,false,false,false,false,false,false
GAYAHWS,GAYAHWS.NS,Gayatri Highways Limited,EQ,INE287Z01012,2018-06-28,2.0,,false,false,false,false,false,false,false
GAYAPROJ,GAYAPROJ.NS,Gayatri Projects Limited,BE,INE336H01023,2011-08-22,2.0,,false,false,false,false,false,false,false
GCSL,GCSL.NS,Gretex Corporate Services Limited,EQ,INE199P01028,2025-09-04,10.0,,false,false,false,false,false,false,false
GEECEE,GEECEE.NS,GeeCee Ventures Limited,BE,INE916G01016,2006-10-04,10.0,,false,false,false,false,false,false,false
GEEKAYWIRE,GEEKAYWIRE.NS,Geekay Wires Limited,EQ,INE669X01032,2020-03-06,1.0,,false,false,false,false,false,false,false
GEMAROMA,GEMAROMA.NS,Gem Aromatics Limited,EQ,INE06XZ01023,2025-08-26,2.0,,false,false,false,false,false,false,false
GENCON,GENCON.NS,Generic Engineering Construction and Projects Limited,EQ,INE854S01022,2021-02-16,5.0,,false,false,false,false,false,false,false
GENESYS,GENESYS.NS,Genesys International Corporation Limited,EQ,INE727B01026,2003-01-23,5.0,,false,false,false,false,false,false,false
GENSOL,GENSOL.NS,Gensol Engineering Limited,BZ,INE06H201014,2023-07-03,10.0,,false,false,false,false,false,false,false
GENUSPAPER,GENUSPAPER.NS,Genus Paper & Boards Limited,EQ,INE949P01018,2015-02-16,1.0,,false,false,false,false,false,false,false
GENUSPOWER,GENUSPOWER.NS,Genus Power Infrastructures Limited,EQ,INE955D01029,2005-07-08,1.0,,false,false,false,false,false,false,false
GEOJITFSL,GEOJITFSL.NS,Geojit Financial Services Limited,EQ,INE007B01023,2005-07-01,1.0,,false,false,false,false,false,false,false
GESHIP,GESHIP.NS,The Great Eastern Shipping Company Limited,EQ,INE017A01032,2006-11-27,10.0,Services,false,false,false,false,true,false,true
GFLLIMITED,GFLLIMITED.NS,GFL Limited,EQ,INE538A01037,1995-05-25,1.0,,false,false,false,false,false,false,false
GHCL,GHCL.NS,GHCL Limited,EQ,INE539A01019,2003-07-31,10.0,,false,false,false,false,false,false,false
GHCLTEXTIL,GHCLTEXTIL.NS,GHCL Textiles Limited,EQ,INE0PA801013,2023-06-12,2.0,,false,false,false,false,false,false,false
GICHSGFIN,GICHSGFIN.NS,GIC Housing Finance Limited,EQ,INE289B01019,1996-05-08,10.0,,false,false,false,false,false,false,false
GICL,GICL.NS,Globe International Carriers Limited,EQ,INE947T01022,2026-02-18,5.0,,false,false,false,false,false,false,false
GICRE,GICRE.NS,General Insurance Corporation of India,EQ,INE481Y01014,2017-10-25,5.0,Financial Services,false,false,false,false,true,true,false
GILLANDERS,GILLANDERS.NS,Gillanders Arbuthnot & Company Limited,EQ,INE047B01011,2009-12-14,10.0,,false,false,false,false,false,false,false
GILLETTE,GILLETTE.NS,Gillette India Limited,EQ,INE322A01010,2003-07-30,10.0,Fast Moving Consumer Goods,false,false,false,false,true,false,true
GINNIFILA,GINNIFILA.NS,Ginni Filaments Limited,BE,INE424C01010,1995-05-10,10.0,,false,false,false,false,false,false,false
GIPCL,GIPCL.NS,Gujarat Industries Power Company Limited,EQ,INE162A01010,1995-02-08,10.0,,false,false,false,false,false,false,false
GKB,GKB.NS,GKB Ophthalmics Limited,EQ,INE265D01015,2026-08-17,10.0,,false,false,false,false,false,false,false
GKENERGY,GKENERGY.NS,GK Energy Limited,EQ,INE1AG301022,2025-09-26,2.0,,false,false,false,false,false,false,false
GKSL,GKSL.NS,Gujarat Kidney And Super Speciality Limited,EQ,INE0V0W01025,2025-12-30,2.0,,false,false,false,false,false,false,false
GKWLIMITED,GKWLIMITED.NS,GKW Limited,EQ,INE528A01020,2009-07-20,10.0,,false,false,false,false,false,false,false
GLAND,GLAND.NS,Gland Pharma Limited,EQ,INE068V01023,2020-11-20,1.0,Healthcare,false,false,false,false,true,false,true
GLAXO,GLAXO.NS,GlaxoSmithKline Pharmaceuticals Limited,EQ,INE159A01016,2000-12-15,10.0,Healthcare,false,false,false,false,true,true,false
GLENMARK,GLENMARK.NS,Glenmark Pharmaceuticals Limited,EQ,INE935A01035,2000-02-07,1.0,Healthcare,false,false,false,true,true,true,false
GLFL,GLFL.NS,Gujarat Lease Financing Limited,EQ,INE540A01017,1995-02-08,10.0,,false,false,false,false,false,false,false
GLOBAL,GLOBAL.NS,Global Education Limited,EQ,INE291W01037,2020-12-07,2.0,,false,false,false,false,false,false,false
GLOBALE,GLOBALE.NS,Globale Tessile Limited,EQ,INE0URU01010,2024-08-27,10.0,,false,false,false,false,false,false,false
GLOBALVECT,GLOBALVECT.NS,Global Vectra Helicorp Limited,EQ,INE792H01019,2006-10-27,10.0,,false,false,false,false,false,false,false
GLOBE,GLOBE.NS,GLOBE ENTERPRISES (INDIA) LIMITED,EQ,INE581X01021,2020-10-07,2.0,,false,false,false,false,false,false,false
GLOBECIVIL,GLOBECIVIL.NS,Globe Civil Projects Limited,EQ,INE0V3U01015,2025-07-01,10.0,,false,false,false,false,false,false,false
GLOBUSSPR,GLOBUSSPR.NS,Globus Spirits Limited,EQ,INE615I01010,2009-09-23,10.0,,false,false,false,false,false,false,false
GLOSTERLTD,GLOSTERLTD.NS,Gloster Limited,EQ,INE350Z01018,2024-04-26,10.0,,false,false,false,false,false,false,false
GLOTTIS,GLOTTIS.NS,Glottis Limited,EQ,INE0TQE01026,2025-10-07,2.0,,false,false,false,false,false,false,false
GMBREW,GMBREW.NS,GM Breweries Limited,EQ,INE075D01018,1995-08-23,10.0,,false,false,false,false,false,false,false
GMDCLTD,GMDCLTD.NS,Gujarat Mineral Development Corporation Limited,EQ,INE131A01031,1997-12-17,2.0,Metals & Mining,false,false,false,false,true,false,true
GMMPFAUDLR,GMMPFAUDLR.NS,GMM Pfaudler Limited,EQ,INE541A01023,2018-03-05,2.0,,false,false,false,false,false,false,false
GMRAIRPORT,GMRAIRPORT.NS,GMR AIRPORTS LIMITED,EQ,INE776C01039,2006-08-21,1.0,Services,false,false,false,true,true,true,false
GMRP&UI,GMRP&UI.NS,GMR Power and Urban Infra Limited,EQ,INE0CU601026,2022-03-23,5.0,,false,false,false,false,false,false,false
GNA,GNA.NS,GNA Axles Limited,EQ,INE934S01014,2016-09-26,10.0,,false,false,false,false,false,false,false
GNFC,GNFC.NS,Gujarat Narmada Valley Fertilizers and Chemicals Limited,EQ,INE113A01013,1995-05-17,10.0,,false,false,false,false,false,false,false
GNRL,GNRL.NS,Gujarat Natural Resources Limited,EQ,INE207H01018,2026-04-20,10.0,,false,false,false,false,false,false,false
GOACARBON,GOACARBON.NS,Goa Carbon Limited,EQ,INE426D01013,2007-06-05,10.0,,false,false,false,false,false,false,false
GOCLCORP,GOCLCORP.NS,GOCL Corporation Limited,EQ,INE077F01035,2014-06-26,2.0,,false,false,false,false,false,false,false
GOCOLORS,GOCOLORS.NS,Go Fashion (India) Limited,EQ,INE0BJS01011,2021-11-30,10.0,,false,false,false,false,false,false,false
GODAVARIB,GODAVARIB.NS,Godavari Biorefineries Limited,EQ,INE497S01012,2024-10-30,10.0,,false,false,false,false,false,false,false
GODFRYPHLP,GODFRYPHLP.NS,Godfrey Phillips India Limited,EQ,INE260B01028,1996-07-24,2.0,Fast Moving Consumer Goods,false,false,false,true,true,true,false
GODIGIT,GODIGIT.NS,Go Digit General Insurance Limited,EQ,INE03JT01014,2024-05-23,10.0,Financial Services,false,false,false,false,true,false,true
GODREJAGRO,GODREJAGRO.NS,Godrej Agrovet Limited,EQ,INE850D01014,2017-10-16,10.0,,false,false,false,false,false,false,false
GODREJCP,GODREJCP.NS,Godrej Consumer Products Limited,EQ,INE102D01028,2001-06-20,1.0,Fast Moving Consumer Goods,false,true,true,true,true,false,false
GODREJIND,GODREJIND.NS,Godrej Industries Limited,EQ,INE233A01035,2003-02-25,1.0,Diversified,false,false,false,false,true,true,false
GODREJPROP,GODREJPROP.NS,Godrej Properties Limited,EQ,INE484J01027,2010-01-05,5.0,Realty,false,false,false,true,true,true,false
GOKEX,GOKEX.NS,Gokaldas Exports Limited,EQ,INE887G01027,2005-04-27,5.0,,false,false,false,false,false,false,false
GOKUL,GOKUL.NS,Gokul Refoils and Solvent Limited,EQ,INE020J01029,2008-06-04,2.0,,false,false,false,false,false,false,false
GOKULAGRO,GOKULAGRO.NS,Gokul Agro Resources Limited,EQ,INE314T01033,2016-03-11,1.0,,false,false,false,false,false,false,false
GOLDENTOBC,GOLDENTOBC.NS,Golden Tobacco Limited,BZ,INE973A01010,1995-02-08,10.0,,false,false,false,false,false,false,false
GOLDIAM,GOLDIAM.NS,Goldiam International Limited,EQ,INE025B01025,2005-08-29,2.0,,false,false,false,false,false,false,false
GOLDTECH,GOLDTECH.NS,AION-TECH SOLUTIONS LIMITED,BE,INE805A01014,2001-04-11,10.0,,false,false,false,false,false,false,false
GOODLUCK,GOODLUCK.NS,Goodluck India Limited,EQ,INE127I01024,2015-01-08,2.0,,false,false,false,false,false,false,false
GOODYEAR,GOODYEAR.NS,Goodyear India Limited,EQ,INE533A01012,2026-04-20,10.0,,false,false,false,false,false,false,false
GOPAL,GOPAL.NS,Gopal Snacks Limited,EQ,INE0L9R01028,2024-03-14,1.0,,false,false,false,false,false,false,false
GOYALALUM,GOYALALUM.NS,Goyal Aluminiums Limited,EQ,INE705X01026,2022-11-04,1.0,,false,false,false,false,false,false,false
GPIL,GPIL.NS,Godawari Power And Ispat limited,EQ,INE177H01039,2006-04-25,1.0,Capital Goods,false,false,false,false,true,false,true
GPPL,GPPL.NS,Gujarat Pipavav Port Limited,EQ,INE517F01014,2010-09-09,10.0,,false,false,false,false,false,false,false
GPTHEALTH,GPTHEALTH.NS,GPT Healthcare Limited,EQ,INE486R01017,2024-02-29,10.0,,false,false,false,false,false,false,false
GPTINFRA,GPTINFRA.NS,GPT Infraprojects Limited,EQ,INE390G01014,2016-07-11,10.0,,false,false,false,false,false,false,false
GRADIENTE,GRADIENTE.NS,Gradiente Infotainment Limited,EQ,INE361K01017,2026-05-08,10.0,,false,false,false,false,false,false,false
GRANDOAK,GRANDOAK.NS,Grand Oak Canyons Distillery Limited,EQ,INE926B01016,2026-04-20,10.0,,false,false,false,false,false,false,false
GRANULES,GRANULES.NS,Granules India Limited,EQ,INE101D01020,2005-06-20,1.0,Healthcare,false,false,false,false,true,false,true
GRAPHITE,GRAPHITE.NS,Graphite India Limited,EQ,INE371A01025,2003-02-07,2.0,Capital Goods,false,false,false,false,true,false,true
GRASIM,GRASIM.NS,Grasim Industries Limited,EQ,INE047A01021,1995-05-10,2.0,Construction Materials,true,false,true,true,true,false,false
GRAUWEIL,GRAUWEIL.NS,Grauer & Weil India Limited,EQ,INE266D01021,2026-04-20,1.0,,false,false,false,false,false,false,false
GRAVISSHO,GRAVISSHO.NS,Graviss Hospitality Limited,EQ,INE214F01026,2026-04-20,2.0,,false,false,false,false,false,false,false
GRAVITA,GRAVITA.NS,Gravita India Limited,EQ,INE024L01027,2010-11-16,2.0,Metals & Mining,false,false,false,false,true,false,true
GREAVESCOT,GREAVESCOT.NS,Greaves Cotton Limited,EQ,INE224A01026,2004-09-09,2.0,,false,false,false,false,false,false,false
GREENLAM,GREENLAM.NS,Greenlam Industries Limited,EQ,INE544R01021,2015-03-02,1.0,,false,false,false,false,false,false,false
GREENPANEL,GREENPANEL.NS,Greenpanel Industries Limited,EQ,INE08ZM01014,2019-10-23,1.0,,false,false,false,false,false,false,false
GREENPLY,GREENPLY.NS,Greenply Industries Limited,EQ,INE461C01038,1996-03-06,1.0,,false,false,false,false,false,false,false
GREENPOWER,GREENPOWER.NS,Orient Green Power Company Limited,EQ,INE999K01014,2010-10-08,10.0,,false,false,false,false,false,false,false
GRINDWELL,GRINDWELL.NS,Grindwell Norton Limited,EQ,INE536A01023,2006-09-11,5.0,,false,false,false,false,false,false,false
GRINFRA,GRINFRA.NS,G R Infraprojects Limited,EQ,INE201P01022,2021-07-19,5.0,,false,false,false,false,false,false,false
GRMOVER,GRMOVER.NS,GRM Overseas Limited,EQ,INE192H01020,2022-09-07,2.0,,false,false,false,false,false,false,false
GROBTEA,GROBTEA.NS,The Grob Tea Company Limited,EQ,INE646C01018,2016-07-14,10.0,,false,false,false,false,false,false,false
GROWW,GROWW.NS,Billionbrains Garage Ventures Limited,EQ,INE0HOQ01053,2025-11-12,2.0,Financial Services,false,false,false,true,true,true,false
GRPLTD,GRPLTD.NS,GRP Limited,EQ,INE137I01015,2015-02-12,10.0,,false,false,false,false,false,false,false
GRSE,GRSE.NS,Garden Reach Shipbuilders & Engineers Limited,EQ,INE382Z01011,2018-10-10,10.0,Capital Goods,false,false,false,false,true,false,true
GRWRHITECH,GRWRHITECH.NS,Garware Hi-Tech Films Limited,EQ,INE291A01017,2022-02-03,10.0,,false,false,false,false,false,false,false
GSFC,GSFC.NS,Gujarat State Fertilizers & Chemicals Limited,EQ,INE026A01025,1995-09-06,2.0,,false,false,false,false,false,false,false
GSLSU,GSLSU.NS,Global Surfaces Limited,EQ,INE0JSX01015,2023-03-23,10.0,,false,false,false,false,false,false,false
GSPCROP,GSPCROP.NS,GSP Crop Science Limited,EQ,INE713R01022,2026-03-24,10.0,,false,false,false,false,false,false,false
GSS,GSS.NS,GSS Infotech Limited,EQ,INE871H01011,2008-03-07,10.0,,false,false,false,false,false,false,false
GTECJAINX,GTECJAINX.NS,G-TEC JAINX EDUCATION LIMITED,BE,INE586X01012,2020-11-13,10.0,,false,false,false,false,false,false,false
GTL,GTL.NS,GTL Limited,EQ,INE043A01012,1995-03-29,10.0,,false,false,false,false,false,false,false
GTLINFRA,GTLINFRA.NS,GTL Infrastructure Limited,EQ,INE221H01019,2006-11-09,10.0,,false,false,false,false,false,false,false
GTPL,GTPL.NS,GTPL Hathway Limited,EQ,INE869I01013,2017-07-04,10.0,,false,false,false,false,false,false,false
GUFICBIO,GUFICBIO.NS,Gufic Biosciences Limited,EQ,INE742B01025,2004-10-19,1.0,,false,false,false,false,false,false,false
GUJALKALI,GUJALKALI.NS,Gujarat Alkalies and Chemicals Limited,EQ,INE186A01019,1997-08-07,10.0,,false,false,false,false,false,false,false
GUJAPOLLO,GUJAPOLLO.NS,Gujarat Apollo Industries Limited,EQ,INE826C01016,2007-06-04,10.0,,false,false,false,false,false,false,false
GUJENERGY,GUJENERGY.NS,GUJARAT ENERGY LIMITED,EQ,INE844O01030,2015-09-15,2.0,,false,false,false,false,false,false,false
GUJRAFFIA,GUJRAFFIA.NS,Gujarat Raffia Industries Limited,EQ,INE610B01024,1996-10-09,10.0,,false,false,false,false,false,false,false
GUJTHEM,GUJTHEM.NS,Gujarat Themis Biosyn Limited,EQ,INE942C01045,2025-02-25,1.0,,false,false,false,false,false,false,false
GULFOILLUB,GULFOILLUB.NS,Gulf Oil Lubricants India Limited,EQ,INE635Q01029,2014-07-31,2.0,,false,false,false,false,false,false,false
GULFPETRO,GULFPETRO.NS,GP Petroleums Limited,BE,INE586G01017,2004-09-24,5.0,,false,false,false,false,false,false,false
GULPOLY,GULPOLY.NS,Gulshan Polyols Limited,EQ,INE255D01024,2015-01-28,1.0,,false,false,false,false,false,false,false
GVKPIL,GVKPIL.NS,GVK Power & Infrastructure Limited,BE,INE251H01024,2006-02-27,1.0,,false,false,false,false,false,false,false
GVPIL,GVPIL.NS,GE Power India Limited,EQ,INE878A01011,2000-04-19,10.0,,false,false,false,false,false,false,false
GVPTECH,GVPTECH.NS,GVP Infotech Limited,EQ,INE382T01030,2022-09-06,2.0,,false,false,false,false,false,false,false
GVT&D,GVT&D.NS,GE Vernova T&D India Limited,EQ,INE200A01026,2008-06-30,2.0,Capital Goods,false,false,false,true,true,true,false
GYFTR,GYFTR.NS,Gyftr Limited,EQ,INE724A01017,2026-07-10,10.0,,false,false,false,false,false,false,false
HAL,HAL.NS,Hindustan Aeronautics Limited,EQ,INE066F01020,2018-03-28,5.0,Capital Goods,false,true,true,true,true,false,false
HALDER,HALDER.NS,Halder Venture Limited,EQ,INE115S01010,2026-01-19,10.0,,false,false,false,false,false,false,false
HALDYNGL,HALDYNGL.NS,Haldyn Glass Limited,BE,INE506D01020,2026-04-20,1.0,,false,false,false,false,false,false,false
HALEOSLABS,HALEOSLABS.NS,HALEOS LABS LIMITED,EQ,INE320X01016,2017-08-17,10.0,,false,false,false,false,false,false,false
HAMPTON,HAMPTON.NS,Hampton Sky Realty Limited,EQ,INE299D01022,2026-08-17,1.0,,false,false,false,false,false,false,false
HAPPSTMNDS,HAPPSTMNDS.NS,Happiest Minds Technologies Limited,EQ,INE419U01012,2020-09-17,2.0,,false,false,false,false,false,false,false
HAPPYFORGE,HAPPYFORGE.NS,Happy Forgings Limited,EQ,INE330T01021,2023-12-27,2.0,,false,false,false,false,false,false,false
HARDWYN,HARDWYN.NS,Hardwyn India Limited,EQ,INE626Z01029,2022-04-12,1.0,,false,false,false,false,false,false,false
HARIOMPIPE,HARIOMPIPE.NS,Hariom Pipe Industries Limited,EQ,INE00EV01017,2022-04-13,10.0,,false,false,false,false,false,false,false
HARRMALAYA,HARRMALAYA.NS,Harrisons  Malayalam Limited,EQ,INE544A01019,1995-02-08,10.0,,false,false,false,false,false,false,false
HARSHA,HARSHA.NS,Harsha Engineers International Limited,EQ,INE0JUS01029,2022-09-26,10.0,,false,false,false,false,false,false,false
HATHWAY,HATHWAY.NS,Hathway Cable & Datacom Limited,EQ,INE982F01036,2010-02-25,2.0,,false,false,false,false,false,false,false
HATSUN,HATSUN.NS,Hatsun Agro Product Limited,EQ,INE473B01035,2014-06-20,1.0,,false,false,false,false,false,false,false
HAVELLS,HAVELLS.NS,Havells India Limited,EQ,INE176B01034,2001-03-21,1.0,Consumer Durables,false,false,false,true,true,true,false
HAVISHA,HAVISHA.NS,Sri Havisha Hospitality and Infrastructure Limited,EQ,INE293B01029,2000-02-16,2.0,,false,false,false,false,false,false,false
HAWKINCOOK,HAWKINCOOK.NS,Hawkins Cookers Limited,EQ,INE979B01015,2026-04-20,10.0,,false,false,false,false,false,false,false
HAZOOR,HAZOOR.NS,Hazoor Multi Projects Limited,EQ,INE550F01049,2026-08-17,1.0,,false,false,false,false,false,false,false
HBESD,HBESD.NS,HB Estate Developers Limited,EQ,INE640B01021,2026-04-20,10.0,,false,false,false,false,false,false,false
HBLENGINE,HBLENGINE.NS,HBL Engineering Limited,EQ,INE292B01021,2007-01-04,1.0,Capital Goods,false,false,false,false,true,false,true
HBPOR,HBPOR.NS,HB Portfolio Limited,EQ,INE638B01025,2026-08-17,10.0,,false,false,false,false,false,false,false
HBSL,HBSL.NS,HB Stockholdings Limited,EQ,INE550B01022,2018-07-23,10.0,,false,false,false,false,false,false,false
HCC,HCC.NS,Hindustan Construction Company Limited,EQ,INE549A01026,2003-04-01,1.0,,false,false,false,false,false,false,false
HCG,HCG.NS,Healthcare Global Enterprises Limited,EQ,INE075I01017,2016-03-30,10.0,,false,false,false,false,false,false,false
HCL-INSYS,HCL-INSYS.NS,HCL Infosystems Limited,EQ,INE236A01020,1997-01-01,2.0,,false,false,false,false,false,false,false
HCLTECH,HCLTECH.NS,HCL Technologies Limited,EQ,INE860A01027,2000-01-06,2.0,Information Technology,true,false,true,true,true,false,false
HDBFS,HDBFS.NS,HDB Financial Services Limited,EQ,INE756I01012,2025-07-02,10.0,Financial Services,false,false,false,false,true,true,false
HDFCAMC,HDFCAMC.NS,HDFC Asset Management Company Limited,EQ,INE127D01025,2018-08-06,5.0,Financial Services,false,true,true,true,true,false,false
HDFCBANK,HDFCBANK.NS,HDFC Bank Limited,EQ,INE040A01034,1995-11-08,1.0,Financial Services,true,false,true,true,true,false,false
HDFCLIFE,HDFCLIFE.NS,HDFC Life Insurance Company Limited,EQ,INE795G01014,2017-11-17,10.0,Financial Services,true,false,true,true,true,false,false
HDIL,HDIL.NS,Housing Development and Infrastructure Limited,BZ,INE191I01012,2007-07-24,10.0,,false,false,false,false,false,false,false
HEADSUP,HEADSUP.NS,Heads UP Ventures Limited,EQ,INE759V01019,2016-12-14,10.0,,false,false,false,false,false,false,false
HEALTHX,HEALTHX.NS,Health X Platform Limited,EQ,INE019J01013,2010-10-05,10.0,,false,false,false,false,false,false,false
HECPROJECT,HECPROJECT.NS,HEC Infra Projects Limited,EQ,INE558R01013,2021-12-30,10.0,,false,false,false,false,false,false,false
HEG,HEG.NS,HEG Limited,EQ,INE545A01024,1995-05-10,2.0,Capital Goods,false,false,false,false,true,false,true
HEIDELBERG,HEIDELBERG.NS,HeidelbergCement India Limited,EQ,INE578A01017,1995-03-15,10.0,,false,false,false,false,false,false,false
HEMIPROP,HEMIPROP.NS,Hemisphere Properties India Limited,EQ,INE0AJG01018,2020-10-22,10.0,,false,false,false,false,false,false,false
HERANBA,HERANBA.NS,Heranba Industries Limited,EQ,INE694N01015,2021-03-05,10.0,,false,false,false,false,false,false,false
HERITGFOOD,HERITGFOOD.NS,Heritage Foods Limited,EQ,INE978A01027,1996-11-27,5.0,,false,false,false,false,false,false,false
HEROMOTOCO,HEROMOTOCO.NS,Hero MotoCorp Limited,EQ,INE158A01026,2003-04-11,2.0,Automobile and Auto Components,false,false,false,true,true,true,false
HESTERBIO,HESTERBIO.NS,Hester Biosciences Limited,EQ,INE782E01017,2015-03-13,10.0,,false,false,false,false,false,false,false
HEXAGON,HEXAGON.NS,Hexagon Nutrition Limited,BE,INE0JUI01012,2026-06-12,1.0,,false,false,false,false,false,false,false
HEXATRADEX,HEXATRADEX.NS,Hexa Tradex Limited,EQ,INE750M01017,2012-04-20,2.0,,false,false,false,false,false,false,false
HEXT,HEXT.NS,Hexaware Technologies Limited,EQ,INE093A01041,2025-02-19,1.0,Information Technology,false,false,false,false,true,true,false
HFCL,HFCL.NS,HFCL Limited,EQ,INE548A01028,2011-03-09,1.0,Telecommunication,false,false,false,false,true,false,true
HGINFRA,HGINFRA.NS,H.G. Infra Engineering Limited,EQ,INE926X01010,2018-03-09,10.0,,false,false,false,false,false,false,false
HGM,HGM.NS,HandsOn Global Management (HGM) Limited,EQ,INE596H01014,2006-09-27,10.0,,false,false,false,false,false,false,false
HGS,HGS.NS,Hinduja Global Solutions Limited,EQ,INE170I01016,2007-06-19,10.0,,false,false,false,false,false,false,false
HIKAL,HIKAL.NS,Hikal Limited,EQ,INE475B01022,2001-02-14,2.0,,false,false,false,false,false,false,false
HILINFRA,HILINFRA.NS,Highway Infrastructure Limited,EQ,INE00RL01028,2025-08-12,5.0,,false,false,false,false,false,false,false
HILTON,HILTON.NS,Hilton Metal Forging Limited,EQ,INE788H01017,2007-05-24,10.0,,false,false,false,false,false,false,false
HIMATSEIDE,HIMATSEIDE.NS,Himatsingka Seide Limited,EQ,INE049A01027,1995-02-08,5.0,,false,false,false,false,false,false,false
HINDADH,HINDADH.NS,Hindustan Adhesives Limited,EQ,INE074C01013,2026-08-17,10.0,,false,false,false,false,false,false,false
HINDALCO,HINDALCO.NS,Hindalco Industries Limited,EQ,INE038A01020,1997-01-08,1.0,Metals & Mining,true,false,true,true,true,false,false
HINDALUMI,HINDALUMI.NS,Hind Aluminium Industries Limited,EQ,INE227B01019,2026-08-17,10.0,,false,false,false,false,false,false,false
HINDCOMPOS,HINDCOMPOS.NS,Hindustan Composites Limited,EQ,INE310C01029,1996-05-08,5.0,,false,false,false,false,false,false,false
HINDCON,HINDCON.NS,Hindcon Chemicals Limited,EQ,INE642Y01029,2021-07-05,2.0,,false,false,false,false,false,false,false
HINDCOPPER,HINDCOPPER.NS,Hindustan Copper Limited,EQ,INE531E01026,2010-09-15,5.0,Metals & Mining,false,false,false,false,true,false,true
HINDOILEXP,HINDOILEXP.NS,Hindustan Oil Exploration Company Limited,EQ,INE345A01011,2003-09-23,10.0,,false,false,false,false,false,false,false
HINDPETRO,HINDPETRO.NS,Hindustan Petroleum Corporation Limited,EQ,INE094A01015,1998-06-17,10.0,Oil Gas & Consumable Fuels,false,false,false,true,true,true,false
HINDUNILVR,HINDUNILVR.NS,Hindustan Unilever Limited,EQ,INE030A01027,1995-07-06,1.0,Fast Moving Consumer Goods,true,false,true,true,true,false,false
HINDWAREAP,HINDWAREAP.NS,Hindware Home Innovation Limited,EQ,INE05AN01011,2019-12-26,2.0,,false,false,false,false,false,false,false
HINDZINC,HINDZINC.NS,Hindustan Zinc Limited,EQ,INE267A01025,2006-11-21,2.0,Metals & Mining,false,true,true,true,true,false,false
HIRECT,HIRECT.NS,Hirect Limited,EQ,INE835D01023,2006-12-26,2.0,,false,false,false,false,false,false,false
HISARMETAL,HISARMETAL.NS,Hisar Metal Industries Limited,EQ,INE598C01011,2017-01-05,10.0,,false,false,false,false,false,false,false
HITECH,HITECH.NS,Hi-Tech Pipes Limited,EQ,INE106T01025,2018-05-07,1.0,,false,false,false,false,false,false,false
HITECHCORP,HITECHCORP.NS,Hitech Corporation Limited,BE,INE120D01012,2007-12-20,10.0,,false,false,false,false,false,false,false
HITECHGEAR,HITECHGEAR.NS,The Hi-Tech Gears Limited,BE,INE127B01011,2002-01-21,10.0,,false,false,false,false,false,false,false
HLEGLAS,HLEGLAS.NS,HLE Glascoat Limited,EQ,INE461D01028,2023-02-09,2.0,,false,false,false,false,false,false,false
HLVLTD,HLVLTD.NS,HLV LIMITED,EQ,INE102A01024,1995-07-19,2.0,,false,false,false,false,false,false,false
HMAAGRO,HMAAGRO.NS,HMA Agro Industries Limited,EQ,INE0ECP01024,2023-07-04,1.0,,false,false,false,false,false,false,false
HMT,HMT.NS,HMT Limited,BZ,INE262A01018,2003-08-29,10.0,,false,false,false,false,false,false,false
HMVL,HMVL.NS,Hindustan Media Ventures Limited,BE,INE871K01015,2010-07-21,10.0,,false,false,false,false,false,false,false
HNDFDS,HNDFDS.NS,Hindustan Foods Limited,EQ,INE254N01026,2023-06-06,2.0,,false,false,false,false,false,false,false
HOMEFIRST,HOMEFIRST.NS,Home First Finance Company India Limited,EQ,INE481N01025,2021-02-03,2.0,Financial Services,false,false,false,false,true,false,true
HONASA,HONASA.NS,Honasa Consumer Limited,EQ,INE0J5401028,2023-11-07,10.0,Fast Moving Consumer Goods,false,false,false,false,true,false,true
HONAUT,HONAUT.NS,Honeywell Automation India Limited,EQ,INE671A01010,2003-07-18,10.0,Capital Goods,false,false,false,false,true,true,false
HONDAPOWER,HONDAPOWER.NS,Honda India Power Products Limited,EQ,INE634A01018,2003-04-01,10.0,,false,false,false,false,false,false,false
HORIZONIND,HORIZONIND.NS,Horizon Industrial Parks Limited,EQ,INE685T01010,2026-08-24,10.0,,false,false,false,false,false,false,false
HPAL,HPAL.NS,HP Adhesives Limited,EQ,INE0GSL01024,2021-12-27,2.0,,false,false,false,false,false,false,false
HPIL,HPIL.NS,Hindprakash Industries Limited,EQ,INE05X901010,2022-11-07,10.0,,false,false,false,false,false,false,false
HPL,HPL.NS,HPL Electric & Power Limited,EQ,INE495S01016,2016-10-04,10.0,,false,false,false,false,false,false,false
HRYNSHP,HRYNSHP.NS,Hariyana Ship Breakers Limited,EQ,INE400G01011,2026-08-17,10.0,,false,false,false,false,false,false,false
HSCL,HSCL.NS,Himadri Speciality Chemical Limited,EQ,INE019C01026,2007-03-02,1.0,Chemicals,false,false,false,false,true,false,true
HTMEDIA,HTMEDIA.NS,HT Media Limited,EQ,INE501G01024,2005-09-01,2.0,,false,false,false,false,false,false,false
HUBTOWN,HUBTOWN.NS,Hubtown Limited,EQ,INE703H01016,2007-02-07,10.0,,false,false,false,false,false,false,false
HUDCO,HUDCO.NS,Housing & Urban Development Corporation Limited,EQ,INE031A01017,2017-05-19,10.0,Financial Services,false,false,false,true,true,true,false
HUHTAMAKI,HUHTAMAKI.NS,Huhtamaki India Limited,EQ,INE275B01026,2004-10-01,2.0,,false,false,false,false,false,false,false
HYBRIDFIN,HYBRIDFIN.NS,Hybrid Financial Services Limited,BE,INE965B01022,2022-12-05,5.0,,false,false,false,false,false,false,false
HYUNDAI,HYUNDAI.NS,Hyundai Motor India Limited,EQ,INE0V6F01027,2024-10-22,10.0,Automobile and Auto Components,false,true,true,true,true,false,false
IBULLSLTD,IBULLSLTD.NS,Indiabulls Limited,EQ,INE126M01010,2011-08-18,2.0,,false,false,false,false,false,false,false
ICDSLTD,ICDSLTD.NS,ICDS Limited,EQ,INE613B01010,1999-11-17,10.0,,false,false,false,false,false,false,false
ICEMAKE,ICEMAKE.NS,Ice Make Refrigeration Limited,EQ,INE520Y01019,2020-10-12,10.0,,false,false,false,false,false,false,false
ICICIAMC,ICICIAMC.NS,ICICI Prudential Asset Management Company Limited,EQ,INE346A01027,2025-12-19,1.0,Financial Services,false,false,false,true,true,true,false
ICICIBANK,ICICIBANK.NS,ICICI Bank Limited,EQ,INE090A01021,1997-09-17,2.0,Financial Services,true,false,true,true,true,false,false
ICICIGI,ICICIGI.NS,ICICI Lombard General Insurance Company Limited,EQ,INE765G01017,2017-09-27,10.0,Financial Services,false,false,false,true,true,true,false
ICICIPRULI,ICICIPRULI.NS,ICICI Prudential Life Insurance Company Limited,EQ,INE726G01019,2016-09-29,10.0,Financial Services,false,false,false,false,true,true,false
ICIL,ICIL.NS,Indo Count Industries Limited,EQ,INE483B01026,2005-09-12,2.0,,false,false,false,false,false,false,false
ICRA,ICRA.NS,ICRA Limited,EQ,INE725G01011,2007-04-13,10.0,,false,false,false,false,false,false,false
IDBI,IDBI.NS,IDBI Bank Limited,EQ,INE008A01015,1995-09-20,10.0,Financial Services,false,false,false,false,true,false,true
IDEA,IDEA.NS,Vodafone Idea Limited,EQ,INE669E01016,2007-03-09,10.0,Telecommunication,false,false,false,true,true,true,false
IDEAFORGE,IDEAFORGE.NS,Ideaforge Technology Limited,EQ,INE349Y01013,2023-07-07,10.0,,false,false,false,false,false,false,false
IDFCFIRSTB,IDFCFIRSTB.NS,IDFC First Bank Limited,EQ,INE092T01019,2015-11-06,10.0,Financial Services,false,false,false,true,true,true,false
IEX,IEX.NS,Indian Energy Exchange Limited,EQ,INE022Q01020,2017-10-23,1.0,Financial Services,false,false,false,false,true,false,true
IFBAGRO,IFBAGRO.NS,IFB Agro Industries Limited,EQ,INE076C01018,1996-04-03,10.0,,false,false,false,false,false,false,false
IFBIND,IFBIND.NS,IFB Industries Limited,EQ,INE559A01017,1995-03-29,10.0,,false,false,false,false,false,false,false
IFCI,IFCI.NS,IFCI Limited,EQ,INE039A01010,1995-04-26,10.0,Financial Services,false,false,false,false,true,false,true
IFGLEXPOR,IFGLEXPOR.NS,IFGL Refractories Limited,EQ,INE133Y01011,2017-11-14,10.0,,false,false,false,false,false,false,false
IGARASHI,IGARASHI.NS,Igarashi Motors India Limited,EQ,INE188B01013,2003-10-09,10.0,,false,false,false,false,false,false,false
IGCL,IGCL.NS,Indogulf Cropsciences Limited,EQ,INE05J901018,2025-07-03,10.0,,false,false,false,false,false,false,false
IGIL,IGIL.NS,International Gemological Institute Limited,EQ,INE0Q9301021,2024-12-20,2.0,Services,false,false,false,false,true,false,true
IGL,IGL.NS,Indraprastha Gas Limited,EQ,INE203G01027,2003-12-26,2.0,Oil Gas & Consumable Fuels,false,false,false,false,true,false,true
IGPL,IGPL.NS,IG Petrochemicals Limited,EQ,INE204A01010,2007-01-29,10.0,,false,false,false,false,false,false,false
IIFL,IIFL.NS,IIFL Finance Limited,EQ,INE530B01024,2005-05-17,2.0,Financial Services,false,false,false,false,true,false,true
IIFLCAPS,IIFLCAPS.NS,IIFL Capital Services Limited,EQ,INE489L01022,2019-09-20,2.0,,false,false,false,false,false,false,false
IITL,IITL.NS,Industrial Investment Trust Limited,EQ,INE886A01014,2010-08-17,10.0,,false,false,false,false,false,false,false
IKIO,IKIO.NS,IKIO Technologies Limited,EQ,INE0LOJ01019,2023-06-16,10.0,,false,false,false,false,false,false,false
IKS,IKS.NS,Inventurus Knowledge Solutions Limited,EQ,INE115Q01022,2024-12-19,1.0,Information Technology,false,false,false,false,true,false,true
IL&FSENGG,IL&FSENGG.NS,IL&FS Engineering and Construction Company Limited,BZ,INE369I01014,2007-10-25,10.0,,false,false,false,false,false,false,false
IL&FSTRANS,IL&FSTRANS.NS,IL&FS Transportation Networks Limited,BZ,INE975G01012,2010-03-30,10.0,,false,false,false,false,false,false,false
IMAGICAA,IMAGICAA.NS,Imagicaaworld Entertainment Limited,EQ,INE172N01012,2015-04-06,10.0,,false,false,false,false,false,false,false
IMFA,IMFA.NS,Indian Metals & Ferro Alloys Limited,EQ,INE919H01018,2010-07-23,10.0,,false,false,false,false,false,false,false
IMPAL,IMPAL.NS,India Motor Parts and Accessories Limited,EQ,INE547E01014,2005-10-07,10.0,,false,false,false,false,false,false,false
IMPEXFERRO,IMPEXFERRO.NS,Impex Ferro Tech Limited,BZ,INE691G01015,2005-02-03,10.0,,false,false,false,false,false,false,false
INA,INA.NS,Insolation Energy Limited,EQ,INE0LGX01024,2026-03-09,1.0,,false,false,false,false,false,false,false
INCREDIBLE,INCREDIBLE.NS,INCREDIBLE INDUSTRIES LIMITED,EQ,INE452L01012,2016-07-01,10.0,,false,false,false,false,false,false,false
INDBANK,INDBANK.NS,Indbank Merchant Banking Services Limited,EQ,INE841B01017,2008-10-08,10.0,,false,false,false,false,false,false,false
INDGN,INDGN.NS,Indegene Limited,EQ,INE065X01017,2024-05-13,2.0,Healthcare,false,false,false,false,true,false,true
INDHOTEL,INDHOTEL.NS,The Indian Hotels Company Limited,EQ,INE053A01029,1996-07-03,1.0,Consumer Services,false,true,true,true,true,false,false
INDIACEM,INDIACEM.NS,The India Cements Limited,EQ,INE383A01012,2000-05-31,10.0,Construction Materials,false,false,false,false,true,false,true
INDIAGLYCO,INDIAGLYCO.NS,India Glycols Limited,EQ,INE560A01023,2005-07-01,5.0,,false,false,false,false,false,false,false
INDIAMART,INDIAMART.NS,Indiamart Intermesh Limited,EQ,INE933S01016,2019-07-04,10.0,Consumer Services,false,false,false,false,true,false,true
INDIANB,INDIANB.NS,Indian Bank,EQ,INE562A01011,2007-03-01,10.0,Financial Services,false,false,false,true,true,true,false
INDIANCARD,INDIANCARD.NS,Indian Card Clothing Company Limited,EQ,INE061A01014,1997-01-08,10.0,,false,false,false,false,false,false,false
INDIANHUME,INDIANHUME.NS,Indian Hume Pipe Company Limited,EQ,INE323C01030,1995-08-30,2.0,,false,false,false,false,false,false,false
INDIASHLTR,INDIASHLTR.NS,India Shelter Finance Corporation Limited,EQ,INE922K01024,2023-12-20,5.0,,false,false,false,false,false,false,false
INDIGO,INDIGO.NS,InterGlobe Aviation Limited,EQ,INE646L01027,2015-11-10,10.0,Services,true,false,true,true,true,false,false
INDIGOPNTS,INDIGOPNTS.NS,Indigo Paints Limited,EQ,INE09VQ01012,2021-02-02,10.0,,false,false,false,false,false,false,false
INDIQUBE,INDIQUBE.NS,Indiqube Spaces Limited,EQ,INE06ST01018,2025-07-30,1.0,,false,false,false,false,false,false,false
INDNIPPON,INDNIPPON.NS,India Nippon Electricals Limited,EQ,INE092B01025,1997-05-07,5.0,,false,false,false,false,false,false,false
INDOAMIN,INDOAMIN.NS,Indo Amines Limited,BE,INE760F01028,2022-04-29,5.0,,false,false,false,false,false,false,false
INDOBORAX,INDOBORAX.NS,Indo Borax & Chemicals Limited,EQ,INE803D01021,2022-03-29,1.0,,false,false,false,false,false,false,false
INDOCO,INDOCO.NS,Indoco Remedies Limited,EQ,INE873D01024,2005-01-14,2.0,,false,false,false,false,false,false,false
INDOFARM,INDOFARM.NS,Indo Farm Equipment Limited,EQ,INE622H01018,2025-01-07,10.0,,false,false,false,false,false,false,false
INDOKEM,INDOKEM.NS,Indokem Limited,EQ,INE716F01012,2026-08-17,10.0,,false,false,false,false,false,false,false
INDOMIM,INDOMIM.NS,INDO-MIM Limited,EQ,INE084101034,2026-07-30,1.0,,false,false,false,false,false,false,false
INDORAMA,INDORAMA.NS,Indo Rama Synthetics (India) Limited,EQ,INE156A01020,2003-06-20,10.0,,false,false,false,false,false,false,false
INDOSTAR,INDOSTAR.NS,IndoStar Capital Finance Limited,EQ,INE896L01010,2018-05-21,10.0,,false,false,false,false,false,false,false
INDOTECH,INDOTECH.NS,Indo Tech Transformers Limited,EQ,INE332H01014,2006-03-16,10.0,,false,false,false,false,false,false,false
INDOTHAI,INDOTHAI.NS,Indo Thai Securities Limited,EQ,INE337M01021,2011-11-02,1.0,,false,false,false,false,false,false,false
INDOUS,INDOUS.NS,Indo Us Biotech Limited,EQ,INE250Z01010,2024-09-27,10.0,,false,false,false,false,false,false,false
INDOWIND,INDOWIND.NS,Indowind Energy Limited,EQ,INE227G01018,2007-09-14,10.0,,false,false,false,false,false,false,false
INDPRUD,INDPRUD.NS,Industrial & Prudential Investment Company Limited,EQ,INE620D01011,2026-04-20,10.0,,false,false,false,false,false,false,false
INDRAMEDCO,INDRAMEDCO.NS,Indraprastha Medical Corporation Limited,EQ,INE681B01017,1997-04-17,10.0,,false,false,false,false,false,false,false
INDSWFTLAB,INDSWFTLAB.NS,Ind-Swift Laboratories Limited,EQ,INE915B01019,1997-07-02,10.0,,false,false,false,false,false,false,false
INDTERRAIN,INDTERRAIN.NS,Indian Terrain Fashions Limited,EQ,INE611L01021,2011-03-11,2.0,,false,false,false,false,false,false,false
INDUSINDBK,INDUSINDBK.NS,IndusInd Bank Limited,EQ,INE095A01012,1998-01-28,10.0,Financial Services,false,false,false,true,true,true,false
INDUSTOWER,INDUSTOWER.NS,Indus Towers Limited,EQ,INE121J01017,2012-12-28,10.0,Telecommunication,false,false,false,true,true,true,false
INFOBEAN,INFOBEAN.NS,InfoBeans Technologies Limited,EQ,INE344S01016,2019-07-15,10.0,,false,false,false,false,false,false,false
INFOMEDIA,INFOMEDIA.NS,Infomedia Press Limited,EQ,INE669A01022,2006-10-12,10.0,,false,false,false,false,false,false,false
INFY,INFY.NS,Infosys Limited,EQ,INE009A01021,1995-02-08,5.0,Information Technology,true,false,true,true,true,false,false
INGERRAND,INGERRAND.NS,Ingersoll Rand (India) Limited,EQ,INE177A01018,1999-04-15,10.0,,false,false,false,false,false,false,false
INNOVACAP,INNOVACAP.NS,Innova Captab Limited,EQ,INE0DUT01020,2023-12-29,10.0,,false,false,false,false,false,false,false
INNOVANA,INNOVANA.NS,Innovana Thinklabs Limited,EQ,INE403Y01018,2024-12-17,10.0,,false,false,false,false,false,false,false
INNOVISION,INNOVISION.NS,Innovision Limited,EQ,INE0ADB01012,2026-03-23,10.0,,false,false,false,false,false,false,false
INOXGREEN,INOXGREEN.NS,Inox Green Energy Services Limited,EQ,INE510W01014,2022-11-23,10.0,,false,false,false,false,false,false,false
INOXINDIA,INOXINDIA.NS,INOX India Limited,EQ,INE616N01034,2023-12-21,2.0,,false,false,false,false,false,false,false
INOXWIND,INOXWIND.NS,Inox Wind Limited,EQ,INE066P01011,2015-04-09,10.0,Capital Goods,false,false,false,false,true,false,true
INSECTICID,INSECTICID.NS,Insecticides (India) Limited,EQ,INE070I01018,2007-05-30,10.0,,false,false,false,false,false,false,false
INSPIRISYS,INSPIRISYS.NS,Inspirisys Solutions Limited,BE,INE020G01017,2006-10-30,10.0,,false,false,false,false,false,false,false
INTELLECT,INTELLECT.NS,Intellect Design Arena Limited,EQ,INE306R01017,2014-12-18,5.0,Information Technology,false,false,false,false,true,false,true
INTENTECH,INTENTECH.NS,Intense Technologies Limited,EQ,INE781A01025,2017-03-23,2.0,,false,false,false,false,false,false,false
INTERARCH,INTERARCH.NS,Interarch Building Solutions Limited,EQ,INE00M901018,2024-08-26,10.0,,false,false,false,false,false,false,false
INTLCONV,INTLCONV.NS,International Conveyors Limited,EQ,INE575C01027,2021-09-16,1.0,,false,false,false,false,false,false,false
INVENTURE,INVENTURE.NS,Inventure Growth & Securities Limited,EQ,INE878H01024,2011-08-04,1.0,,false,false,false,false,false,false,false
INVPRECQ,INVPRECQ.NS,Investment & Precision Castings Limited,BE,INE155E01016,2026-04-20,10.0,,false,false,false,false,false,false,false
IOB,IOB.NS,Indian Overseas Bank,EQ,INE565A01014,2000-12-07,10.0,Financial Services,false,false,false,false,true,false,true
IOC,IOC.NS,Indian Oil Corporation Limited,EQ,INE242A01010,1996-07-24,10.0,Oil Gas & Consumable Fuels,false,true,true,true,true,false,false
IOLCP,IOLCP.NS,IOL Chemicals and Pharmaceuticals Limited,EQ,INE485C01029,2010-11-08,2.0,,false,false,false,false,false,false,false
IONEXCHANG,IONEXCHANG.NS,ION Exchange (India) Limited,EQ,INE570A01022,2022-02-22,1.0,,false,false,false,false,false,false,false
IPCALAB,IPCALAB.NS,IPCA Laboratories Limited,EQ,INE571A01038,1995-02-08,1.0,Healthcare,false,false,false,false,true,true,false
IPL,IPL.NS,India Pesticides Limited,EQ,INE0D6701023,2021-07-05,1.0,,false,false,false,false,false,false,false
IPRINGLTD,IPRINGLTD.NS,IP Rings Limited,EQ,INE558A01019,2026-08-17,10.0,,false,false,false,false,false,false,false
IRB,IRB.NS,IRB Infrastructure Developers Limited,EQ,INE821I01022,2008-02-25,1.0,Construction,false,false,false,false,true,false,true
IRCON,IRCON.NS,Ircon International Limited,EQ,INE962Y01021,2018-09-28,2.0,Construction,false,false,false,false,true,false,true
IRCTC,IRCTC.NS,Indian Railway Catering And Tourism Corporation Limited,EQ,INE335Y01020,2019-10-14,2.0,Consumer Services,false,false,false,true,true,true,false
IREDA,IREDA.NS,Indian Renewable Energy Development Agency Limited,EQ,INE202E01016,2023-11-29,10.0,Financial Services,false,false,false,true,true,true,false
IRFC,IRFC.NS,Indian Railway Finance Corporation Limited,EQ,INE053F01010,2021-01-29,10.0,Financial Services,false,true,true,true,true,false,false
IRIS,IRIS.NS,IRIS RegTech Solutions Limited,EQ,INE864K01010,2021-11-08,10.0,,false,false,false,false,false,false,false
IRISDOREME,IRISDOREME.NS,Iris Clothings Limited,EQ,INE01GN01025,2021-02-22,2.0,,false,false,false,false,false,false,false
IRMENERGY,IRMENERGY.NS,IRM Energy Limited,EQ,INE07U701015,2023-10-26,10.0,,false,false,false,false,false,false,false
ISFT,ISFT.NS,Intrasoft Technologies Limited,EQ,INE566K01011,2010-04-12,10.0,,false,false,false,false,false,false,false
ISGEC,ISGEC.NS,Isgec Heavy Engineering Limited,EQ,INE858B01029,2021-05-05,1.0,,false,false,false,false,false,false,false
ISHANCH,ISHANCH.NS,Ishan Dyes and Chemicals Limited,EQ,INE561M01018,2025-03-24,10.0,,false,false,false,false,false,false,false
ISTLTD,ISTLTD.NS,I S T Limited,EQ,INE684B01029,2026-08-17,5.0,,false,false,false,false,false,false,false
ITC,ITC.NS,ITC Limited,EQ,INE154A01025,1995-08-23,1.0,Fast Moving Consumer Goods,true,false,true,true,true,false,false
ITCHOTELS,ITCHOTELS.NS,ITC Hotels Limited,EQ,INE379A01028,2025-01-29,1.0,Consumer Services,false,false,false,false,true,true,false
ITDC,ITDC.NS,India Tourism Development Corporation Limited,EQ,INE353K01014,2016-12-30,10.0,,false,false,false,false,false,false,false
ITI,ITI.NS,ITI Limited,EQ,INE248A01017,2003-09-15,10.0,Telecommunication,false,false,false,false,true,false,true
ITL,ITL.NS,ITL Industries Limited,EQ,INE478D01014,2026-08-17,10.0,,false,false,false,false,false,false,false
IVALUE,IVALUE.NS,Ivalue Infosolutions Limited,EQ,INE056801025,2025-09-25,2.0,,false,false,false,false,false,false,false
IVC,IVC.NS,IL&FS Investment Managers Limited,EQ,INE050B01023,1999-09-15,2.0,,false,false,false,false,false,false,false
IVP,IVP.NS,IVP Limited,BE,INE043C01018,1995-09-13,10.0,,false,false,false,false,false,false,false
IWP,IWP.NS,The Indian Wood Products Company Limited,EQ,INE586E01020,2026-04-20,2.0,,false,false,false,false,false,false,false
IXIGO,IXIGO.NS,Le Travenues Technology Limited,EQ,INE0HV901016,2024-06-18,1.0,,false,false,false,false,false,false,false
IZMO,IZMO.NS,IZMO Limited,EQ,INE848A01014,2007-02-05,10.0,,false,false,false,false,false,false,false
J&KBANK,J&KBANK.NS,The Jammu & Kashmir Bank Limited,EQ,INE168A01041,1998-07-22,1.0,Financial Services,false,false,false,false,true,false,true
JAGRAN,JAGRAN.NS,Jagran Prakashan Limited,EQ,INE199G01027,2006-02-22,2.0,,false,false,false,false,false,false,false
JAGSNPHARM,JAGSNPHARM.NS,Jagsonpal Pharmaceuticals Limited,EQ,INE048B01035,2000-03-01,2.0,,false,false,false,false,false,false,false
JAIBALAJI,JAIBALAJI.NS,Jai Balaji Industries Limited,EQ,INE091G01026,2003-12-09,2.0,,false,false,false,false,false,false,false
JAICORPLTD,JAICORPLTD.NS,Jai Corp Limited,EQ,INE070D01027,1997-11-26,1.0,,false,false,false,false,false,false,false
JAINREC,JAINREC.NS,Jain Resource Recycling Limited,EQ,INE0YD401026,2025-10-01,2.0,Metals & Mining,false,false,false,false,true,false,true
JAIPURKURT,JAIPURKURT.NS,Nandani Creation Limited,EQ,INE696V01013,2021-09-02,10.0,,false,false,false,false,false,false,false
JAMNAAUTO,JAMNAAUTO.NS,Jamna Auto Industries Limited,EQ,INE039C01032,2010-12-10,1.0,,false,false,false,false,false,false,false
JARO,JARO.NS,Jaro Institute of Technology Management and Research Limited,EQ,INE00YJ01010,2025-09-30,10.0,,false,false,false,false,false,false,false
JASH,JASH.NS,Jash Engineering Limited,EQ,INE039O01029,2019-10-30,2.0,,false,false,false,false,false,false,false
JAYAGROGN,JAYAGROGN.NS,Jayant Agro Organics Limited,EQ,INE785A01026,1996-04-17,5.0,,false,false,false,false,false,false,false
JAYBARMARU,JAYBARMARU.NS,Jay Bharat Maruti Limited,EQ,INE571B01036,1996-01-03,2.0,,false,false,false,false,false,false,false
JAYKAY,JAYKAY.NS,Jaykay Enterprises Limited,EQ,INE903A01025,2025-12-03,1.0,,false,false,false,false,false,false,false
JAYNECOIND,JAYNECOIND.NS,Jayaswal Neco Industries Limited,EQ,INE854B01010,1995-05-10,10.0,,false,false,false,false,false,false,false
JAYSREETEA,JAYSREETEA.NS,Jayshree Tea & Industries Limited,EQ,INE364A01020,1995-02-15,5.0,,false,false,false,false,false,false,false
JBMA,JBMA.NS,JBM Auto Limited,EQ,INE927D01051,2004-12-17,1.0,Automobile and Auto Components,false,false,false,false,true,false,true
JENBURPH,JENBURPH.NS,Jenburkt Pharmaceuticals Limited,EQ,INE354A01013,2026-08-17,10.0,,false,false,false,false,false,false,false
JETFREIGHT,JETFREIGHT.NS,Jet Freight Logistics Limited,EQ,INE982V01025,2021-12-21,5.0,,false,false,false,false,false,false,false
JGCHEM,JGCHEM.NS,J.G.Chemicals Limited,EQ,INE0MB501011,2024-03-13,10.0,,false,false,false,false,false,false,false
JHS,JHS.NS,JHS Svendgaard Laboratories Limited,EQ,INE544H01014,2006-10-21,10.0,,false,false,false,false,false,false,false
JINDALPHOT,JINDALPHOT.NS,Jindal Photo Limited,EQ,INE796G01012,2005-04-07,10.0,,false,false,false,false,false,false,false
JINDALPOLY,JINDALPOLY.NS,Jindal Poly Films Limited,EQ,INE197D01010,2002-01-21,10.0,,false,false,false,false,false,false,false
JINDALSAW,JINDALSAW.NS,Jindal Saw Limited,EQ,INE324A01032,2003-04-29,1.0,Capital Goods,false,false,false,false,true,false,true
JINDALSTEL,JINDALSTEL.NS,JINDAL STEEL LIMITED,EQ,INE749A01030,1999-12-29,1.0,Metals & Mining,false,true,true,true,true,false,false
JINDRILL,JINDRILL.NS,Jindal Drilling And Industries Limited,EQ,INE742C01031,2006-12-22,5.0,,false,false,false,false,false,false,false
JINDWORLD,JINDWORLD.NS,Jindal Worldwide Limited,EQ,INE247D01039,2010-11-25,1.0,,false,false,false,false,false,false,false
JIOFIN,JIOFIN.NS,Jio Financial Services Limited,EQ,INE758E01017,2023-08-21,10.0,Financial Services,true,false,true,true,true,false,false
JISLDVREQS,JISLDVREQS.NS,Jain Irrigation Systems Limited,EQ,IN9175A01010,2011-11-30,2.0,,false,false,false,false,false,false,false
JISLJALEQS,JISLJALEQS.NS,Jain Irrigation Systems Limited,EQ,INE175A01038,2001-08-13,2.0,,false,false,false,false,false,false,false
JITFINFRA,JITFINFRA.NS,JITF Infralogistics Limited,EQ,INE863T01013,2017-02-27,2.0,,false,false,false,false,false,false,false
JKCEMENT,JKCEMENT.NS,JK Cement Limited,EQ,INE823G01014,2006-03-14,10.0,Construction Materials,false,false,false,false,true,true,false
JKIL,JKIL.NS,J.Kumar Infraprojects Limited,EQ,INE576I01022,2008-02-12,5.0,,false,false,false,false,false,false,false
JKIPL,JKIPL.NS,Jinkushal Industries Limited,EQ,INE1FF001016,2025-10-03,10.0,,false,false,false,false,false,false,false
JKLAKSHMI,JKLAKSHMI.NS,JK Lakshmi Cement Limited,EQ,INE786A01032,2006-06-19,5.0,,false,false,false,false,false,false,false
JKPAPER,JKPAPER.NS,JK Paper Limited,EQ,INE789E01012,2005-06-16,10.0,,false,false,false,false,false,false,false
JKTYRE,JKTYRE.NS,JK Tyre & Industries Limited,EQ,INE573A01042,2007-03-19,2.0,Automobile and Auto Components,false,false,false,false,true,false,true
JLHL,JLHL.NS,Jupiter Life Line Hospitals Limited,EQ,INE682M01020,2023-09-18,2.0,,false,false,false,false,false,false,false
JMA,JMA.NS,Jullundur Motor Agency (Delhi) Limited,EQ,INE412C01023,2015-03-16,2.0,,false,false,false,false,false,false,false
JMFINANCIL,JMFINANCIL.NS,JM Financial Limited,EQ,INE780C01023,2006-10-10,1.0,Financial Services,false,false,false,false,true,false,true
JNKINDIA,JNKINDIA.NS,JNK India Limited,EQ,INE0OAF01028,2024-04-30,2.0,,false,false,false,false,false,false,false
JNPR,JNPR.NS,Juniper Green Energy Limited,EQ,INE05C901015,2026-08-06,10.0,,false,false,false,false,false,false,false
JOCIL,JOCIL.NS,Jocil Limited,BE,INE839G01010,2008-10-08,10.0,,false,false,false,false,false,false,false
JPOLYINVST,JPOLYINVST.NS,Jindal Poly Investment and Finance Company Limited,EQ,INE147P01019,2013-11-11,10.0,,false,false,false,false,false,false,false
JPPOWER,JPPOWER.NS,Jaiprakash Power Ventures Limited,EQ,INE351F01018,2005-04-18,10.0,Power,false,false,false,false,true,false,true
JSFB,JSFB.NS,Jana Small Finance Bank Limited,EQ,INE953L01027,2024-02-14,10.0,,false,false,false,false,false,false,false
JSL,JSL.NS,Jindal Stainless Limited,EQ,INE220G01021,2003-11-17,2.0,Metals & Mining,false,false,false,false,true,true,false
JSLL,JSLL.NS,Jeena Sikho Lifecare Limited,EQ,INE0J5801029,2025-08-11,2.0,,false,false,false,false,false,false,false
JSWCEMENT,JSWCEMENT.NS,JSW Cement Limited,EQ,INE718I01012,2025-08-14,10.0,Construction Materials,false,false,false,false,true,false,true
JSWDULUX,JSWDULUX.NS,JSW Dulux Limited,EQ,INE133A01011,2001-06-28,10.0,Consumer Durables,false,false,false,false,true,false,true
JSWENERGY,JSWENERGY.NS,JSW Energy Limited,EQ,INE121E01018,2010-01-04,10.0,Power,false,false,false,true,true,true,false
JSWHL,JSWHL.NS,JSW Holdings Limited,EQ,INE824G01012,2005-06-21,10.0,,false,false,false,false,false,false,false
JSWINFRA,JSWINFRA.NS,JSW Infrastructure Limited,EQ,INE880J01026,2023-10-03,2.0,Services,false,false,false,false,true,true,false
JSWSTEEL,JSWSTEEL.NS,JSW Steel Limited,EQ,INE019A01038,2005-03-23,1.0,Metals & Mining,true,false,true,true,true,false,false
JTEKTINDIA,JTEKTINDIA.NS,Jtekt India Limited,EQ,INE643A01035,2004-01-12,1.0,,false,false,false,false,false,false,false
JTLIND,JTLIND.NS,JTL INDUSTRIES LIMITED,EQ,INE391J01032,2023-06-12,1.0,,false,false,false,false,false,false,false
JUBLCPL,JUBLCPL.NS,Jubilant Agri and Consumer Products Limited,EQ,INE03CC01015,2025-02-14,10.0,,false,false,false,false,false,false,false
JUBLFOOD,JUBLFOOD.NS,Jubilant Foodworks Limited,EQ,INE797F01020,2010-02-08,2.0,Consumer Services,false,false,false,true,true,true,false
JUBLINGREA,JUBLINGREA.NS,Jubilant Ingrevia Limited,EQ,INE0BY001018,2021-03-19,1.0,Chemicals,false,false,false,false,true,false,true
JUBLPHARMA,JUBLPHARMA.NS,Jubilant Pharmova Limited,EQ,INE700A01033,2003-06-16,1.0,Healthcare,false,false,false,false,true,false,true
JUNIPER,JUNIPER.NS,Juniper Hotels Limited,EQ,INE696F01016,2024-02-28,10.0,,false,false,false,false,false,false,false
JUSTDIAL,JUSTDIAL.NS,Just Dial Limited,EQ,INE599M01018,2013-06-05,10.0,,false,false,false,false,false,false,false
JWL,JWL.NS,Jupiter Wagons Limited,EQ,INE209L01016,2010-10-18,10.0,Capital Goods,false,false,false,false,true,false,true
JYOTHYLAB,JYOTHYLAB.NS,Jyothy Labs Limited,EQ,INE668F01031,2007-12-19,1.0,,false,false,false,false,false,false,false
JYOTICNC,JYOTICNC.NS,Jyoti CNC Automation Limited,EQ,INE980O01024,2024-01-16,2.0,Capital Goods,false,false,false,false,true,false,true
JYOTIRES,JYOTIRES.NS,Jyoti Resins & Adhesives Limited,EQ,INE577D01013,2026-08-17,10.0,,false,false,false,false,false,false,false
JYOTISTRUC,JYOTISTRUC.NS,Jyoti Structures Limited,EQ,INE197A01024,1995-07-19,2.0,,false,false,false,false,false,false,false
KABRAEXTRU,KABRAEXTRU.NS,Kabra Extrusion Technik Limited,EQ,INE900B01029,1995-09-06,5.0,,false,false,false,false,false,false,false
KAJARIACER,KAJARIACER.NS,Kajaria Ceramics Limited,EQ,INE217B01036,2004-06-01,1.0,Consumer Durables,false,false,false,false,true,false,true
KAKATCEM,KAKATCEM.NS,Kakatiya Cement Sugar & Industries Limited,EQ,INE437B01014,1995-12-13,10.0,,false,false,false,false,false,false,false
KALAMANDIR,KALAMANDIR.NS,Sai Silks (Kalamandir) Limited,EQ,INE438K01021,2023-09-27,2.0,,false,false,false,false,false,false,false
KALPATARU,KALPATARU.NS,Kalpataru Limited,EQ,INE227J01012,2025-07-01,10.0,,false,false,false,false,false,false,false
KALYANI,KALYANI.NS,Kalyani Commercials Limited,BE,INE610E01010,2017-02-13,10.0,,false,false,false,false,false,false,false
KALYANIFRG,KALYANIFRG.NS,Kalyani Forge Limited,EQ,INE314G01014,2007-12-20,10.0,,false,false,false,false,false,false,false
KALYANKJIL,KALYANKJIL.NS,Kalyan Jewellers India Limited,EQ,INE303R01014,2021-03-26,10.0,Consumer Durables,false,false,false,true,true,true,false
KAMAHOLD,KAMAHOLD.NS,Kama Holdings Limited,EQ,INE411F01010,2026-04-20,10.0,,false,false,false,false,false,false,false
KAMANWALA,KAMANWALA.NS,Kamanwala Housing Construction Limited,EQ,INE344D01018,2026-08-17,10.0,,false,false,false,false,false,false,false
KAMATHOTEL,KAMATHOTEL.NS,Kamat Hotels (I) Limited,EQ,INE967C01018,1996-05-29,10.0,,false,false,false,false,false,false,false
KAMDHENU,KAMDHENU.NS,Kamdhenu Limited,BE,INE390H01020,2006-05-09,1.0,,false,false,false,false,false,false,false
KAMOPAINTS,KAMOPAINTS.NS,Kamdhenu Ventures Limited,EQ,INE0BTI01037,2023-01-24,1.0,,false,false,false,false,false,false,false
KANANIIND,KANANIIND.NS,Kanani Industries Limited,EQ,INE879E01037,2011-12-14,1.0,,false,false,false,false,false,false,false
KANCHI,KANCHI.NS,Kanchi Karpooram Limited,EQ,INE081G01019,2026-04-20,10.0,,false,false,false,false,false,false,false
KANCOTEA,KANCOTEA.NS,Kanco Tea & Industries Limited,EQ,INE398L01017,2026-08-17,10.0,,false,false,false,false,false,false,false
KANORICHEM,KANORICHEM.NS,Kanoria Chemicals & Industries Limited,BE,INE138C01024,1995-02-08,5.0,,false,false,false,false,false,false,false
KANPRPLA,KANPRPLA.NS,Kanpur Plastipack Limited,EQ,INE694E01014,2021-01-01,10.0,,false,false,false,false,false,false,false
KANSAINER,KANSAINER.NS,Kansai Nerolac Paints Limited,EQ,INE531A01024,2003-09-15,1.0,,false,false,false,false,false,false,false
KAPSTON,KAPSTON.NS,Kapston Services Limited,EQ,INE542Z01028,2020-05-27,5.0,,false,false,false,false,false,false,false
KARMAENG,KARMAENG.NS,Karma Energy Limited,EQ,INE725L01011,2011-06-28,10.0,,false,false,false,false,false,false,false
KARURVYSYA,KARURVYSYA.NS,Karur Vysya Bank Limited,EQ,INE036D01028,2000-07-26,2.0,Financial Services,false,false,false,false,true,false,true
KAUSHALYA,KAUSHALYA.NS,Kaushalya Infrastructure Development Corporation Limited,BE,INE234I01028,2007-12-14,1000.0,,false,false,false,false,false,false,false
KAVDEFENCE,KAVDEFENCE.NS,Kavveri Defence & Wireless Technologies Limited,EQ,INE641C01019,2008-01-29,10.0,,false,false,false,false,false,false,false
KAYA,KAYA.NS,Kaya Limited,BE,INE587G01015,2015-08-14,10.0,,false,false,false,false,false,false,false
KAYNES,KAYNES.NS,Kaynes Technology India Limited,EQ,INE918Z01012,2022-11-22,10.0,Capital Goods,false,false,false,false,true,false,true
KCP,KCP.NS,KCP Limited,EQ,INE805C01028,1997-04-09,1.0,,false,false,false,false,false,false,false
KCPSUGIND,KCPSUGIND.NS,KCP Sugar and Industries Corporation Limited,BE,INE790B01024,1997-06-11,1.0,,false,false,false,false,false,false,false
KDDL,KDDL.NS,KDDL Limited,EQ,INE291D01011,2016-03-23,10.0,,false,false,false,false,false,false,false
KEC,KEC.NS,KEC International Limited,EQ,INE389H01022,2006-03-10,2.0,Construction,false,false,false,false,true,false,true
KECL,KECL.NS,Kirloskar Electric Company Limited,EQ,INE134B01017,2010-03-09,10.0,,false,false,false,false,false,false,false
KEEPLEARN,KEEPLEARN.NS,DSJ Keep Learning Limited,EQ,INE055C01020,1995-03-01,1.0,,false,false,false,false,false,false,false
KEI,KEI.NS,KEI Industries Limited,EQ,INE878B01027,2006-03-23,2.0,Capital Goods,false,false,false,true,true,true,false
KELLTONTEC,KELLTONTEC.NS,Kellton Tech Solutions Limited,EQ,INE164B01030,2016-03-02,1.0,,false,false,false,false,false,false,false
KENNAMET,KENNAMET.NS,Kennametal India Limited,EQ,INE717A01029,2026-04-20,10.0,,false,false,false,false,false,false,false
KERNEX,KERNEX.NS,Kernex Microsystems (India) Limited,EQ,INE202H01019,2005-12-20,10.0,,false,false,false,false,false,false,false
KESORAMIND,KESORAMIND.NS,Kesoram Industries Limited,BE,INE087A01019,1995-09-06,10.0,,false,false,false,false,false,false,false
KEYFINSERV,KEYFINSERV.NS,Keynote Financial Services Limited,EQ,INE681C01015,1996-06-26,10.0,,false,false,false,false,false,false,false
KFINTECH,KFINTECH.NS,Kfin Technologies Limited,EQ,INE138Y01010,2022-12-29,10.0,Financial Services,false,false,false,false,true,false,true
KHADIM,KHADIM.NS,Khadim India Limited,BE,INE834I01025,2017-11-14,10.0,,false,false,false,false,false,false,false
KHAICHEM,KHAICHEM.NS,Khaitan Chemicals & Fertilizers Limited,EQ,INE745B01028,2020-10-30,1.0,,false,false,false,false,false,false,false
KHAITANLTD,KHAITANLTD.NS,Khaitan (India) Limited,EQ,INE731C01018,1995-12-20,10.0,,false,false,false,false,false,false,false
KHANDSE,KHANDSE.NS,Khandwala Securities Limited,EQ,INE060B01014,2001-02-07,10.0,,false,false,false,false,false,false,false
KICL,KICL.NS,Kalyani Investment Company Limited,EQ,INE029L01018,2011-01-14,10.0,,false,false,false,false,false,false,false
KILITCH,KILITCH.NS,Kilitch Drugs (India) Limited,BE,INE729D01010,2010-09-29,10.0,,false,false,false,false,false,false,false
KIMS,KIMS.NS,Krishna Institute of Medical Sciences Limited,EQ,INE967H01025,2021-06-28,2.0,Healthcare,false,false,false,false,true,false,true
KINGFA,KINGFA.NS,Kingfa Science & Technology (India) Limited,EQ,INE473D01015,2016-11-15,10.0,,false,false,false,false,false,false,false
KIOCL,KIOCL.NS,KIOCL Limited,EQ,INE880L01014,2016-11-29,10.0,,false,false,false,false,false,false,false
KIRANVYPAR,KIRANVYPAR.NS,Kiran Vyapar Limited,EQ,INE555P01013,2026-04-20,10.0,,false,false,false,false,false,false,false
KIRIINDUS,KIRIINDUS.NS,Kiri Industries Limited,EQ,INE415I01015,2008-04-22,10.0,,false,false,false,false,false,false,false
KIRLFER,KIRLFER.NS,Kirloskar Ferrous Industries Limited,EQ,INE884B01025,2026-04-20,5.0,,false,false,false,false,false,false,false
KIRLOSBROS,KIRLOSBROS.NS,Kirloskar Brothers Limited,EQ,INE732A01036,2010-04-20,2.0,,false,false,false,false,false,false,false
KIRLOSENG,KIRLOSENG.NS,Kirloskar Oil Engines Limited,EQ,INE146L01010,2010-12-24,2.0,Capital Goods,false,false,false,false,true,false,true
KIRLOSIND,KIRLOSIND.NS,Kirloskar Industries Limited,EQ,INE250A01039,2010-06-24,10.0,,false,false,false,false,false,false,false
KIRLPNU,KIRLPNU.NS,Kirloskar Pneumatic Company Limited,EQ,INE811A01038,2023-04-26,1.0,,false,false,false,false,false,false,false
KISSHT,KISSHT.NS,OnEMI Technology Solutions Limited,EQ,INE12F801023,2026-05-08,1.0,,false,false,false,false,false,false,false
KITEX,KITEX.NS,Kitex Garments Limited,EQ,INE602G01020,2012-09-25,1.0,,false,false,false,false,false,false,false
KJMCFIN,KJMCFIN.NS,KJMC Financial Services Limited,EQ,INE533C01018,2026-08-17,10.0,,false,false,false,false,false,false,false
KKCL,KKCL.NS,Kewal Kiran Clothing Limited,EQ,INE401H01017,2006-04-13,10.0,,false,false,false,false,false,false,false
KLBRENG-B,KLBRENG-B.NS,Kilburn Engineering Limited,EQ,INE338F01015,2026-04-20,10.0,,false,false,false,false,false,false,false
KMCSHIL,KMCSHIL.NS,K M C Speciality Hospitals (India) Limited,EQ,INE879K01018,2026-08-17,1.0,,false,false,false,false,false,false,false
KMEW,KMEW.NS,Knowledge Marine & Engineering Works Limited,EQ,INE0CJD01029,2024-11-14,5.0,,false,false,false,false,false,false,false
KMSUGAR,KMSUGAR.NS,K.M.Sugar Mills Limited,EQ,INE157H01023,2007-05-31,2.0,,false,false,false,false,false,false,false
KNACK,KNACK.NS,Knack Packaging Limited,EQ,INE17QZ01016,2026-07-08,10.0,,false,false,false,false,false,false,false
KNAGRI,KNAGRI.NS,KN Agri Resources Limited,EQ,INE0KNW01016,2025-12-09,10.0,,false,false,false,false,false,false,false
KNRCON,KNRCON.NS,KNR Constructions Limited,EQ,INE634I01029,2008-02-18,2.0,,false,false,false,false,false,false,false
KOHINOOR,KOHINOOR.NS,Kohinoor Foods Limited,EQ,INE080B01012,1999-10-20,10.0,,false,false,false,false,false,false,false
KOKUYOCMLN,KOKUYOCMLN.NS,Kokuyo Camlin Limited,EQ,INE760A01029,2008-07-28,1.0,,false,false,false,false,false,false,false
KOLTEPATIL,KOLTEPATIL.NS,Kolte - Patil Developers Limited,EQ,INE094I01018,2007-12-13,10.0,,false,false,false,false,false,false,false
KOPRAN,KOPRAN.NS,Kopran Limited,BE,INE082A01010,1999-06-09,10.0,,false,false,false,false,false,false,false
KOTAKBANK,KOTAKBANK.NS,Kotak Mahindra Bank Limited,EQ,INE237A01036,1995-12-20,1.0,Financial Services,true,false,true,true,true,false,false
KOTARISUG,KOTARISUG.NS,Kothari Sugars And Chemicals Limited,BE,INE419A01022,2004-12-13,10.0,,false,false,false,false,false,false,false
KOTHARIPET,KOTHARIPET.NS,Kothari Petrochemicals Limited,EQ,INE720A01015,1996-11-02,10.0,,false,false,false,false,false,false,false
KOTHARIPRO,KOTHARIPRO.NS,Kothari Products Limited,EQ,INE823A01017,1998-06-03,10.0,,false,false,false,false,false,false,false
KOTIC,KOTIC.NS,Kothari Industrial Corporation Limited,EQ,INE972A01020,2026-04-20,5.0,,false,false,false,false,false,false,false
KOTYARK,KOTYARK.NS,Kotyark Industries Limited,BE,INE0J0B01017,2026-03-12,10.0,,false,false,false,false,false,false,false
KOVAI,KOVAI.NS,Kovai Medical Center & Hospital Limited,EQ,INE177F01017,2026-04-20,10.0,,false,false,false,false,false,false,false
KPEL,KPEL.NS,K.P. Energy Limited,EQ,INE127T01021,2024-11-14,5.0,,false,false,false,false,false,false,false
KPIGREEN,KPIGREEN.NS,KPI Green Energy Limited,EQ,INE542W01025,2021-07-27,5.0,,false,false,false,false,false,false,false
KPIL,KPIL.NS,Kalpataru Projects International Limited,EQ,INE220B01022,2000-12-15,2.0,Construction,false,false,false,false,true,false,true
KPITTECH,KPITTECH.NS,KPIT Technologies Limited,EQ,INE04I401011,2019-04-22,10.0,Information Technology,false,false,false,true,true,true,false
KPL,KPL.NS,Kwality Pharmaceuticals Limited,EQ,INE552U01010,2026-04-20,10.0,,false,false,false,false,false,false,false
KPRMILL,KPRMILL.NS,K.P.R. Mill Limited,EQ,INE930H01031,2007-08-28,1.0,Textiles,false,false,false,false,true,true,false
KRBL,KRBL.NS,KRBL Limited,EQ,INE001B01026,2002-01-21,1.0,,false,false,false,false,false,false,false
KREBSBIO,KREBSBIO.NS,Krebs Biochemicals and Industries Limited,EQ,INE268B01013,1996-01-03,10.0,,false,false,false,false,false,false,false
KRIDHANINF,KRIDHANINF.NS,Kridhan Infra Limited,BE,INE524L01026,2015-12-11,2.0,,false,false,false,false,false,false,false
KRISHANA,KRISHANA.NS,Krishana Phoschem Limited,EQ,INE506W01020,2019-08-22,2.0,,false,false,false,false,false,false,false
KRISHIVAL,KRISHIVAL.NS,Krishival Foods Limited,EQ,INE0GGO01015,2025-06-20,10.0,,false,false,false,false,false,false,false
KRISHNADEF,KRISHNADEF.NS,Krishna Defence And Allied Industries Limited,EQ,INE0J5601015,2025-12-30,10.0,,false,false,false,false,false,false,false
KRITI,KRITI.NS,Kriti Industries (India) Limited,EQ,INE479D01038,2021-11-01,1.0,,false,false,false,false,false,false,false
KRITIKA,KRITIKA.NS,Kritika Wires Limited,EQ,INE00Z501029,2022-05-04,2.0,,false,false,false,false,false,false,false
KRITINUT,KRITINUT.NS,Kriti Nutrients Limited,EQ,INE798K01010,2022-10-07,1.0,,false,false,false,false,false,false,false
KRN,KRN.NS,KRN Heat Exchanger and Refrigeration Limited,EQ,INE0Q3J01015,2024-10-03,10.0,,false,false,false,false,false,false,false
KRONOX,KRONOX.NS,Kronox Lab Sciences Limited,BE,INE0ATZ01017,2024-06-10,10.0,,false,false,false,false,false,false,false
KROSS,KROSS.NS,Kross Limited,EQ,INE0O6601022,2024-09-16,5.0,,false,false,false,false,false,false,false
KRSNAA,KRSNAA.NS,Krsnaa Diagnostics Limited,EQ,INE08LI01020,2021-08-16,5.0,,false,false,false,false,false,false,false
KRYSTAL,KRYSTAL.NS,Krystal Integrated Services Limited,EQ,INE0QN801017,2024-03-21,10.0,,false,false,false,false,false,false,false
KSB,KSB.NS,Ksb Limited,EQ,INE999A01023,1995-02-08,2.0,,false,false,false,false,false,false,false
KSCL,KSCL.NS,Kaveri Seed Company Limited,EQ,INE455I01029,2007-10-04,2.0,,false,false,false,false,false,false,false
KSE,KSE.NS,KSE Limited,EQ,INE953E01022,2026-08-17,1.0,,false,false,false,false,false,false,false
KSHINTL,KSHINTL.NS,KSH International Limited,EQ,INE987S01020,2025-12-23,5.0,,false,false,false,false,false,false,false
KSHITIJ-RE,KSHITIJ-RE.NS,Kshitij Polyline Ltd-RE,BE,INE013820027,2026-08-27,2.0,,false,false,false,false,false,false,false
KSHITIJPOL,KSHITIJPOL.NS,Kshitij Polyline Limited,EQ,INE013801027,2022-07-27,2.0,,false,false,false,false,false,false,false
KSL,KSL.NS,Kalyani Steels Limited,EQ,INE907A01026,2010-05-19,5.0,,false,false,false,false,false,false,false
KSOLVES,KSOLVES.NS,Ksolves India Limited,EQ,INE0D6I01023,2022-09-23,5.0,,false,false,false,false,false,false,false
KSR,KSR.NS,KSR Footwear Limited,EQ,INE1SPP01016,2025-11-27,10.0,,false,false,false,false,false,false,false
KTKBANK,KTKBANK.NS,The Karnataka Bank Limited,EQ,INE614B01018,2000-05-10,10.0,,false,false,false,false,false,false,false
KUANTUM,KUANTUM.NS,Kuantum Papers Limited,EQ,INE529I01021,2019-10-23,1.0,,false,false,false,false,false,false,false
KUSUMGAR,KUSUMGAR.NS,Kusumgar Limited,EQ,INE0ISX01025,2026-07-15,1.0,,false,false,false,false,false,false,false
KWIL,KWIL.NS,Kwality Wall's (India) Limited,EQ,INE2KCE01013,2026-02-16,1.0,,false,false,false,false,false,false,false
LADDERUP,LADDERUP.NS,Ladderup Finance Limited,EQ,INE519D01015,2026-08-17,10.0,,false,false,false,false,false,false,false
LAGNAM,LAGNAM.NS,Lagnam Spintex Limited,EQ,INE548Z01017,2021-09-30,10.0,,false,false,false,false,false,false,false
LAHOTIOV,LAHOTIOV.NS,Lahoti Overseas Limited,EQ,INE515C01023,2026-04-20,2.0,,false,false,false,false,false,false,false
LAKPRE,LAKPRE.NS,Lakshmi Precision Screws Limited,BZ,INE651C01018,2006-09-26,10.0,,false,false,false,false,false,false,false
LAKSHMIMIL,LAKSHMIMIL.NS,Lakshmi Mills Company Limited,EQ,INE938C01019,2026-08-17,100.0,,false,false,false,false,false,false,false
LAL,LAL.NS,Lorenzini Apparels Limited,EQ,INE740X01023,2023-04-10,1.0,,false,false,false,false,false,false,false
LALITHAA,LALITHAA.NS,Lalithaa Jewellery Mart Limited,EQ,INE0K9O01026,2026-08-24,5.0,,false,false,false,false,false,false,false
LALPATHLAB,LALPATHLAB.NS,Dr. Lal Path Labs Ltd.,EQ,INE600L01024,2015-12-23,10.0,Healthcare,false,false,false,false,true,false,true
LAMBODHARA,LAMBODHARA.NS,Lambodhara Textiles Limited,EQ,INE112F01022,2015-02-04,5.0,,false,false,false,false,false,false,false
LANCER,LANCER.NS,Lancer Container Lines Limited,EQ,INE359U01028,2026-08-17,5.0,,false,false,false,false,false,false,false
LANCORHOL,LANCORHOL.NS,Lancor Holdings Limited,EQ,INE572G01025,2024-03-12,2.0,,false,false,false,false,false,false,false
LANDMARK,LANDMARK.NS,Landmark Cars Limited,EQ,INE559R01029,2022-12-23,5.0,,false,false,false,false,false,false,false
LANDSMILL,LANDSMILL.NS,Landsmill Green Limited,EQ,INE688J01023,2009-08-03,1.0,,false,false,false,false,false,false,false
LAOPALA,LAOPALA.NS,La Opala RG Limited,EQ,INE059D01020,2007-03-16,2.0,,false,false,false,false,false,false,false
LASA,LASA.NS,Lasa Supergenerics Limited,EQ,INE670X01014,2017-09-21,10.0,,false,false,false,false,false,false,false
LASERPOWER,LASERPOWER.NS,Laser Power & Infra Limited,EQ,INE17IR01028,2026-07-16,5.0,,false,false,false,false,false,false,false
LATENTVIEW,LATENTVIEW.NS,Latent View Analytics Limited,EQ,INE0I7C01011,2021-11-23,1.0,Information Technology,false,false,false,false,true,false,true
LATTEYS,LATTEYS.NS,Latteys Industries Limited,EQ,INE262Z01023,2023-05-23,2.0,,false,false,false,false,false,false,false
LAURUSLABS,LAURUSLABS.NS,Laurus Labs Limited,EQ,INE947Q01028,2016-12-19,2.0,Healthcare,false,false,false,true,true,true,false
LAXMICOT,LAXMICOT.NS,Laxmi Cotspin Limited,EQ,INE801V01019,2021-11-12,10.0,,false,false,false,false,false,false,false
LAXMIDENTL,LAXMIDENTL.NS,Laxmi Dental Limited,EQ,INE0WO601020,2025-01-20,2.0,,false,false,false,false,false,false,false
LAXMIINDIA,LAXMIINDIA.NS,Laxmi India Finance Limited,EQ,INE06WU01026,2025-08-05,5.0,,false,false,false,false,false,false,false
LCCINFOTEC,LCCINFOTEC.NS,LCC Infotech Limited,EQ,INE938A01021,2000-03-02,2.0,,false,false,false,false,false,false,false
LCL,LCL.NS,Lohia Corp Limited,EQ,INE0QJW01029,2026-07-30,1.0,,false,false,false,false,false,false,false
LEAPIND,LEAPIND.NS,LEAP India Limited,EQ,INE00GO01025,2026-08-14,1.0,,false,false,false,false,false,false,false
LEENEE,LEENEE.NS,Lee & Nee Softwares Exports Limited,EQ,INE791B01014,2026-08-17,10.0,,false,false,false,false,false,false,false
LEMERITE,LEMERITE.NS,Le Merite Exports Limited,EQ,INE0G1L01025,2025-12-12,2.0,,false,false,false,false,false,false,false
LEMONTREE,LEMONTREE.NS,Lemon Tree Hotels Limited,EQ,INE970X01018,2018-04-09,10.0,Consumer Services,false,false,false,false,true,false,true
LENSKART,LENSKART.NS,Lenskart Solutions Limited,EQ,INE956O01016,2025-11-10,2.0,Consumer Services,false,false,false,true,true,true,false
LEXUS,LEXUS.NS,Lexus Granito (India) Limited,EQ,INE500X01013,2023-03-13,10.0,,false,false,false,false,false,false,false
LFIC,LFIC.NS,Lakshmi Finance & Industrial Corporation Limited,EQ,INE850E01012,2015-04-15,10.0,,false,false,false,false,false,false,false
LGBBROSLTD,LGBBROSLTD.NS,LG Balakrishnan & Bros Limited,EQ,INE337A01034,2010-03-30,10.0,,false,false,false,false,false,false,false
LGEINDIA,LGEINDIA.NS,LG Electronics India Limited,EQ,INE324D01010,2025-10-14,10.0,Consumer Durables,false,false,false,true,true,true,false
LGHL,LGHL.NS,Laxmi Goldorna House Limited,EQ,INE258Y01016,2023-11-10,10.0,,false,false,false,false,false,false,false
LIBAS,LIBAS.NS,Libas Consumer Products Limited,EQ,INE908V01012,2019-07-23,10.0,,false,false,false,false,false,false,false
LIBERTSHOE,LIBERTSHOE.NS,Liberty Shoes Limited,EQ,INE557B01019,1995-09-27,10.0,,false,false,false,false,false,false,false
LICHSGFIN,LICHSGFIN.NS,LIC Housing Finance Limited,EQ,INE115A01026,1998-07-29,2.0,Financial Services,false,false,false,true,true,true,false
LICI,LICI.NS,Life Insurance Corporation Of India,EQ,INE0J1Y01017,2022-05-17,10.0,Financial Services,false,false,false,false,true,true,false
LIKHITHA,LIKHITHA.NS,Likhitha Infrastructure Limited,EQ,INE060901027,2020-10-15,5.0,,false,false,false,false,false,false,false
LINC,LINC.NS,Linc Limited,EQ,INE802B01027,2015-03-09,5.0,,false,false,false,false,false,false,false
LINCOLN,LINCOLN.NS,Lincoln Pharmaceuticals Limited,EQ,INE405C01035,2015-12-17,10.0,,false,false,false,false,false,false,false
LINDEINDIA,LINDEINDIA.NS,Linde India Limited,EQ,INE473A01011,1999-06-16,10.0,Chemicals,false,false,false,false,true,true,false
LKPSEC,LKPSEC.NS,LKP Securities Limited,EQ,INE341H01023,2026-08-17,2.0,,false,false,false,false,false,false,false
LLOYDSENGG,LLOYDSENGG.NS,LLOYDS ENGINEERING WORKS LIMITED,EQ,INE093R01011,2016-07-18,1.0,,false,false,false,false,false,false,false
LLOYDSENT,LLOYDSENT.NS,Lloyds Enterprises Limited,EQ,INE080I01025,2024-10-17,1.0,,false,false,false,false,false,false,false
LLOYDSME,LLOYDSME.NS,Lloyds Metals And Energy Limited,EQ,INE281B01032,2023-07-17,1.0,Metals & Mining,false,false,false,false,true,true,false
LMW,LMW.NS,LMW Limited,EQ,INE269B01029,1995-03-29,10.0,,false,false,false,false,false,false,false
LODHA,LODHA.NS,Lodha Developers Limited,EQ,INE670K01029,2021-04-19,10.0,Realty,false,true,true,true,true,false,false
LOKESHMACH,LOKESHMACH.NS,Lokesh Machines Limited,BE,INE397H01017,2006-05-05,10.0,,false,false,false,false,false,false,false
LORDSCHLO,LORDSCHLO.NS,Lords Chloro Alkali Limited,EQ,INE846D01012,2023-08-28,10.0,,false,false,false,false,false,false,false
LOTUSCHO,LOTUSCHO.NS,Lotus Chocolate Company Limited,EQ,INE026D01011,2026-08-17,10.0,,false,false,false,false,false,false,false
LOTUSDEV,LOTUSDEV.NS,Sri Lotus Developers and Realty Limited,BE,INE0V9Q01010,2025-08-06,1.0,,false,false,false,false,false,false,false
LOTUSEYE,LOTUSEYE.NS,Lotus Eye Hospital and Institute Limited,EQ,INE947I01017,2008-07-11,10.0,,false,false,false,false,false,false,false
LOVABLE,LOVABLE.NS,Lovable Lingerie Limited,EQ,INE597L01014,2011-03-24,10.0,,false,false,false,false,false,false,false
LOYALTEX,LOYALTEX.NS,Loyal Textile Mills Limited,EQ,INE970D01010,2022-08-11,10.0,,false,false,false,false,false,false,false
LPDC,LPDC.NS,Landmark Property Development Company Limited,EQ,INE197J01017,2008-08-12,1.0,,false,false,false,false,false,false,false
LT,LT.NS,Larsen & Toubro Limited,EQ,INE018A01030,2004-06-23,2.0,Construction,true,false,true,true,true,false,false
LTF,LTF.NS,L&T Finance Limited,EQ,INE498L01015,2011-08-12,10.0,Financial Services,false,false,false,true,true,true,false
LTFOODS,LTFOODS.NS,LT Foods Limited,EQ,INE818H01020,2006-12-18,1.0,Fast Moving Consumer Goods,false,false,false,false,true,false,true
LTM,LTM.NS,LTM Limited,EQ,INE214T01019,2016-07-21,1.0,Information Technology,false,true,true,true,true,false,false
LTTS,LTTS.NS,L&T Technology Services Limited,EQ,INE010V01017,2016-09-23,2.0,Information Technology,false,false,false,false,true,true,false
LUMAXIND,LUMAXIND.NS,Lumax Industries Limited,EQ,INE162B01018,1995-09-06,10.0,,false,false,false,false,false,false,false
LUMAXTECH,LUMAXTECH.NS,Lumax Auto Technologies Limited,EQ,INE872H01027,2007-01-16,2.0,,false,false,false,false,false,false,false
LUPIN,LUPIN.NS,Lupin Limited,EQ,INE326A01037,2001-09-10,2.0,Healthcare,false,false,false,true,true,true,false
LUXIND,LUXIND.NS,Lux Industries Limited,EQ,INE150G01020,2015-11-30,2.0,,false,false,false,false,false,false,false
LXCHEM,LXCHEM.NS,Laxmi Organic Industries Limited,EQ,INE576O01020,2021-03-25,2.0,,false,false,false,false,false,false,false
LYKALABS,LYKALABS.NS,Lyka Labs Limited,BE,INE933A01014,1995-02-08,10.0,,false,false,false,false,false,false,false
M&M,M&M.NS,Mahindra & Mahindra Limited,EQ,INE101A01026,1996-01-03,5.0,Automobile and Auto Components,true,false,true,true,true,false,false
M&MFIN,M&MFIN.NS,Mahindra & Mahindra Financial Services Limited,EQ,INE774D01024,2006-03-17,2.0,Financial Services,false,false,false,true,true,true,false
MAANALU,MAANALU.NS,Maan Aluminium Limited,EQ,INE215I01027,2007-10-22,5.0,,false,false,false,false,false,false,false
MACPOWER,MACPOWER.NS,Macpower CNC Machines Limited,EQ,INE155Z01011,2020-08-19,10.0,,false,false,false,false,false,false,false
MADHAV,MADHAV.NS,Madhav Marbles and Granites Limited,EQ,INE925C01016,2007-12-20,10.0,,false,false,false,false,false,false,false
MADHAVIPL,MADHAVIPL.NS,Madhav Infra Projects Limited,EQ,INE631R01026,2026-04-20,1.0,,false,false,false,false,false,false,false
MADHUCON,MADHUCON.NS,Madhucon Projects Limited,BE,INE378D01032,2006-10-05,1.0,,false,false,false,false,false,false,false
MADRASFERT,MADRASFERT.NS,Madras Fertilizers Limited,EQ,INE414A01015,1997-07-25,10.0,,false,false,false,false,false,false,false
MAFATIND,MAFATIND.NS,Mafatlal Industries Limited,EQ,INE270B01035,2026-04-20,2.0,,false,false,false,false,false,false,false
MAGADSUGAR,MAGADSUGAR.NS,Magadh Sugar & Energy Limited,EQ,INE347W01011,2017-07-28,10.0,,false,false,false,false,false,false,false
MAGNUM,MAGNUM.NS,Magnum Ventures Limited,EQ,INE387I01016,2007-09-20,10.0,,false,false,false,false,false,false,false
MAHABANK,MAHABANK.NS,Bank of Maharashtra,EQ,INE457A01014,2004-04-12,10.0,Financial Services,false,false,false,false,true,true,false
MAHAPEXLTD,MAHAPEXLTD.NS,Maha Rashtra Apex Corporation Limited,EQ,INE843B01013,1998-01-21,10.0,,false,false,false,false,false,false,false
MAHASTEEL,MAHASTEEL.NS,Mahamaya Steel Industries Limited,BE,INE451L01014,2016-07-01,10.0,,false,false,false,false,false,false,false
MAHEPC,MAHEPC.NS,Mahindra EPC Irrigation Limited,EQ,INE215D01010,2020-02-14,10.0,,false,false,false,false,false,false,false
MAHESHWARI,MAHESHWARI.NS,Maheshwari Logistics Limited,BE,INE263W01010,2019-04-15,10.0,,false,false,false,false,false,false,false
MAHLIFE,MAHLIFE.NS,Mahindra Lifespace Developers Limited,EQ,INE813A01018,2000-05-10,10.0,,false,false,false,false,false,false,false
MAHLOG,MAHLOG.NS,Mahindra Logistics Limited,EQ,INE766P01016,2017-11-10,10.0,,false,false,false,false,false,false,false
MAHSCOOTER,MAHSCOOTER.NS,Maharashtra Scooters Limited,EQ,INE288A01013,1995-02-08,10.0,,false,false,false,false,false,false,false
MAHSEAMLES,MAHSEAMLES.NS,Maharashtra Seamless Limited,EQ,INE271B01025,2004-08-25,5.0,,false,false,false,false,false,false,false
MAITHANALL,MAITHANALL.NS,Maithan Alloys Limited,EQ,INE683C01011,2011-07-05,10.0,,false,false,false,false,false,false,false
MAJESAUT,MAJESAUT.NS,Majestic Auto Limited,BE,INE201B01022,2026-04-20,10.0,,false,false,false,false,false,false,false
MAKERSL,MAKERSL.NS,Makers Laboratories Limited,EQ,INE987A01010,2026-08-17,10.0,,false,false,false,false,false,false,false
MALLCOM,MALLCOM.NS,Mallcom (India) Limited,EQ,INE389C01015,2022-02-02,10.0,,false,false,false,false,false,false,false
MALUPAPER,MALUPAPER.NS,Malu Paper Mills Limited,EQ,INE383H01017,2006-04-05,10.0,,false,false,false,false,false,false,false
MAMATA,MAMATA.NS,Mamata Machinery Limited,EQ,INE0TO701015,2024-12-27,10.0,,false,false,false,false,false,false,false
MANAKALUCO,MANAKALUCO.NS,Manaksia Aluminium Company Limited,EQ,INE859Q01017,2015-03-30,1.0,,false,false,false,false,false,false,false
MANAKCOAT,MANAKCOAT.NS,Manaksia Coated Metals & Industries Limited,EQ,INE830Q01018,2015-03-30,1.0,,false,false,false,false,false,false,false
MANAKSIA,MANAKSIA.NS,Manaksia Limited,EQ,INE015D01022,2008-01-08,2.0,,false,false,false,false,false,false,false
MANAKSTEEL,MANAKSTEEL.NS,Manaksia Steels Limited,EQ,INE824Q01011,2015-03-30,1.0,,false,false,false,false,false,false,false
MANALIPETC,MANALIPETC.NS,Manali Petrochemicals Limited,EQ,INE201A01024,2006-12-06,5.0,,false,false,false,false,false,false,false
MANAPPURAM,MANAPPURAM.NS,Manappuram Finance Limited,EQ,INE522D01027,2014-12-01,2.0,Financial Services,false,false,false,false,true,false,true
MANBA,MANBA.NS,Manba Finance Limited,EQ,INE939X01013,2024-09-30,10.0,,false,false,false,false,false,false,false
MANBRO,MANBRO.NS,Manbro Industries Limited,EQ,INE348N01042,2026-08-17,1.0,,false,false,false,false,false,false,false
MANCREDIT,MANCREDIT.NS,Mangal Credit and Fincorp Limited,EQ,INE545L01039,2024-08-16,10.0,,false,false,false,false,false,false,false
MANGALAM,MANGALAM.NS,Mangalam Drugs And Organics Limited,EQ,INE584F01014,2005-05-23,10.0,,false,false,false,false,false,false,false
MANGLMCEM,MANGLMCEM.NS,Mangalam Cement Limited,EQ,INE347A01017,1996-01-03,10.0,,false,false,false,false,false,false,false
MANINDS,MANINDS.NS,Man Industries (India) Limited,EQ,INE993A01026,2005-06-24,5.0,,false,false,false,false,false,false,false
MANINFRA,MANINFRA.NS,Man Infraconstruction Limited,EQ,INE949H01023,2010-03-11,2.0,,false,false,false,false,false,false,false
MANIPALHOS,MANIPALHOS.NS,Manipal Health Enterprises Limited,EQ,INE459N01021,2026-08-05,2.0,,false,false,false,false,false,false,false
MANKIND,MANKIND.NS,Mankind Pharma Limited,EQ,INE634S01028,2023-05-09,1.0,Healthcare,false,false,false,true,true,true,false
MANOMAY,MANOMAY.NS,Manomay Tex India Limited,EQ,INE784W01015,2023-01-18,10.0,,false,false,false,false,false,false,false
MANORAMA,MANORAMA.NS,Manorama Industries Limited,EQ,INE00VM01036,2022-07-01,2.0,,false,false,false,false,false,false,false
MANORG,MANORG.NS,Mangalam Organics Limited,EQ,INE370D01013,2021-11-02,10.0,,false,false,false,false,false,false,false
MANUGRAPH,MANUGRAPH.NS,Manugraph India Limited,BE,INE867A01022,2006-09-14,2.0,,false,false,false,false,false,false,false
MANYAVAR,MANYAVAR.NS,Vedant Fashions Limited,EQ,INE825V01034,2022-02-16,1.0,,false,false,false,false,false,false,false
MAPMYINDIA,MAPMYINDIA.NS,C.E. Info Systems Limited,EQ,INE0BV301023,2021-12-21,2.0,Information Technology,false,false,false,false,true,false,true
MARALOVER,MARALOVER.NS,Maral Overseas Limited,EQ,INE882A01013,1995-02-08,10.0,,false,false,false,false,false,false,false
MARATHON,MARATHON.NS,Marathon Nextgen Realty Limited,EQ,INE182D01020,2016-09-29,5.0,,false,false,false,false,false,false,false
MARICO,MARICO.NS,Marico Limited,EQ,INE196A01026,1996-05-01,1.0,Fast Moving Consumer Goods,false,false,false,true,true,true,false
MARINE,MARINE.NS,Marine Electricals (India) Limited,EQ,INE01JE01028,2020-12-02,2.0,,false,false,false,false,false,false,false
MARKOLINES,MARKOLINES.NS,Markolines Pavement Technologies Limited,EQ,INE0FW001016,2025-10-14,10.0,,false,false,false,false,false,false,false
MARKSANS,MARKSANS.NS,Marksans Pharma Limited,EQ,INE750C01026,2002-01-21,1.0,,false,false,false,false,false,false,false
MARSONS,MARSONS.NS,Marsons Limited,EQ,INE415B01044,2026-03-13,1.0,,false,false,false,false,false,false,false
MARUTI,MARUTI.NS,Maruti Suzuki India Limited,EQ,INE585B01010,2003-07-09,5.0,Automobile and Auto Components,true,false,true,true,true,false,false
MASFIN,MASFIN.NS,MAS Financial Services Limited,EQ,INE348L01012,2017-10-18,10.0,,false,false,false,false,false,false,false
MASKINVEST,MASKINVEST.NS,Mask Investments Limited,EQ,INE885F01015,2016-10-14,10.0,,false,false,false,false,false,false,false
MASTEK,MASTEK.NS,Mastek Limited,EQ,INE759A01021,1995-05-10,5.0,,false,false,false,false,false,false,false
MASTERTR,MASTERTR.NS,Master Trust Limited,EQ,INE677D01037,2024-11-12,1.0,,false,false,false,false,false,false,false
MATRIMONY,MATRIMONY.NS,Matrimony.Com Limited,EQ,INE866R01028,2017-09-21,5.0,,false,false,false,false,false,false,false
MAWANASUG,MAWANASUG.NS,Mawana Sugars Limited,EQ,INE636A01039,2009-03-20,10.0,,false,false,false,false,false,false,false
MAXESTATES,MAXESTATES.NS,Max Estates Limited,EQ,INE03EI01018,2023-10-30,10.0,,false,false,false,false,false,false,false
MAXHEALTH,MAXHEALTH.NS,Max Healthcare Institute Limited,EQ,INE027H01010,2020-08-21,10.0,Healthcare,true,false,true,true,true,false,false
MAXIND,MAXIND.NS,Max India Limited,EQ,INE0CG601016,2020-08-28,10.0,,false,false,false,false,false,false,false
MAYURUNIQ,MAYURUNIQ.NS,Mayur Uniquoters Ltd,EQ,INE040D01038,2012-09-25,5.0,,false,false,false,false,false,false,false
MAZDA,MAZDA.NS,Mazda Limited,BE,INE885E01042,2016-11-01,2.0,,false,false,false,false,false,false,false
MAZDOCK,MAZDOCK.NS,Mazagon Dock Shipbuilders Limited,EQ,INE249Z01020,2020-10-12,5.0,Capital Goods,false,true,true,true,true,false,false
MBAPL,MBAPL.NS,Madhya Bharat Agro Products Limited,EQ,INE900L01028,2019-08-22,2.0,,false,false,false,false,false,false,false
MBEL,MBEL.NS,M & B Engineering Limited,EQ,INE08N601015,2025-08-06,10.0,,false,false,false,false,false,false,false
MBLINFRA,MBLINFRA.NS,MBL Infrastructure Limited,EQ,INE912H01013,2010-01-11,10.0,,false,false,false,false,false,false,false
MCCHRLS-B,MCCHRLS-B.NS,Mac Charles India Limited,EQ,INE435D01014,2026-04-20,10.0,,false,false,false,false,false,false,false
MCL,MCL.NS,M TEK COPPER LIMITED,EQ,INE813V01022,2020-08-19,5.0,,false,false,false,false,false,false,false
MCLEODRUSS,MCLEODRUSS.NS,Mcleod Russel India Limited,EQ,INE942G01012,2005-07-29,5.0,,false,false,false,false,false,false,false
MCLOUD,MCLOUD.NS,Magellanic Cloud Limited,EQ,INE613C01026,2025-02-07,2.0,,false,false,false,false,false,false,false
MCX,MCX.NS,Multi Commodity Exchange of India Limited,EQ,INE745G01043,2012-03-09,2.0,Financial Services,false,false,false,true,true,true,false
MEDANTA,MEDANTA.NS,Global Health Limited,EQ,INE474Q01031,2022-11-16,2.0,Healthcare,false,false,false,false,true,true,false
MEDIASSIST,MEDIASSIST.NS,Medi Assist Healthcare Services Limited,EQ,INE456Z01021,2024-01-23,5.0,,false,false,false,false,false,false,false
MEDICAMEQ,MEDICAMEQ.NS,Medicamen Biotech Limited,EQ,INE646B01010,2021-10-27,10.0,,false,false,false,false,false,false,false
MEDICAPQ,MEDICAPQ.NS,Medi Caps Limited,EQ,INE442D01010,2026-08-17,10.0,,false,false,false,false,false,false,false
MEDICO,MEDICO.NS,Medico Remedies Limited,EQ,INE630Y01024,2022-05-26,2.0,,false,false,false,false,false,false,false
MEDPLUS,MEDPLUS.NS,Medplus Health Services Limited,EQ,INE804L01022,2021-12-23,2.0,,false,false,false,false,false,false,false
MEESHO,MEESHO.NS,Meesho Limited,EQ,INE0VDM01015,2025-12-10,1.0,Consumer Services,false,false,false,false,true,false,true
MEGASTAR,MEGASTAR.NS,Megastar Foods Limited,EQ,INE00EM01016,2022-02-16,10.0,,false,false,false,false,false,false,false
MEIL,MEIL.NS,Mangal Electrical Industries Limited,EQ,INE0PKD01011,2025-08-28,10.0,,false,false,false,false,false,false,false
MENNPIS,MENNPIS.NS,Menon Pistons Limited,EQ,INE650G01029,2026-04-20,1.0,,false,false,false,false,false,false,false
MENONBE,MENONBE.NS,Menon Bearings Limited,BE,INE071D01033,2015-03-09,1.0,,false,false,false,false,false,false,false
MEP,MEP.NS,MEP Infrastructure Developers Limited,BZ,INE776I01010,2015-05-06,10.0,,false,false,false,false,false,false,false
MERCANTILE,MERCANTILE.NS,Mercantile Ventures Limited,EQ,INE689O01013,2026-04-20,10.0,,false,false,false,false,false,false,false
MERCURYEV,MERCURYEV.NS,Mercury Ev-Tech Limited,EQ,INE763M01028,2026-06-02,1.0,,false,false,false,false,false,false,false
METROBRAND,METROBRAND.NS,Metro Brands Limited,EQ,INE317I01021,2021-12-22,5.0,,false,false,false,false,false,false,false
METROGLOBL,METROGLOBL.NS,Metroglobal Limited,EQ,INE085D01033,2026-04-20,10.0,,false,false,false,false,false,false,false
METROPOLIS,METROPOLIS.NS,Metropolis Healthcare Limited,EQ,INE112L01020,2019-04-15,2.0,,false,false,false,false,false,false,false
MFML,MFML.NS,Mahalaxmi Fabric Mills Limited,EQ,INE0US801024,2024-08-27,10.0,,false,false,false,false,false,false,false
MFSL,MFSL.NS,Max Financial Services Limited,EQ,INE180A01020,2000-05-17,2.0,Financial Services,false,false,false,true,true,true,false
MGEL,MGEL.NS,Mangalam Global Enterprise Limited,BE,INE0APB01032,2020-12-23,1.0,,false,false,false,false,false,false,false
MGL,MGL.NS,Mahanagar Gas Limited,EQ,INE002S01010,2016-07-01,10.0,Oil Gas & Consumable Fuels,false,false,false,false,true,false,true
MHLXMIRU,MHLXMIRU.NS,Mahalaxmi Rubtech Limited,BE,INE112D01035,2022-01-27,10.0,,false,false,false,false,false,false,false
MHRIL,MHRIL.NS,Mahindra Holidays & Resorts India Limited,EQ,INE998I01010,2009-07-16,10.0,,false,false,false,false,false,false,false
MICEL,MICEL.NS,MIC Electronics Limited,BE,INE287C01037,2021-12-17,2.0,,false,false,false,false,false,false,false
MIDHANI,MIDHANI.NS,Mishra Dhatu Nigam Limited,EQ,INE099Z01011,2018-04-04,10.0,,false,false,false,false,false,false,false
MIDWESTLTD,MIDWESTLTD.NS,Midwest Limited,EQ,INE0XAD01024,2025-10-24,5.0,,false,false,false,false,false,false,false
MIIL,MIIL.NS,Meghna Infracon Infrastructure Limited,EQ,INE898Q01015,2026-08-17,10.0,,false,false,false,false,false,false,false
MILKYMIST,MILKYMIST.NS,Milky Mist Dairy Food Limited,EQ,INE00IT01020,2026-08-18,2.0,,false,false,false,false,false,false,false
MINALIND,MINALIND.NS,Minal Industries Limited,BE,INE097E01028,2026-08-17,2.0,,false,false,false,false,false,false,false
MINDACORP,MINDACORP.NS,Minda Corporation Limited,EQ,INE842C01021,2014-10-16,2.0,Automobile and Auto Components,false,false,false,false,true,false,true
MINDTECK,MINDTECK.NS,Mindteck (India) Limited,EQ,INE110B01017,2016-08-02,10.0,,false,false,false,false,false,false,false
MIRZAINT,MIRZAINT.NS,Mirza International Limited,EQ,INE771A01026,1999-04-28,2.0,,false,false,false,false,false,false,false
MITCON,MITCON.NS,MITCON Consultancy & Engineering Services Limited,BE,INE828O01033,2022-03-17,10.0,,false,false,false,false,false,false,false
MITTAL,MITTAL.NS,Mittal Life Style Limited,EQ,INE997Y01027,2020-04-29,1.0,,false,false,false,false,false,false,false
MKEXIM,MKEXIM.NS,M.K. Exim (India) Limited,EQ,INE227F01010,2026-08-17,10.0,,false,false,false,false,false,false,false
MKPL,MKPL.NS,M K Proteins Limited,EQ,INE964W01021,2023-06-13,1.0,,false,false,false,false,false,false,false
MLKFOOD,MLKFOOD.NS,Milkfood Limited,EQ,INE588G01021,2026-08-17,5.0,,false,false,false,false,false,false,false
MMFL,MMFL.NS,MM Forgings Limited,EQ,INE227C01017,2006-12-20,10.0,,false,false,false,false,false,false,false
MMP,MMP.NS,MMP Industries Limited,EQ,INE511Y01018,2020-01-09,10.0,,false,false,false,false,false,false,false
MMTC,MMTC.NS,MMTC Limited,EQ,INE123F01029,2012-04-09,1.0,Services,false,false,false,false,true,false,true
MMWL,MMWL.NS,Media Matrix Worldwide Limited,EQ,INE200D01020,2026-04-20,1.0,,false,false,false,false,false,false,false
MOBIKWIK,MOBIKWIK.NS,One Mobikwik Systems Limited,EQ,INE0HLU01028,2024-12-18,2.0,,false,false,false,false,false,false,false
MODINATUR,MODINATUR.NS,Modi Naturals Limited,BE,INE537F01012,2025-12-11,10.0,,false,false,false,false,false,false,false
MODIRUBBER,MODIRUBBER.NS,Modi Rubber Limited,EQ,INE832A01018,1996-02-07,10.0,,false,false,false,false,false,false,false
MODIS,MODIS.NS,Modis Navnirman Limited,EQ,INE0L0L01012,2025-11-14,10.0,,false,false,false,false,false,false,false
MODISONLTD,MODISONLTD.NS,MODISON LIMITED,BE,INE737D01021,2021-05-03,1.0,,false,false,false,false,false,false,false
MODTHREAD,MODTHREAD.NS,Modern Threads (India) Limited,EQ,INE794W01014,1995-11-22,10.0,,false,false,false,false,false,false,false
MOHITE,MOHITE.NS,Mohite Industries Limited,EQ,INE154B01023,2026-08-17,1.0,,false,false,false,false,false,false,false
MOHITIND,MOHITIND.NS,Mohit Industries Limited,EQ,INE954E01012,2013-03-14,10.0,,false,false,false,false,false,false,false
MOIL,MOIL.NS,MOIL Limited,EQ,INE490G01020,2010-12-15,10.0,,false,false,false,false,false,false,false
MOKSH,MOKSH.NS,Moksh Ornaments Limited,EQ,INE514Y01020,2021-05-21,2.0,,false,false,false,false,false,false,false
MOL,MOL.NS,Meghmani Organics Limited,EQ,INE0CT101020,2021-08-18,1.0,,false,false,false,false,false,false,false
MOLBIO,MOLBIO.NS,Molbio Diagnostics Limited,EQ,INE869T01028,2026-08-17,1.0,,false,false,false,false,false,false,false
MOLDTECH,MOLDTECH.NS,Mold-Tek Technologies Limited,BE,INE835B01035,2016-07-07,2.0,,false,false,false,false,false,false,false
MOLDTKPAC,MOLDTKPAC.NS,Mold-Tek Packaging Limited,EQ,INE893J01029,2015-02-23,5.0,,false,false,false,false,false,false,false
MONARCH,MONARCH.NS,Monarch Networth Capital Limited,EQ,INE903D01011,2022-01-06,10.0,,false,false,false,false,false,false,false
MONEYBOXX,MONEYBOXX.NS,Moneyboxx Finance Limited,EQ,INE296Q01012,2025-10-15,10.0,,false,false,false,false,false,false,false
MONTECARLO,MONTECARLO.NS,Monte Carlo Fashions Limited,EQ,INE950M01013,2014-12-19,10.0,,false,false,false,false,false,false,false
MOREPENLAB,MOREPENLAB.NS,Morepen Laboratories Limited,EQ,INE083A01026,1999-11-24,2.0,,false,false,false,false,false,false,false
MOSCHIP,MOSCHIP.NS,Moschip Technologies Limited,EQ,INE935B01025,2025-02-05,2.0,,false,false,false,false,false,false,false
MOTHERSON,MOTHERSON.NS,Samvardhana Motherson International Limited,EQ,INE775A01035,1996-08-14,1.0,Automobile and Auto Components,false,true,true,true,true,false,false
MOTILALOFS,MOTILALOFS.NS,Motilal Oswal Financial Services Limited,EQ,INE338I01027,2007-09-11,1.0,Financial Services,false,false,false,true,true,true,false
MOTISONS,MOTISONS.NS,Motisons Jewellers Limited,EQ,INE0FRK01020,2023-12-26,1.0,,false,false,false,false,false,false,false
MOTOGENFIN,MOTOGENFIN.NS,The Motor & General Finance Limited,BE,INE861B01023,1995-02-08,5.0,,false,false,false,false,false,false,false
MPDL,MPDL.NS,MPDL Limited,BE,INE493H01014,2026-08-17,10.0,,false,false,false,false,false,false,false
MPHASIS,MPHASIS.NS,MphasiS Limited,EQ,INE356A01018,2004-06-04,10.0,Information Technology,false,false,false,true,true,true,false
MPSLTD,MPSLTD.NS,MPS Limited,EQ,INE943D01017,2002-01-21,10.0,,false,false,false,false,false,false,false
MRF,MRF.NS,MRF Limited,EQ,INE883A01011,1996-09-18,10.0,Automobile and Auto Components,false,false,false,true,true,true,false
MRPL,MRPL.NS,Mangalore Refinery and Petrochemicals Limited,EQ,INE103A01014,2005-01-07,10.0,Oil Gas & Consumable Fuels,false,false,false,false,true,false,true
MSL,MSL.NS,Mangalam Seeds Limited,EQ,INE829S01016,2026-08-17,10.0,,false,false,false,false,false,false,false
MSPL,MSPL.NS,MSP Steel & Power Limited,EQ,INE752G01015,2005-07-18,10.0,,false,false,false,false,false,false,false
MSTCLTD,MSTCLTD.NS,Mstc Limited,EQ,INE255X01014,2019-03-29,10.0,,false,false,false,false,false,false,false
MSUMI,MSUMI.NS,Motherson Sumi Wiring India Limited,EQ,INE0FS801015,2022-03-28,1.0,Automobile and Auto Components,false,false,false,false,true,false,true
MTARTECH,MTARTECH.NS,Mtar Technologies Limited,BE,INE864I01014,2021-03-15,10.0,,false,false,false,false,false,false,false
MTEDUCARE,MTEDUCARE.NS,MT Educare Limited,BE,INE472M01018,2012-04-12,10.0,,false,false,false,false,false,false,false
MTNL,MTNL.NS,Mahanagar Telephone Nigam Limited,EQ,INE153A01019,1999-02-17,10.0,,false,false,false,false,false,false,false
MUFIN,MUFIN.NS,Mufin Green Finance Limited,EQ,INE08KJ01020,2023-11-06,1.0,,false,false,false,false,false,false,false
MUFTI,MUFTI.NS,Credo Brands Marketing Limited,EQ,INE220Q01020,2023-12-27,2.0,,false,false,false,false,false,false,false
MUKANDLTD,MUKANDLTD.NS,Mukand Limited,EQ,INE304A01026,2004-02-23,10.0,,false,false,false,false,false,false,false
MUKESHB,MUKESHB.NS,Mukesh Babu Financial Services Limited,EQ,INE596B01017,2026-08-17,10.0,,false,false,false,false,false,false,false
MUKKA,MUKKA.NS,Mukka Proteins Limited,EQ,INE0CG401037,2024-03-07,1.0,,false,false,false,false,false,false,false
MUKTAARTS,MUKTAARTS.NS,Mukta Arts Limited,BE,INE374B01019,2000-09-12,5.0,,false,false,false,false,false,false,false
MUNJALAU,MUNJALAU.NS,Munjal Auto Industries Limited,EQ,INE672B01032,2006-07-19,2.0,,false,false,false,false,false,false,false
MUNJALSHOW,MUNJALSHOW.NS,Munjal Showa Limited,EQ,INE577A01027,2003-05-12,2.0,,false,false,false,false,false,false,false
MURUDCERA,MURUDCERA.NS,Murudeshwar Ceramics Limited,EQ,INE692B01014,2004-05-28,10.0,,false,false,false,false,false,false,false
MUTHOOTCAP,MUTHOOTCAP.NS,Muthoot Capital Services Limited,EQ,INE296G01013,2015-08-24,10.0,,false,false,false,false,false,false,false
MUTHOOTFIN,MUTHOOTFIN.NS,Muthoot Finance Limited,EQ,INE414G01012,2011-05-06,10.0,Financial Services,false,true,true,true,true,false,false
MUTHOOTMF,MUTHOOTMF.NS,Muthoot Microfin Limited,EQ,INE046W01019,2023-12-26,10.0,,false,false,false,false,false,false,false
MVELECTRO,MVELECTRO.NS,MV Electrosystems Limited,EQ,INE0OWZ01020,2026-08-06,5.0,,false,false,false,false,false,false,false
MVGJL,MVGJL.NS,Manoj Vaibhav Gems N Jewellers Limited,EQ,INE0KNT01012,2023-10-03,10.0,,false,false,false,false,false,false,false
MWL,MWL.NS,Mangalam Worldwide Limited,EQ,INE0JYY01029,2025-09-18,1.0,,false,false,false,false,false,false,false
MYSORPETRO,MYSORPETRO.NS,Mysore Petro Chemicals Limited,BE,INE741A01011,2026-08-17,10.0,,false,false,false,false,false,false,false
NACLIND,NACLIND.NS,NACL Industries Limited,EQ,INE295D01020,2017-04-07,1.0,,false,false,false,false,false,false,false
NAGREEKCAP,NAGREEKCAP.NS,Nagreeka Capital & Infrastructure Limited,EQ,INE245I01016,2007-09-18,5.0,,false,false,false,false,false,false,false
NAGREEKEXP,NAGREEKEXP.NS,Nagreeka Exports Limited,EQ,INE123B01028,2007-06-18,5.0,,false,false,false,false,false,false,false
NAHARCAP,NAHARCAP.NS,Nahar Capital and Financial Services Limited,EQ,INE049I01012,2008-03-11,5.0,,false,false,false,false,false,false,false
NAHARINDUS,NAHARINDUS.NS,Nahar Industrial Enterprises Limited,EQ,INE289A01011,2005-12-15,10.0,,false,false,false,false,false,false,false
NAHARPOLY,NAHARPOLY.NS,Nahar Poly Films Limited,EQ,INE308A01027,2007-03-23,5.0,,false,false,false,false,false,false,false
NAHARSPING,NAHARSPING.NS,Nahar Spinning Mills Limited,EQ,INE290A01027,2007-03-23,5.0,,false,false,false,false,false,false,false
NAM-INDIA,NAM-INDIA.NS,Nippon Life India Asset Management Limited,EQ,INE298J01013,2017-11-06,10.0,Financial Services,false,false,false,false,true,true,false
NARMADA,NARMADA.NS,Narmada Agrobase Limited,EQ,INE117Z01029,2022-10-27,5.0,,false,false,false,false,false,false,false
NATCAPSUQ,NATCAPSUQ.NS,Natural Capsules Limited,EQ,INE936B01015,2025-02-14,10.0,,false,false,false,false,false,false,false
NATCOPHARM,NATCOPHARM.NS,Natco Pharma Limited,EQ,INE987B01026,1995-12-27,2.0,Healthcare,false,false,false,false,true,false,true
NATHBIOGEN,NATHBIOGEN.NS,Nath Bio-Genes (India) Limited,EQ,INE448G01010,2014-01-28,10.0,,false,false,false,false,false,false,false
NATIONALUM,NATIONALUM.NS,National Aluminium Company Limited,EQ,INE139A01034,1999-04-28,5.0,Metals & Mining,false,false,false,true,true,true,false
NATIONSTD,NATIONSTD.NS,National Standard (India) Limited,EQ,INE166R01015,2026-04-20,10.0,,false,false,false,false,false,false,false
NAUKRI,NAUKRI.NS,Info Edge (India) Limited,EQ,INE663F01032,2006-11-21,2.0,Consumer Services,false,false,false,true,true,true,false
NAVA,NAVA.NS,NAVA LIMITED,EQ,INE725A01030,1996-04-03,1.0,Power,false,false,false,false,true,false,true
NAVINFLUOR,NAVINFLUOR.NS,Navin Fluorine International Limited,EQ,INE048G01026,2007-06-01,2.0,Chemicals,false,false,false,false,true,false,true
NAVKARCORP,NAVKARCORP.NS,Navkar Corporation Limited,EQ,INE278M01019,2015-09-09,10.0,,false,false,false,false,false,false,false
NAVKARURB,NAVKARURB.NS,Navkar Urbanstructure Limited,BE,INE268H01044,2025-01-17,1.0,,false,false,false,false,false,false,false
NAVNETEDUL,NAVNETEDUL.NS,Navneet Education Limited,EQ,INE060A01024,1995-02-08,2.0,,false,false,false,false,false,false,false
NAZARA,NAZARA.NS,Nazara Technologies Limited,EQ,INE418L01047,2021-03-30,2.0,,false,false,false,false,false,false,false
NBCC,NBCC.NS,NBCC (India) Limited,EQ,INE095N01031,2012-04-12,1.0,Construction,false,false,false,false,true,false,true
NBIFIN,NBIFIN.NS,N. B. I. Industrial Finance Company Limited,EQ,INE365I01020,2016-11-23,5.0,,false,false,false,false,false,false,false
NCC,NCC.NS,NCC Limited,EQ,INE868B01028,2003-10-14,2.0,Construction,false,false,false,false,true,false,true
NCLIND,NCLIND.NS,NCL Industries Limited,EQ,INE732C01016,2007-04-03,10.0,,false,false,false,false,false,false,false
NDGL,NDGL.NS,Naga Dhunseri Group Limited,EQ,INE756C01015,2016-08-29,10.0,,false,false,false,false,false,false,false
NDL,NDL.NS,Nandan Denim Limited,EQ,INE875G01048,2012-03-23,1.0,,false,false,false,false,false,false,false
NDLVENTURE,NDLVENTURE.NS,NDL Ventures Limited,EQ,INE353A01023,2007-04-24,10.0,,false,false,false,false,false,false,false
NDRAUTO,NDRAUTO.NS,Ndr Auto Components Limited,EQ,INE07OG01012,2020-07-30,10.0,,false,false,false,false,false,false,false
NDTV,NDTV.NS,New Delhi Television Limited,EQ,INE155G01029,2004-05-19,4.0,,false,false,false,false,false,false,false
NEAGI,NEAGI.NS,Neelamalai Agro Industries Limited,EQ,INE605D01012,2026-04-20,10.0,,false,false,false,false,false,false,false
NECCLTD,NECCLTD.NS,North Eastern Carrying Corporation Limited,BE,INE553C01016,2016-03-02,10.0,,false,false,false,false,false,false,false
NECLIFE,NECLIFE.NS,Nectar Lifesciences Limited,EQ,INE023H01027,2005-07-18,1.0,,false,false,false,false,false,false,false
NELCAST,NELCAST.NS,Nelcast Limited,EQ,INE189I01024,2007-06-27,2.0,,false,false,false,false,false,false,false
NELCO,NELCO.NS,NELCO Limited,EQ,INE045B01015,2003-05-28,10.0,,false,false,false,false,false,false,false
NEOGEN,NEOGEN.NS,Neogen Chemicals Limited,EQ,INE136S01016,2019-05-08,10.0,,false,false,false,false,false,false,false
NEPHROPLUS,NEPHROPLUS.NS,Nephrocare Health Services Limited,EQ,INE428V01029,2025-12-17,2.0,,false,false,false,false,false,false,false
NESCO,NESCO.NS,Nesco Limited,EQ,INE317F01035,2008-04-08,2.0,,false,false,false,false,false,false,false
NESTLEIND,NESTLEIND.NS,Nestle India Limited,EQ,INE239A01024,2023-08-01,1.0,Fast Moving Consumer Goods,true,false,true,true,true,false,false
NETWEB,NETWEB.NS,Netweb Technologies India Limited,EQ,INE0NT901020,2023-07-27,2.0,Information Technology,false,false,false,false,true,false,true
NETWORK18,NETWORK18.NS,Network18 Media & Investments Limited,EQ,INE870H01013,2007-02-02,5.0,,false,false,false,false,false,false,false
NEUEON,NEUEON.NS,Neueon Corporation Limited,BE,INE333I01044,2013-09-11,1.0,,false,false,false,false,false,false,false
NEULANDLAB,NEULANDLAB.NS,Neuland Laboratories Limited,EQ,INE794A01010,2008-10-13,10.0,Healthcare,false,false,false,false,true,false,true
NEWGEN,NEWGEN.NS,Newgen Software Technologies Limited,EQ,INE619B01017,2018-01-29,10.0,Information Technology,false,false,false,false,true,false,true
NEXTMEDIA,NEXTMEDIA.NS,Next Mediaworks Limited,EQ,INE747B01016,2001-04-04,10.0,,false,false,false,false,false,false,false
NFL,NFL.NS,National Fertilizers Limited,EQ,INE870D01012,2006-12-28,10.0,,false,false,false,false,false,false,false
NGIL,NGIL.NS,Nakoda Group of Industries Limited,EQ,INE236Y01012,2021-08-20,10.0,,false,false,false,false,false,false,false
NGLFINE,NGLFINE.NS,NGL Fine-Chem Limited,EQ,INE887E01022,2022-07-08,5.0,,false,false,false,false,false,false,false
NH,NH.NS,Narayana Hrudayalaya Ltd.,EQ,INE410P01011,2016-01-06,10.0,Healthcare,false,false,false,false,true,false,true
NHPC,NHPC.NS,NHPC Limited,EQ,INE848E01016,2009-09-01,10.0,Power,false,false,false,true,true,true,false
NIACL,NIACL.NS,The New India Assurance Company Limited,EQ,INE470Y01017,2017-11-13,5.0,Financial Services,false,false,false,false,true,true,false
NIBE,NIBE.NS,NIBE Limited,EQ,INE149O01018,2025-02-07,10.0,,false,false,false,false,false,false,false
NIBL,NIBL.NS,NRB Industrial Bearings Limited,EQ,INE047O01014,2013-04-09,2.0,,false,false,false,false,false,false,false
NICCOPAR,NICCOPAR.NS,Nicco Parks & Resorts Limited,EQ,INE653C01022,2026-08-17,1.0,,false,false,false,false,false,false,false
NIITLTD,NIITLTD.NS,NIIT Limited,EQ,INE161A01038,2004-08-16,2.0,,false,false,false,false,false,false,false
NIITMTS,NIITMTS.NS,NIIT Learning Systems Limited,EQ,INE342G01023,2023-08-08,2.0,,false,false,false,false,false,false,false
NILAINFRA,NILAINFRA.NS,Nila Infrastructures Limited,EQ,INE937C01029,2015-05-21,1.0,,false,false,false,false,false,false,false
NILASPACES,NILASPACES.NS,Nila Spaces Limited,EQ,INE00S901012,2018-12-28,1.0,,false,false,false,false,false,false,false
NILE,NILE.NS,Nile Limited,EQ,INE445D01013,2026-04-20,10.0,,false,false,false,false,false,false,false
NILKAMAL,NILKAMAL.NS,Nilkamal Limited,EQ,INE310A01015,1995-11-01,10.0,,false,false,false,false,false,false,false
NIMBSPROJ,NIMBSPROJ.NS,Nimbus Projects Limited,EQ,INE875B01015,2026-04-06,10.0,,false,false,false,false,false,false,false
NINSYS,NINSYS.NS,NINtec Systems Limited,EQ,INE395U01014,2023-02-21,10.0,,false,false,false,false,false,false,false
NIPPOBATRY,NIPPOBATRY.NS,Indo-National Limited,EQ,INE567A01028,1999-10-06,5.0,,false,false,false,false,false,false,false
NIRAJ,NIRAJ.NS,Niraj Cement Structurals Limited,EQ,INE368I01016,2020-10-01,10.0,,false,false,false,false,false,false,false
NIRAJISPAT,NIRAJISPAT.NS,Niraj Ispat Industries Limited,EQ,INE326T01011,2016-10-27,10.0,,false,false,false,false,false,false,false
NIRLON,NIRLON.NS,Nirlon Limited,EQ,INE910A01012,2026-04-20,10.0,,false,false,false,false,false,false,false
NITCO,NITCO.NS,Nitco Limited,EQ,INE858F01012,2006-03-21,10.0,,false,false,false,false,false,false,false
NITINSPIN,NITINSPIN.NS,Nitin Spinners Limited,EQ,INE229H01012,2006-02-02,10.0,,false,false,false,false,false,false,false
NITIRAJ,NITIRAJ.NS,Nitiraj Engineers Limited,EQ,INE439T01012,2021-04-22,10.0,,false,false,false,false,false,false,false
NITTAGELA,NITTAGELA.NS,Nitta Gelatin India Limited,EQ,INE265B01019,2026-04-20,10.0,,false,false,false,false,false,false,false
NIVABUPA,NIVABUPA.NS,Niva Bupa Health Insurance Company Limited,EQ,INE995S01015,2024-11-14,10.0,Financial Services,false,false,false,false,true,false,true
NKIND,NKIND.NS,NK Industries Limited,EQ,INE542C01019,1995-07-07,10.0,,false,false,false,false,false,false,false
NLCINDIA,NLCINDIA.NS,NLC India Limited,EQ,INE589A01014,2000-08-23,10.0,Power,false,false,false,false,true,true,false
NMDC,NMDC.NS,NMDC Limited,EQ,INE584A01023,2008-03-03,1.0,Metals & Mining,false,false,false,true,true,true,false
NOCIL,NOCIL.NS,NOCIL Limited,EQ,INE163A01018,1996-01-17,10.0,,false,false,false,false,false,false,false
NOIDATOLL,NOIDATOLL.NS,Noida Toll Bridge Company Limited,EQ,INE781B01015,2002-12-06,10.0,,false,false,false,false,false,false,false
NORBTEAEXP,NORBTEAEXP.NS,Norben Tea & Exports Limited,EQ,INE369C01017,1996-06-26,10.0,,false,false,false,false,false,false,false
NORTHARC,NORTHARC.NS,Northern Arc Capital Limited,EQ,INE850M01015,2024-09-24,10.0,,false,false,false,false,false,false,false
NOVAAGRI,NOVAAGRI.NS,Nova Agritech Limited,BE,INE02H701025,2024-01-31,2.0,,false,false,false,false,false,false,false
NOVARTIND,NOVARTIND.NS,Novartis India Limited,EQ,INE234A01025,2026-04-20,5.0,,false,false,false,false,false,false,false
NPST,NPST.NS,Network People Services Technologies Limited,EQ,INE0FFK01017,2025-04-30,10.0,,false,false,false,false,false,false,false
NRAIL,NRAIL.NS,N R Agarwal Industries Limited,EQ,INE740D01017,2017-04-05,10.0,,false,false,false,false,false,false,false
NRBBEARING,NRBBEARING.NS,NRB Bearing Limited,EQ,INE349A01021,2000-03-08,2.0,,false,false,false,false,false,false,false
NRL,NRL.NS,Nupur Recyclers Limited,BE,INE0JM501013,2023-01-12,10.0,,false,false,false,false,false,false,false
NSIL,NSIL.NS,Nalwa Sons Investments Limited,EQ,INE023A01030,2003-11-17,10.0,,false,false,false,false,false,false,false
NSLNISP,NSLNISP.NS,NMDC Steel Limited,EQ,INE0NNS01018,2023-02-20,10.0,Metals & Mining,false,false,false,false,true,false,true
NTCIND,NTCIND.NS,NTC Industries Limited,EQ,INE920C01017,2026-08-17,10.0,,false,false,false,false,false,false,false
NTPC,NTPC.NS,NTPC Limited,EQ,INE733E01010,2004-11-05,10.0,Power,true,false,true,true,true,false,false
NTPCGREEN,NTPCGREEN.NS,NTPC Green Energy Limited,EQ,INE0ONG01011,2024-11-27,10.0,Power,false,false,false,false,true,true,false
NUCLEUS,NUCLEUS.NS,Nucleus Software Exports Limited,EQ,INE096B01018,2002-12-19,10.0,,false,false,false,false,false,false,false
NURECA,NURECA.NS,Nureca Limited,BE,INE0DSF01015,2021-02-25,10.0,,false,false,false,false,false,false,false
NUVAMA,NUVAMA.NS,Nuvama Wealth Management Limited,EQ,INE531F01023,2023-09-26,2.0,Financial Services,false,false,false,false,true,false,true
NUVOCO,NUVOCO.NS,Nuvoco Vistas Corporation Limited,EQ,INE118D01016,2021-08-23,10.0,Construction Materials,false,false,false,false,true,false,true
NYKAA,NYKAA.NS,FSN E-Commerce Ventures Limited,EQ,INE388Y01029,2021-11-10,1.0,Consumer Services,false,false,false,true,true,true,false
OAL,OAL.NS,Oriental Aromatics Limited,EQ,INE959C01023,2019-07-11,5.0,,false,false,false,false,false,false,false
OBCL,OBCL.NS,OBCL Limited,EQ,INE426Z01016,2022-04-07,10.0,,false,false,false,false,false,false,false
OBEROIRLTY,OBEROIRLTY.NS,Oberoi Realty Limited,EQ,INE093I01010,2010-10-20,10.0,Realty,false,false,false,true,true,true,false
OCCLLTD,OCCLLTD.NS,OCCL Limited,BE,INE0PK601023,2024-10-29,2.0,,false,false,false,false,false,false,false
ODIGMA,ODIGMA.NS,Odigma Consultancy Solutions Limited,EQ,INE054301028,2024-12-12,1.0,,false,false,false,false,false,false,false
ODYCORP,ODYCORP.NS,Odyssey Corporation Limited,EQ,INE839E01023,2026-08-17,5.0,,false,false,false,false,false,false,false
OFSS,OFSS.NS,Oracle Financial Services Software Limited,EQ,INE881D01027,2002-06-28,5.0,Information Technology,false,false,false,true,true,true,false
OIL,OIL.NS,Oil India Limited,EQ,INE274J01014,2009-09-30,10.0,Oil Gas & Consumable Fuels,false,false,false,true,true,true,false
OILCOUNTUB,OILCOUNTUB.NS,Oil Country Tubular Limited,BE,INE591A01010,1995-08-30,10.0,,false,false,false,false,false,false,false
OLAELEC,OLAELEC.NS,Ola Electric Mobility Limited,EQ,INE0LXG01040,2024-08-09,10.0,Automobile and Auto Components,false,false,false,false,true,false,true
OLECTRA,OLECTRA.NS,Olectra Greentech Limited,EQ,INE260D01016,2002-03-20,4.0,Automobile and Auto Components,false,false,false,false,true,false,true
OMAXAUTO,OMAXAUTO.NS,Omax Autos Limited,EQ,INE090B01011,2003-02-20,10.0,,false,false,false,false,false,false,false
OMAXE,OMAXE.NS,Omaxe Limited,EQ,INE800H01010,2007-08-09,10.0,,false,false,false,false,false,false,false
OMFREIGHT,OMFREIGHT.NS,Om Freight Forwarders Limited,BE,INE1BZC01019,2025-10-08,10.0,,false,false,false,false,false,false,false
OMINFRAL,OMINFRAL.NS,OM INFRA LIMITED,EQ,INE239D01028,2011-06-17,1.0,,false,false,false,false,false,false,false
OMNI,OMNI.NS,Omnitech Engineering Limited,EQ,INE0UH301010,2026-03-05,5.0,,false,false,false,false,false,false,false
OMPOWER,OMPOWER.NS,Om Power Transmission Limited,EQ,INE25E901019,2026-04-17,10.0,,false,false,false,false,false,false,false
ONEGLOBAL,ONEGLOBAL.NS,One Global Service Provider Limited,EQ,INE670O01013,2026-08-17,10.0,,false,false,false,false,false,false,false
ONELIFECAP,ONELIFECAP.NS,Onelife Capital Advisors Limited,BE,INE912L01015,2011-10-17,10.0,,false,false,false,false,false,false,false
ONEPOINT,ONEPOINT.NS,One Point One Solutions Limited,EQ,INE840Y01029,2019-05-09,2.0,,false,false,false,false,false,false,false
ONESOURCE,ONESOURCE.NS,Onesource Specialty Pharma Limited,EQ,INE013P01021,2025-01-24,1.0,Healthcare,false,false,false,false,true,false,true
ONGC,ONGC.NS,Oil & Natural Gas Corporation Limited,EQ,INE213A01029,1995-07-19,5.0,Oil Gas & Consumable Fuels,true,false,true,true,true,false,false
ONIDA,ONIDA.NS,Onida Electronics Limited,EQ,INE831A01028,2004-05-24,1.0,,false,false,false,false,false,false,false
ONIXSOLAR,ONIXSOLAR.NS,Onix Solar Energy Limited,EQ,INE173M01012,2026-08-17,10.0,,false,false,false,false,false,false,false
ONMOBILE,ONMOBILE.NS,OnMobile Global Limited,BE,INE809I01019,2008-02-19,10.0,,false,false,false,false,false,false,false
ONWARDTEC,ONWARDTEC.NS,Onward Technologies Limited,EQ,INE229A01017,2001-03-07,10.0,,false,false,false,false,false,false,false
OPTIEMUS,OPTIEMUS.NS,Optiemus Infracom Limited,EQ,INE350C01017,2017-08-08,10.0,,false,false,false,false,false,false,false
OPTIFIN,OPTIFIN.NS,Optimus Finance Limited,EQ,INE031G01022,2026-08-17,1.0,,false,false,false,false,false,false,false
ORBTEXP,ORBTEXP.NS,Orbit Exports Limited,BE,INE231G01010,2013-11-05,10.0,,false,false,false,false,false,false,false
ORCHASP,ORCHASP.NS,Orchasp Limited,EQ,INE215B01022,2025-02-07,2.0,,false,false,false,false,false,false,false
ORCHPHARMA,ORCHPHARMA.NS,Orchid Pharma Limited,EQ,INE191A01027,2020-11-02,10.0,,false,false,false,false,false,false,false
ORICONENT,ORICONENT.NS,Oricon Enterprises Limited,EQ,INE730A01022,2015-07-24,2.0,,false,false,false,false,false,false,false
ORIENTALTL,ORIENTALTL.NS,Oriental Trimex Limited,EQ,INE998H01012,2007-03-07,10.0,,false,false,false,false,false,false,false
ORIENTBELL,ORIENTBELL.NS,Orient Bell Limited,EQ,INE607D01018,2007-02-14,10.0,,false,false,false,false,false,false,false
ORIENTCEM,ORIENTCEM.NS,Orient Cement Limited,EQ,INE876N01018,2013-07-12,1.0,,false,false,false,false,false,false,false
ORIENTCER,ORIENTCER.NS,ORIENT CERATECH LIMITED,EQ,INE569C01020,2005-12-15,1.0,,false,false,false,false,false,false,false
ORIENTELEC,ORIENTELEC.NS,Orient Electric Limited,EQ,INE142Z01019,2018-05-14,1.0,,false,false,false,false,false,false,false
ORIENTHOT,ORIENTHOT.NS,Oriental Hotels Limited,EQ,INE750A01020,1998-08-27,1.0,,false,false,false,false,false,false,false
ORIENTLTD,ORIENTLTD.NS,Orient Press Limited,BE,INE609C01024,2010-03-03,10.0,,false,false,false,false,false,false,false
ORIENTPPR,ORIENTPPR.NS,Orient Paper & Industries Limited,EQ,INE592A01026,1995-03-29,1.0,,false,false,false,false,false,false,false
ORIENTTECH,ORIENTTECH.NS,Orient Technologies Limited,EQ,INE0PPK01015,2024-08-28,10.0,,false,false,false,false,false,false,false
ORIRAIL,ORIRAIL.NS,Oriental Rail Infrastructure Limited,EQ,INE457G01029,2026-08-17,1.0,,false,false,false,false,false,false,false
ORISSAMINE,ORISSAMINE.NS,The Orissa Minerals Development Company Limited,EQ,INE725E01024,2010-09-29,1.0,,false,false,false,false,false,false,false
ORKLAINDIA,ORKLAINDIA.NS,Orkla India Limited,EQ,INE16NZ01023,2025-11-06,1.0,,false,false,false,false,false,false,false
ORTINGLOBE,ORTINGLOBE.NS,ORTIN GLOBAL LIMITED,EQ,INE749B01020,2021-03-30,10.0,,false,false,false,false,false,false,false
OSIAHYPER,OSIAHYPER.NS,Osia Hyper Retail Limited,BE,INE06IR01021,2022-12-01,1.0,,false,false,false,false,false,false,false
OSWALAGRO,OSWALAGRO.NS,Oswal Agro Mills Limited,EQ,INE142A01012,1995-03-29,10.0,,false,false,false,false,false,false,false
OSWALGREEN,OSWALGREEN.NS,Oswal Greentech Limited,EQ,INE143A01010,1996-08-28,10.0,,false,false,false,false,false,false,false
OSWALPUMPS,OSWALPUMPS.NS,Oswal Pumps Limited,EQ,INE0BYP01024,2025-06-20,1.0,,false,false,false,false,false,false,false
OSWALSEEDS,OSWALSEEDS.NS,ShreeOswal Seeds And Chemicals Limited,EQ,INE00IK01029,2023-02-28,2.0,,false,false,false,false,false,false,false
PACEDIGITK,PACEDIGITK.NS,Pace Digitek Limited,EQ,INE0S3G01027,2025-10-06,2.0,,false,false,false,false,false,false,false
PACIFICI,PACIFICI.NS,Pacific Industries Limited,EQ,INE883C01025,2026-08-17,10.0,,false,false,false,false,false,false,false
PAGEIND,PAGEIND.NS,Page Industries Limited,EQ,INE761H01022,2007-03-16,10.0,Textiles,false,false,false,true,true,true,false
PAISALO,PAISALO.NS,Paisalo Digital Limited,EQ,INE420C01059,2011-10-17,1.0,,false,false,false,false,false,false,false
PAKKA,PAKKA.NS,PAKKA LIMITED,EQ,INE551D01018,2023-07-11,10.0,,false,false,false,false,false,false,false
PALASHSECU,PALASHSECU.NS,Palash Securities Limited,EQ,INE471W01019,2017-07-28,10.0,,false,false,false,false,false,false,false
PALREDTEC,PALREDTEC.NS,Palred Technologies Limited,BE,INE218G01033,2016-05-09,10.0,,false,false,false,false,false,false,false
PANACEABIO,PANACEABIO.NS,Panacea Biotec Limited,EQ,INE922B01023,1996-04-17,1.0,,false,false,false,false,false,false,false
PANACHE,PANACHE.NS,Panache Digilife Limited,BE,INE895W01019,2020-01-06,10.0,,false,false,false,false,false,false,false
PANAMAPET,PANAMAPET.NS,Panama Petrochem Limited,EQ,INE305C01029,2011-09-30,2.0,,false,false,false,false,false,false,false
PANCHMAHQ,PANCHMAHQ.NS,Panchmahal Steel Limited,EQ,INE798F01010,2026-08-17,10.0,,false,false,false,false,false,false,false
PANORAMA,PANORAMA.NS,Panorama Studios International Limited,EQ,INE258R01028,2026-08-17,2.0,,false,false,false,false,false,false,false
PANSARI,PANSARI.NS,Pansari Developers Limited,EQ,INE697V01011,2021-10-18,10.0,,false,false,false,false,false,false,false
PAR,PAR.NS,Par Drugs And Chemicals Limited,EQ,INE04LG01015,2021-09-16,10.0,,false,false,false,false,false,false,false
PARACABLES,PARACABLES.NS,Paramount Communications Limited,EQ,INE074B01023,2007-01-03,2.0,,false,false,false,false,false,false,false
PARADEEP,PARADEEP.NS,Paradeep Phosphates Limited,EQ,INE088F01024,2022-05-27,10.0,Chemicals,false,false,false,false,true,false,true
PARAGMILK,PARAGMILK.NS,Parag Milk Foods Limited,EQ,INE883N01014,2016-05-19,10.0,,false,false,false,false,false,false,false
PARAS,PARAS.NS,Paras Defence and Space Technologies Limited,EQ,INE045601023,2021-10-01,5.0,,false,false,false,false,false,false,false
PARASPETRO,PARASPETRO.NS,Paras Petrofils Limited,EQ,INE162C01024,1996-02-14,1.0,,false,false,false,false,false,false,false
PARKHOSPS,PARKHOSPS.NS,Park Medi World Limited,EQ,INE119201023,2025-12-17,2.0,,false,false,false,false,false,false,false
PARKHOTELS,PARKHOTELS.NS,Apeejay Surrendra Park Hotels Limited,EQ,INE988S01028,2024-02-12,1.0,,false,false,false,false,false,false,false
PARNAXLAB,PARNAXLAB.NS,Parnax Lab Limited,EQ,INE383L01019,2026-08-17,10.0,,false,false,false,false,false,false,false
PARSVNATH,PARSVNATH.NS,Parsvnath Developers Limited,BE,INE561H01026,2006-11-30,5.0,,false,false,false,false,false,false,false
PASHUPATI,PASHUPATI.NS,Pashupati Cotspin Limited,EQ,INE124Y01028,2025-07-17,1.0,,false,false,false,false,false,false,false
PASUPTAC,PASUPTAC.NS,Pasupati Acrylon Limited,BE,INE818B01023,2021-10-12,10.0,,false,false,false,false,false,false,false
PATANJALI,PATANJALI.NS,Patanjali Foods Limited,EQ,INE619A01035,2020-01-24,2.0,Fast Moving Consumer Goods,false,false,false,true,true,true,false
PATELENG,PATELENG.NS,Patel Engineering Limited,EQ,INE244B01030,2005-02-24,1.0,,false,false,false,false,false,false,false
PATELRMART,PATELRMART.NS,Patel Retail Limited,EQ,INE0R8B01010,2025-08-26,10.0,,false,false,false,false,false,false,false
PATINTLOG,PATINTLOG.NS,Patel Integrated Logistics Limited,BE,INE529D01014,2008-01-11,10.0,,false,false,false,false,false,false,false
PAUSHAKLTD,PAUSHAKLTD.NS,Paushak Limited,EQ,INE111F01024,2025-12-01,5.0,,false,false,false,false,false,false,false
PAVNAIND,PAVNAIND.NS,Pavna Industries Limited,EQ,INE07S101038,2023-06-01,1.0,,false,false,false,false,false,false,false
PAYTM,PAYTM.NS,One 97 Communications Limited,EQ,INE982J01020,2021-11-18,1.0,Financial Services,false,false,false,true,true,true,false
PBMPOLY,PBMPOLY.NS,PBM Polytex Limited,EQ,INE501F01018,2026-08-17,10.0,,false,false,false,false,false,false,false
PCBL,PCBL.NS,PCBL Chemical Limited,EQ,INE602A01031,1995-03-29,1.0,Chemicals,false,false,false,false,true,false,true
PCJEWELLER,PCJEWELLER.NS,PC Jeweller Limited,EQ,INE785M01021,2012-12-27,1.0,,false,false,false,false,false,false,false
PDMJEPAPER,PDMJEPAPER.NS,Pudumjee Paper Products Limited,EQ,INE865T01018,2016-03-30,1.0,,false,false,false,false,false,false,false
PDSL,PDSL.NS,PDS Limited,EQ,INE111Q01021,2014-10-21,2.0,,false,false,false,false,false,false,false
PEARLPOLY,PEARLPOLY.NS,Pearl Polymers Limited,EQ,INE844A01013,1995-10-11,10.0,,false,false,false,false,false,false,false
PENIND,PENIND.NS,Pennar Industries Limited,EQ,INE932A01024,2010-11-25,5.0,,false,false,false,false,false,false,false
PENINLAND,PENINLAND.NS,Peninsula Land Limited,BE,INE138A01028,1995-02-08,2.0,,false,false,false,false,false,false,false
PERMAGN,PERMAGN.NS,Permanent Magnets Limited,EQ,INE418E01018,2026-08-17,10.0,,false,false,false,false,false,false,false
PERSISTENT,PERSISTENT.NS,Persistent Systems Limited,EQ,INE262H01021,2010-04-06,5.0,Information Technology,false,false,false,true,true,true,false
PETRONET,PETRONET.NS,Petronet LNG Limited,EQ,INE347G01014,2004-03-26,10.0,Oil Gas & Consumable Fuels,false,false,false,false,true,true,false
PFC,PFC.NS,Power Finance Corporation Limited,EQ,INE134E01011,2007-02-23,10.0,Financial Services,false,true,true,true,true,false,false
PFIZER,PFIZER.NS,Pfizer Limited,EQ,INE182A01018,1999-04-28,10.0,Healthcare,false,false,false,false,true,false,true
PFOCUS,PFOCUS.NS,Prime Focus Limited,EQ,INE367G01038,2006-06-20,1.0,Media Entertainment & Publication,false,false,false,false,true,false,true
PFS,PFS.NS,PTC India Financial Services Limited,EQ,INE560K01014,2011-03-30,10.0,,false,false,false,false,false,false,false
PGEL,PGEL.NS,PG Electroplast Limited,EQ,INE457L01029,2011-09-26,1.0,Consumer Durables,false,false,false,false,true,false,true
PGHH,PGHH.NS,Procter & Gamble Hygiene and Health Care Limited,EQ,INE179A01014,2004-07-07,10.0,,false,false,false,false,false,false,false
PGHL,PGHL.NS,Procter & Gamble Health Limited,EQ,INE199A01012,1996-04-24,10.0,,false,false,false,false,false,false,false
PGIL,PGIL.NS,Pearl Global Industries Limited,EQ,INE940H01022,2007-02-15,5.0,,false,false,false,false,false,false,false
PHOENIXLTD,PHOENIXLTD.NS,The Phoenix Mills Limited,EQ,INE211B01039,2007-04-23,2.0,Realty,false,false,false,true,true,true,false
PHOENXINTL,PHOENXINTL.NS,Phoenix International Limited,EQ,INE245B01011,2026-08-17,10.0,,false,false,false,false,false,false,false
PICCADIL,PICCADIL.NS,Piccadily Agro Industries Limited,EQ,INE546C01010,2025-07-02,10.0,,false,false,false,false,false,false,false
PIDILITIND,PIDILITIND.NS,Pidilite Industries Limited,EQ,INE318A01026,1995-03-29,1.0,Chemicals,false,true,true,true,true,false,false
PIGL,PIGL.NS,Power & Instrumentation (Gujarat) Limited,EQ,INE557Z01018,2023-05-17,10.0,,false,false,false,false,false,false,false
PIIND,PIIND.NS,PI Industries Limited,EQ,INE603J01030,2011-06-15,1.0,Chemicals,false,false,false,true,true,true,false
PILANIINVS,PILANIINVS.NS,Pilani Investment and Industries Corporation Limited,EQ,INE417C01014,2015-12-08,10.0,,false,false,false,false,false,false,false
PILITA,PILITA.NS,PIL ITALICA LIFESTYLE LIMITED,EQ,INE600A01035,2013-10-07,1.0,,false,false,false,false,false,false,false
PINELABS,PINELABS.NS,Pine Labs Limited,EQ,INE15B701018,2025-11-14,1.0,Financial Services,false,false,false,false,true,false,true
PIONEEREMB,PIONEEREMB.NS,Pioneer Embroideries Limited,EQ,INE156C01018,2006-05-16,10.0,,false,false,false,false,false,false,false
PIONRINV,PIONRINV.NS,Pioneer Investcorp Limited,BE,INE746D01014,2026-04-20,10.0,,false,false,false,false,false,false,false
PIRAMALFIN,PIRAMALFIN.NS,Piramal Finance Limited,EQ,INE202B01038,2025-11-07,2.0,Financial Services,false,false,false,false,true,false,true
PITTIENG,PITTIENG.NS,Pitti Engineering Limited,EQ,INE450D01021,2007-02-02,5.0,,false,false,false,false,false,false,false
PIXTRANS,PIXTRANS.NS,Pix Transmissions Limited,EQ,INE751B01018,2022-04-28,10.0,,false,false,false,false,false,false,false
PKTEA,PKTEA.NS,The Peria Karamalai Tea & Produce Company Limited,EQ,INE431F01018,2015-08-19,10.0,,false,false,false,false,false,false,false
PLASTIBLEN,PLASTIBLEN.NS,Plastiblends India Limited,EQ,INE083C01022,2006-12-28,5.0,,false,false,false,false,false,false,false
PLATIND,PLATIND.NS,Platinum Industries Limited,EQ,INE0PT501018,2024-03-05,10.0,,false,false,false,false,false,false,false
PLAZACABLE,PLAZACABLE.NS,Plaza Wires Limited,EQ,INE0INJ01017,2023-10-12,10.0,,false,false,false,false,false,false,false
PML,PML.NS,Paul Merchants Limited,EQ,INE291E01019,2026-04-20,10.0,,false,false,false,false,false,false,false
PNB,PNB.NS,Punjab National Bank,EQ,INE160A01022,2002-04-24,2.0,Financial Services,false,true,true,true,true,false,false
PNBGILTS,PNBGILTS.NS,PNB Gilts Limited,EQ,INE859A01011,2000-09-18,10.0,,false,false,false,false,false,false,false
PNBHOUSING,PNBHOUSING.NS,PNB Housing Finance Limited,EQ,INE572E01012,2016-11-07,10.0,Financial Services,false,false,false,false,true,false,true
PNC,PNC.NS,Pritish Nandy Communications Limited,EQ,INE392B01011,2000-12-11,10.0,,false,false,false,false,false,false,false
PNCINFRA,PNCINFRA.NS,PNC Infratech Limited,EQ,INE195J01029,2015-05-26,2.0,,false,false,false,false,false,false,false
PNGJL,PNGJL.NS,P N Gadgil Jewellers Limited,EQ,INE953R01016,2024-09-17,10.0,,false,false,false,false,false,false,false
PNGSREVA,PNGSREVA.NS,PNGS Reva Diamond Jewellery Limited,EQ,INE1RDG01013,2026-03-04,10.0,,false,false,false,false,false,false,false
POCL,POCL.NS,Pondy Oxides & Chemicals Limited,EQ,INE063E01061,2023-03-06,2.0,,false,false,false,false,false,false,false
PODDARMENT,PODDARMENT.NS,Poddar Pigments Limited,EQ,INE371C01013,2016-11-22,10.0,,false,false,false,false,false,false,false
POEL,POEL.NS,POCL Enterprises Limited,EQ,INE035S01028,2026-08-17,2.0,,false,false,false,false,false,false,false
POKARNA,POKARNA.NS,Pokarna Limited,EQ,INE637C01025,2016-07-07,2.0,,false,false,false,false,false,false,false
POLICYBZR,POLICYBZR.NS,PB Fintech Limited,EQ,INE417T01026,2021-11-15,2.0,Financial Services,false,false,false,true,true,true,false
POLYCAB,POLYCAB.NS,Polycab India Limited,EQ,INE455K01017,2019-04-16,10.0,Capital Goods,false,false,false,true,true,true,false
POLYMED,POLYMED.NS,Poly Medicure Limited,EQ,INE205C01021,2011-12-07,5.0,Healthcare,false,false,false,false,true,false,true
POLYPLEX,POLYPLEX.NS,Polyplex Corporation Limited,EQ,INE633B01018,2003-04-11,10.0,,false,false,false,false,false,false,false
POLYSPIN,POLYSPIN.NS,Polyspin Exports Limited,EQ,INE914G01029,2026-08-17,5.0,,false,false,false,false,false,false,false
PONNIERODE,PONNIERODE.NS,Ponni Sugars (Erode) Limited,EQ,INE838E01017,2002-04-16,10.0,,false,false,false,false,false,false,false
POONAWALLA,POONAWALLA.NS,Poonawalla Fincorp Limited,EQ,INE511C01022,2004-04-27,2.0,Financial Services,false,false,false,false,true,false,true
POWERGRID,POWERGRID.NS,Power Grid Corporation of India Limited,EQ,INE752E01010,2007-10-05,10.0,Power,true,false,true,true,true,false,false
POWERICA,POWERICA.NS,Powerica Limited,EQ,INE921L01032,2026-04-02,5.0,,false,false,false,false,false,false,false
POWERINDIA,POWERINDIA.NS,Hitachi Energy India Limited,EQ,INE07Y701011,2020-03-30,2.0,Capital Goods,false,false,false,true,true,true,false
POWERMECH,POWERMECH.NS,Power Mech Projects Limited,EQ,INE211R01019,2015-08-26,10.0,,false,false,false,false,false,false,false
PPAP,PPAP.NS,PPAP Automotive Limited,BE,INE095I01015,2008-01-11,10.0,,false,false,false,false,false,false,false
PPL,PPL.NS,Prakash Pipes Limited,BE,INE050001010,2019-06-14,10.0,,false,false,false,false,false,false,false
PPLPHARMA,PPLPHARMA.NS,Piramal Pharma Limited,EQ,INE0DK501011,2022-10-19,10.0,Healthcare,false,false,false,false,true,false,true
PRABHA,PRABHA.NS,Prabha Energy Limited,EQ,INE0I0M01023,2025-03-19,1.0,,false,false,false,false,false,false,false
PRADPME,PRADPME.NS,Pradeep Metals Limited,BE,INE770A01010,2026-04-20,10.0,,false,false,false,false,false,false,false
PRAENG,PRAENG.NS,Prajay Engineers Syndicate Limited,EQ,INE505C01016,2007-01-02,10.0,,false,false,false,false,false,false,false
PRAJIND,PRAJIND.NS,Praj Industries Limited,EQ,INE074A01025,1995-10-11,2.0,,false,false,false,false,false,false,false
PRAKASH,PRAKASH.NS,Prakash Industries Limited,EQ,INE603A01013,1995-05-10,10.0,,false,false,false,false,false,false,false
PRAKASHSTL,PRAKASHSTL.NS,Prakash Steelage Limited,EQ,INE696K01024,2010-08-25,1.0,,false,false,false,false,false,false,false
PRAVEG,PRAVEG.NS,Praveg Limited,EQ,INE722B01019,2026-04-20,10.0,,false,false,false,false,false,false,false
PRAXIS,PRAXIS.NS,Praxis Home Retail Limited,EQ,INE546Y01022,2018-01-31,5.0,,false,false,false,false,false,false,false
PRECAM,PRECAM.NS,Precision Camshafts Limited,EQ,INE484I01029,2016-02-08,10.0,,false,false,false,false,false,false,false
PRECOT,PRECOT.NS,Precot Limited,EQ,INE283A01014,2005-08-19,10.0,,false,false,false,false,false,false,false
PRECWIRE,PRECWIRE.NS,Precision Wires India Limited,EQ,INE372C01037,1995-09-06,1.0,,false,false,false,false,false,false,false
PREMCO,PREMCO.NS,Premco Global Limited,EQ,INE001E01012,2026-04-20,10.0,,false,false,false,false,false,false,false
PREMEXPLN,PREMEXPLN.NS,Premier Explosives Limited,EQ,INE863B01029,2016-06-17,2.0,,false,false,false,false,false,false,false
PREMIER,PREMIER.NS,Premier Limited,BE,INE342A01018,1996-04-03,10.0,,false,false,false,false,false,false,false
PREMIERENE,PREMIERENE.NS,Premier Energies Limited,EQ,INE0BS701011,2024-09-03,1.0,Capital Goods,false,false,false,true,true,true,false
PREMIERPOL,PREMIERPOL.NS,Premier Polyfilm Limited,EQ,INE309M01020,1995-12-13,1.0,,false,false,false,false,false,false,false
PRESTIGE,PRESTIGE.NS,Prestige Estates Projects Limited,EQ,INE811K01011,2010-10-27,10.0,Realty,false,false,false,true,true,true,false
PRICOLLTD,PRICOLLTD.NS,Pricol Limited,EQ,INE726V01018,2017-02-10,1.0,,false,false,false,false,false,false,false
PRIMESECU,PRIMESECU.NS,Prime Securities Limited,EQ,INE032B01021,2005-06-17,5.0,,false,false,false,false,false,false,false
PRIMO,PRIMO.NS,Primo Chemicals Limited,EQ,INE607A01022,2025-04-22,2.0,,false,false,false,false,false,false,false
PRINCEPIPE,PRINCEPIPE.NS,Prince Pipes And Fittings Limited,EQ,INE689W01016,2019-12-30,10.0,,false,false,false,false,false,false,false
PRISMX,PRISMX.NS,Prismx Global Ventures Limited,EQ,INE286N01028,2026-08-17,1.0,,false,false,false,false,false,false,false
PRITI,PRITI.NS,Priti International Limited,BE,INE974Z01015,2022-03-02,10.0,,false,false,false,false,false,false,false
PRITIKAUTO,PRITIKAUTO.NS,Pritika Auto Industries Limited,BE,INE583R01029,2021-08-10,2.0,,false,false,false,false,false,false,false
PRIVISCL,PRIVISCL.NS,Privi Speciality Chemicals Limited,EQ,INE959A01019,2015-05-08,10.0,,false,false,false,false,false,false,false
PROSTARM,PROSTARM.NS,Prostarm Info Systems Limited,EQ,INE0BX301013,2025-06-03,10.0,,false,false,false,false,false,false,false
PROTEAN,PROTEAN.NS,Protean eGov Technologies Limited,EQ,INE004A01022,2025-02-06,10.0,,false,false,false,false,false,false,false
PROZONER,PROZONER.NS,Prozone Realty Limited,EQ,INE195N01013,2012-09-12,2.0,,false,false,false,false,false,false,false
PRSMJOHNSN,PRSMJOHNSN.NS,Prism Johnson Limited,EQ,INE010A01011,2003-08-20,10.0,,false,false,false,false,false,false,false
PRUDENT,PRUDENT.NS,Prudent Corporate Advisory Services Limited,EQ,INE00F201020,2022-05-20,5.0,,false,false,false,false,false,false,false
PRUDMOULI,PRUDMOULI.NS,Prudential Sugar Corporation Limited,BE,INE024D01016,1995-05-10,10.0,,false,false,false,false,false,false,false
PSB,PSB.NS,Punjab & Sind Bank,EQ,INE608A01012,2010-12-30,10.0,,false,false,false,false,false,false,false
PSPPROJECT,PSPPROJECT.NS,PSP Projects Limited,EQ,INE488V01015,2017-05-29,10.0,,false,false,false,false,false,false,false
PTC,PTC.NS,PTC India Limited,EQ,INE877F01012,2004-04-07,10.0,,false,false,false,false,false,false,false
PTCIL,PTCIL.NS,PTC Industries Limited,EQ,INE596F01018,2023-06-09,10.0,Capital Goods,false,false,false,false,true,false,true
PTL,PTL.NS,PTL Enterprises Limited,EQ,INE034D01049,2007-01-29,1.0,,false,false,false,false,false,false,false
PUNJABCHEM,PUNJABCHEM.NS,Punjab Chemicals & Crop Protection Limited,EQ,INE277B01014,2007-03-08,10.0,,false,false,false,false,false,false,false
PURVA,PURVA.NS,Puravankara Limited,EQ,INE323I01011,2007-08-30,5.0,,false,false,false,false,false,false,false
PVP,PVP.NS,PVP Ventures Limited,EQ,INE362A01016,1996-04-03,10.0,,false,false,false,false,false,false,false
PVRINOX,PVRINOX.NS,PVR INOX Limited,EQ,INE191H01014,2006-01-04,10.0,Media Entertainment & Publication,false,false,false,false,true,false,true
PVSL,PVSL.NS,Popular Vehicles and Services Limited,EQ,INE772T01024,2024-03-19,2.0,,false,false,false,false,false,false,false
PWL,PWL.NS,Physicswallah Limited,EQ,INE0LP301011,2025-11-18,1.0,Consumer Services,false,false,false,false,true,false,true
PYRAMID,PYRAMID.NS,Pyramid Technoplast Limited,EQ,INE0MIS01010,2023-08-29,10.0,,false,false,false,false,false,false,false
QMSMEDI,QMSMEDI.NS,QMS Medical Allied Services Limited,BE,INE0FMW01018,2026-06-18,10.0,,false,false,false,false,false,false,false
QPOWER,QPOWER.NS,Quality Power Electrical Equipments Limited,EQ,INE0SII01026,2025-02-24,10.0,,false,false,false,false,false,false,false
QUADFUTURE,QUADFUTURE.NS,Quadrant Future Tek Limited,EQ,INE0LRY01011,2025-01-14,10.0,,false,false,false,false,false,false,false
QUESS,QUESS.NS,Quess Corp Limited,EQ,INE615P01015,2016-07-12,10.0,,false,false,false,false,false,false,false
QUICKHEAL,QUICKHEAL.NS,Quick Heal Technologies Limited,BE,INE306L01010,2016-02-18,10.0,,false,false,false,false,false,false,false
QUINT,QUINT.NS,Quint Digital Limited,EQ,INE641R01017,2026-04-20,10.0,,false,false,false,false,false,false,false
RACE,RACE.NS,Race Eco Chain Limited,EQ,INE084Q01012,2023-05-09,10.0,,false,false,false,false,false,false,false
RACLGEAR,RACLGEAR.NS,RACL Geartech Limited,EQ,INE704B01017,2024-11-27,10.0,,false,false,false,false,false,false,false
RADAAN,RADAAN.NS,Radaan Mediaworks India Limited,EQ,INE874F01027,2003-02-27,2.0,,false,false,false,false,false,false,false
RADHIKAJWE,RADHIKAJWE.NS,Radhika Jeweltech Limited,EQ,INE583V01021,2022-07-18,2.0,,false,false,false,false,false,false,false
RADIANTCMS,RADIANTCMS.NS,Radiant Cash Management Services Limited,EQ,INE855R01021,2023-01-04,1.0,,false,false,false,false,false,false,false
RADICO,RADICO.NS,Radico Khaitan Limited,EQ,INE944F01028,2003-06-18,2.0,Fast Moving Consumer Goods,false,false,false,true,true,true,false
RADIOCITY,RADIOCITY.NS,Music Broadcast Limited,EQ,INE919I01024,2017-03-17,2.0,,false,false,false,false,false,false,false
RAILTEL,RAILTEL.NS,Railtel Corporation Of India Limited,EQ,INE0DD101019,2021-02-26,10.0,Telecommunication,false,false,false,false,true,false,true
RAIN,RAIN.NS,Rain Industries Limited,EQ,INE855B01025,2008-03-03,2.0,,false,false,false,false,false,false,false
RAINBOW,RAINBOW.NS,Rainbow Childrens Medicare Limited,EQ,INE961O01016,2022-05-10,10.0,Healthcare,false,false,false,false,true,false,true
RAJESHEXPO,RAJESHEXPO.NS,Rajesh Exports Limited,BZ,INE343B01030,2000-02-09,1.0,,false,false,false,false,false,false,false
RAJMET,RAJMET.NS,Rajnandini Metal Limited,EQ,INE00KV01022,2021-02-16,1.0,,false,false,false,false,false,false,false
RAJOOENG,RAJOOENG.NS,Rajoo Engineers Limited,BE,INE535F01024,2025-05-29,1.0,,false,false,false,false,false,false,false
RAJPALAYAM,RAJPALAYAM.NS,Rajapalayam Mills Limited,EQ,INE296E01026,2026-04-20,10.0,,false,false,false,false,false,false,false
RAJRATAN,RAJRATAN.NS,Rajratan Global Wire Limited,EQ,INE451D01029,2020-05-22,2.0,,false,false,false,false,false,false,false
RAJRILTD,RAJRILTD.NS,Raj Rayon Industries Limited,BE,INE533D01032,2022-03-16,1.0,,false,false,false,false,false,false,false
RAJSREESUG,RAJSREESUG.NS,Rajshree Sugars & Chemicals Limited,EQ,INE562B01019,1995-03-29,10.0,,false,false,false,false,false,false,false
RAJTV,RAJTV.NS,Raj Television Network Limited,EQ,INE952H01027,2007-03-16,5.0,,false,false,false,false,false,false,false
RALLIS,RALLIS.NS,Rallis India Limited,EQ,INE613A01020,1999-04-01,1.0,,false,false,false,false,false,false,false
RAMANEWS,RAMANEWS.NS,Shree Rama Newsprint Limited,EQ,INE278B01020,2006-09-20,10.0,,false,false,false,false,false,false,false
RAMAPHO,RAMAPHO.NS,Rama Phosphates Limited,EQ,INE809A01032,2022-08-05,5.0,,false,false,false,false,false,false,false
RAMASTEEL,RAMASTEEL.NS,Rama Steel Tubes Limited,BE,INE230R01035,2015-08-19,1.0,,false,false,false,false,false,false,false
RAMBHAJO,RAMBHAJO.NS,Advit Jewels Limited,EQ,INE1SJO01012,2026-07-01,10.0,,false,false,false,false,false,false,false
RAMCOCEM,RAMCOCEM.NS,The Ramco Cements Limited,EQ,INE331A01037,1997-04-09,1.0,Construction Materials,false,false,false,false,true,false,true
RAMCOIND,RAMCOIND.NS,Ramco Industries Limited,EQ,INE614A01028,1996-11-06,1.0,,false,false,false,false,false,false,false
RAMCOSYS,RAMCOSYS.NS,Ramco Systems Limited,EQ,INE246B01019,2000-04-12,10.0,,false,false,false,false,false,false,false
RAMKY,RAMKY.NS,Ramky Infrastructure Limited,EQ,INE874I01013,2010-10-08,10.0,,false,false,false,false,false,false,false
RAMRAT,RAMRAT.NS,Ram Ratna Wires Limited,EQ,INE207E01023,2022-07-29,5.0,,false,false,false,false,false,false,false
RANASUG,RANASUG.NS,Rana Sugars Limited,EQ,INE625B01014,2005-02-24,10.0,,false,false,false,false,false,false,false
RANEHOLDIN,RANEHOLDIN.NS,Rane Holdings Limited,EQ,INE384A01010,1997-09-24,10.0,,false,false,false,false,false,false,false
RATEGAIN,RATEGAIN.NS,Rategain Travel Technologies Limited,EQ,INE0CLI01024,2021-12-17,1.0,,false,false,false,false,false,false,false
RATNAMANI,RATNAMANI.NS,Ratnamani Metals & Tubes Limited,EQ,INE703B01027,2006-05-09,2.0,,false,false,false,false,false,false,false
RATNAVEER,RATNAVEER.NS,Ratnaveer Precision Engineering Limited,EQ,INE05CZ01011,2023-09-11,10.0,,false,false,false,false,false,false,false
RAYMOND,RAYMOND.NS,Raymond Limited,EQ,INE301A01014,1995-10-18,10.0,,false,false,false,false,false,false,false
RAYMONDLSL,RAYMONDLSL.NS,Raymond Lifestyle Limited,EQ,INE02ID01020,2024-09-05,2.0,,false,false,false,false,false,false,false
RAYMONDREL,RAYMONDREL.NS,Raymond Realty Limited,EQ,INE1SY401010,2025-07-01,10.0,,false,false,false,false,false,false,false
RBA,RBA.NS,Restaurant Brands Asia Limited,EQ,INE07T201019,2020-12-14,10.0,,false,false,false,false,false,false,false
RBLBANK,RBLBANK.NS,RBL Bank Limited,EQ,INE976G01028,2016-08-31,10.0,Financial Services,false,false,false,false,true,false,true
RBZJEWEL,RBZJEWEL.NS,RBZ Jewellers Limited,EQ,INE0PEQ01016,2023-12-27,10.0,,false,false,false,false,false,false,false
RCF,RCF.NS,Rashtriya Chemicals and Fertilizers Limited,EQ,INE027A01015,1998-01-07,10.0,,false,false,false,false,false,false,false
RCOM,RCOM.NS,Reliance Communications Limited,BE,INE330H01018,2006-03-06,5.0,,false,false,false,false,false,false,false
RECLTD,RECLTD.NS,REC Limited,EQ,INE020B01018,2008-03-12,10.0,Financial Services,false,true,true,true,true,false,false
REDINGTON,REDINGTON.NS,Redington Limited,EQ,INE891D01026,2007-02-15,2.0,Services,false,false,false,false,true,false,true
REDTAPE,REDTAPE.NS,Redtape Limited,EQ,INE0LXT01019,2023-08-11,2.0,,false,false,false,false,false,false,false
REFEX,REFEX.NS,Refex Industries Limited,EQ,INE056I01025,2009-12-03,2.0,,false,false,false,false,false,false,false
REGAAL,REGAAL.NS,Regaal Resources Limited,EQ,INE0MHO01029,2025-08-20,5.0,,false,false,false,false,false,false,false
REGENCERAM,REGENCERAM.NS,Regency Ceramics Limited,EQ,INE277C01012,1996-06-05,10.0,,false,false,false,false,false,false,false
RELAXO,RELAXO.NS,Relaxo Footwears Limited,EQ,INE131B01039,2011-06-17,1.0,,false,false,false,false,false,false,false
RELCHEMQ,RELCHEMQ.NS,Reliance Chemotex Industries Limited,EQ,INE750D01016,2022-05-25,10.0,,false,false,false,false,false,false,false
RELIABLE,RELIABLE.NS,Reliable Data Services Limited,EQ,INE375Y01018,2024-07-10,10.0,,false,false,false,false,false,false,false
RELIANCE,RELIANCE.NS,Reliance Industries Limited,EQ,INE002A01018,1995-11-29,10.0,Oil Gas & Consumable Fuels,true,false,true,true,true,false,false
RELIGARE,RELIGARE.NS,Religare Enterprises Limited,EQ,INE621H01010,2007-11-21,10.0,,false,false,false,false,false,false,false
RELINFRA,RELINFRA.NS,Reliance Infrastructure Limited,BE,INE036A01016,1995-02-08,10.0,,false,false,false,false,false,false,false
RELTD,RELTD.NS,Ravindra Energy Limited,EQ,INE206N01018,2024-07-30,10.0,,false,false,false,false,false,false,false
REMSONSIND,REMSONSIND.NS,Remsons Industries Limited,EQ,INE474C01023,1996-01-31,2.0,,false,false,false,false,false,false,false
RENUKA,RENUKA.NS,Shree Renuka Sugars Limited,EQ,INE087H01022,2005-10-31,1.0,,false,false,false,false,false,false,false
REPCOHOME,REPCOHOME.NS,Repco Home Finance Limited,EQ,INE612J01015,2013-04-01,10.0,,false,false,false,false,false,false,false
REPL,REPL.NS,Rudrabhishek Enterprises Limited,BE,INE364Z01019,2020-12-14,10.0,,false,false,false,false,false,false,false
REPRO,REPRO.NS,Repro India Limited,EQ,INE461B01014,2005-12-22,10.0,,false,false,false,false,false,false,false
RESPONIND,RESPONIND.NS,Responsive Industries Limited,EQ,INE688D01026,2010-10-29,1.0,,false,false,false,false,false,false,false
RETAIL,RETAIL.NS,JHS Svendgaard Retail Ventures Limited,EQ,INE03DD01011,2024-06-26,10.0,,false,false,false,false,false,false,false
RGL,RGL.NS,Renaissance Global Limited,EQ,INE722H01024,2007-12-12,2.0,,false,false,false,false,false,false,false
RHETAN,RHETAN.NS,Rhetan TMT Limited,EQ,INE0KKN01029,2025-09-26,1.0,,false,false,false,false,false,false,false
RHFL,RHFL.NS,Reliance Home Finance Limited,BZ,INE217K01011,2017-09-22,10.0,,false,false,false,false,false,false,false
RHIM,RHIM.NS,RHI MAGNESITA INDIA LIMITED,EQ,INE743M01012,2012-03-12,1.0,Capital Goods,false,false,false,false,true,false,true
RHL,RHL.NS,Robust Hotels Limited,EQ,INE508K01013,2023-04-25,10.0,,false,false,false,false,false,false,false
RICOAUTO,RICOAUTO.NS,Rico Auto Industries Limited,EQ,INE209B01025,2003-05-12,1.0,,false,false,false,false,false,false,false
RIIL,RIIL.NS,Reliance Industrial Infrastructure Limited,EQ,INE046A01015,1995-11-29,10.0,,false,false,false,false,false,false,false
RIR,RIR.NS,RIR Power Electronics Limited,EQ,INE302D01024,2026-07-16,2.0,,false,false,false,false,false,false,false
RISHABH,RISHABH.NS,Rishabh Instruments Limited,EQ,INE0N2P01017,2023-09-11,10.0,,false,false,false,false,false,false,false
RITCO,RITCO.NS,Ritco Logistics Limited,EQ,INE01EG01016,2022-04-12,10.0,,false,false,false,false,false,false,false
RITES,RITES.NS,RITES Limited,EQ,INE320J01015,2018-07-02,10.0,Construction,false,false,false,false,true,false,true
RKDL,RKDL.NS,Ravi Kumar Distilleries Limited,EQ,INE722J01012,2010-12-27,10.0,,false,false,false,false,false,false,false
RKEC,RKEC.NS,RKEC Projects Limited,EQ,INE786W01010,2020-12-18,10.0,,false,false,false,false,false,false,false
RKFORGE,RKFORGE.NS,Ramkrishna Forgings Limited,EQ,INE399G01023,2004-05-05,2.0,Automobile and Auto Components,false,false,false,false,true,false,true
RKSWAMY,RKSWAMY.NS,R K Swamy Limited,EQ,INE0NQ801033,2024-03-12,5.0,,false,false,false,false,false,false,false
RMC,RMC.NS,RMC Switchgears Limited,EQ,INE655V01019,2026-04-01,10.0,,false,false,false,false,false,false,false
RMDRIP,RMDRIP.NS,R M Drip and Sprinklers Systems Limited,BE,INE219Y01026,2025-07-30,1.0,,false,false,false,false,false,false,false
RML,RML.NS,Rane (Madras) Limited,EQ,INE050H01012,2005-08-30,10.0,,false,false,false,false,false,false,false
RNBDENIMS,RNBDENIMS.NS,R&B Denims Limited,EQ,INE012Q01039,2025-09-04,1.0,,false,false,false,false,false,false,false
ROHLTD,ROHLTD.NS,Royal Orchid Hotels Limited,EQ,INE283H01019,2006-02-06,10.0,,false,false,false,false,false,false,false
ROLEXRINGS,ROLEXRINGS.NS,Rolex Rings Limited,EQ,INE645S01024,2021-08-09,1.0,,false,false,false,false,false,false,false
ROLLT,ROLLT.NS,Rollatainers Limited,BE,INE927A01040,2016-11-22,1.0,,false,false,false,false,false,false,false
ROML,ROML.NS,Raj Oil Mills Limited,EQ,INE294G01026,2020-10-06,10.0,,false,false,false,false,false,false,false
ROSSARI,ROSSARI.NS,Rossari Biotech Limited,EQ,INE02A801020,2020-07-23,2.0,,false,false,false,false,false,false,false
ROSSELLIND,ROSSELLIND.NS,Rossell India Limited,EQ,INE847C01020,2012-09-25,2.0,,false,false,false,false,false,false,false
ROSSTECH,ROSSTECH.NS,Rossell Techsys Limited,EQ,INE0OJW01016,2024-12-09,2.0,,false,false,false,false,false,false,false
ROTO,ROTO.NS,Roto Pumps Limited,EQ,INE535D01037,2022-04-21,1.0,,false,false,false,false,false,false,false
ROUTE,ROUTE.NS,ROUTE MOBILE LIMITED,EQ,INE450U01017,2020-09-21,10.0,,false,false,false,false,false,false,false
RPEL,RPEL.NS,Raghav Productivity Enhancers Limited,EQ,INE912T01018,2024-08-08,10.0,,false,false,false,false,false,false,false
RPGLIFE,RPGLIFE.NS,RPG Life Sciences Limited,EQ,INE105J01010,2008-06-10,8.0,,false,false,false,false,false,false,false
RPOWER,RPOWER.NS,Reliance Power Limited,EQ,INE614G01033,2008-02-11,10.0,Power,false,false,false,false,true,false,true
RPPINFRA,RPPINFRA.NS,R.P.P. Infra Projects Limited,EQ,INE324L01013,2010-12-06,10.0,,false,false,false,false,false,false,false
RPPL,RPPL.NS,Rajshree Polypack Limited,BE,INE760W01023,2021-11-26,5.0,,false,false,false,false,false,false,false
RPSGVENT,RPSGVENT.NS,RPSG VENTURES LIMITED,EQ,INE425Y01011,2019-01-25,10.0,,false,false,false,false,false,false,false
RPTECH,RPTECH.NS,Rashi Peripherals Limited,EQ,INE0J1F01024,2024-02-14,5.0,,false,false,false,false,false,false,false
RRECL,RRECL.NS,RDB Real Estate Constructions Limited,EQ,INE0AK901016,2026-08-17,10.0,,false,false,false,false,false,false,false
RRIL,RRIL.NS,RRIL Limited,EQ,INE951M01037,2026-04-20,5.0,,false,false,false,false,false,false,false
RRKABEL,RRKABEL.NS,R R Kabel Limited,EQ,INE777K01022,2023-09-20,5.0,Capital Goods,false,false,false,false,true,false,true
RSDFIN,RSDFIN.NS,RSD Finance Limited,BE,INE616F01022,2026-04-20,5.0,,false,false,false,false,false,false,false
RSL,RSL.NS,Rajputana Stainless Limited,EQ,INE313L01016,2026-03-19,10.0,,false,false,false,false,false,false,false
RSSOFTWARE,RSSOFTWARE.NS,R. S. Software (India) Limited,EQ,INE165B01029,1999-05-19,5.0,,false,false,false,false,false,false,false
RSWM,RSWM.NS,RSWM Limited,BE,INE611A01016,1995-02-15,10.0,,false,false,false,false,false,false,false
RSYSTEMS,RSYSTEMS.NS,R Systems International Limited,EQ,INE411H01032,2006-04-26,1.0,,false,false,false,false,false,false,false
RTNINDIA,RTNINDIA.NS,RattanIndia Enterprises Limited,EQ,INE834M01019,2012-07-30,2.0,,false,false,false,false,false,false,false
RTNPOWER,RTNPOWER.NS,RattanIndia Power Limited,EQ,INE399K01017,2009-10-30,10.0,,false,false,false,false,false,false,false
RTSPOWR,RTSPOWR.NS,RTS Power Corporation Limited,EQ,INE005C01017,2026-08-17,10.0,,false,false,false,false,false,false,false
RUBFILA,RUBFILA.NS,Rubfila International Limited,EQ,INE642C01025,2024-08-08,5.0,,false,false,false,false,false,false,false
RUBICON,RUBICON.NS,Rubicon Research Limited,EQ,INE506V01022,2025-10-16,1.0,,false,false,false,false,false,false,false
RUBYMILLS,RUBYMILLS.NS,The Ruby Mills Limited,BE,INE301D01026,1995-03-29,5.0,,false,false,false,false,false,false,false
RUCHINFRA,RUCHINFRA.NS,Ruchi Infrastructure Limited,EQ,INE413B01023,1996-10-16,1.0,,false,false,false,false,false,false,false
RUCHIRA,RUCHIRA.NS,Ruchira Papers Limited,EQ,INE803H01014,2006-12-20,10.0,,false,false,false,false,false,false,false
RUDRA,RUDRA.NS,Rudra Global Infra Products Limited,EQ,INE027T01023,2025-12-19,5.0,,false,false,false,false,false,false,false
RUPA,RUPA.NS,Rupa & Company Limited,EQ,INE895B01021,2011-12-07,1.0,,false,false,false,false,false,false,false
RUSHIL,RUSHIL.NS,Rushil Decor Limited,EQ,INE573K01025,2011-07-07,1.0,,false,false,false,false,false,false,false
RUSTOMJEE,RUSTOMJEE.NS,Keystone Realtors Limited,EQ,INE263M01029,2022-11-24,10.0,,false,false,false,false,false,false,false
RVHL,RVHL.NS,Ravinder Heights Limited,EQ,INE09E501017,2020-12-18,1.0,,false,false,false,false,false,false,false
RVNL,RVNL.NS,Rail Vikas Nigam Limited,EQ,INE415G01027,2019-04-11,10.0,Construction,false,false,false,true,true,true,false
RVTH,RVTH.NS,Revathi Equipment India Limited,EQ,INE0DAB01012,2024-09-11,10.0,,false,false,false,false,false,false,false
S&SPOWER,S&SPOWER.NS,S&S Power Switchgears Limited,EQ,INE902B01017,1995-09-27,10.0,,false,false,false,false,false,false,false
SAATVIKGL,SAATVIKGL.NS,Saatvik Green Energy Limited,EQ,INE13B501022,2025-09-26,2.0,,false,false,false,false,false,false,false
SAB,SAB.NS,SAB Industries Limited,EQ,INE137M01017,2026-08-17,10.0,,false,false,false,false,false,false,false
SADBHAV,SADBHAV.NS,Sadbhav Engineering Limited,EQ,INE226H01026,2006-03-01,1.0,,false,false,false,false,false,false,false
SADBHIN,SADBHIN.NS,Sadbhav Infrastructure Project Limited,BE,INE764L01010,2015-09-16,10.0,,false,false,false,false,false,false,false
SADHNANIQ,SADHNANIQ.NS,Sadhana Nitrochem Limited,BE,INE888C01040,2023-05-05,1.0,,false,false,false,false,false,false,false
SAFARI,SAFARI.NS,Safari Industries (India) Limited,EQ,INE429E01023,2019-09-12,2.0,,false,false,false,false,false,false,false
SAGARDEEP,SAGARDEEP.NS,Sagardeep Alloys Limited,EQ,INE976T01013,2019-01-25,10.0,,false,false,false,false,false,false,false
SAGCEM,SAGCEM.NS,Sagar Cements Limited,EQ,INE229C01021,2007-01-29,2.0,,false,false,false,false,false,false,false
SAGILITY,SAGILITY.NS,SAGILITY LIMITED,EQ,INE0W2G01015,2024-11-12,10.0,Information Technology,false,false,false,false,true,false,true
SAHLIBHFI,SAHLIBHFI.NS,Shalibhadra Finance Limited,EQ,INE861D01011,2026-04-10,10.0,,false,false,false,false,false,false,false
SAHYADRI,SAHYADRI.NS,Sahyadri Industries Limited,EQ,INE280H01015,2023-04-06,10.0,,false,false,false,false,false,false,false
SAICAPI,SAICAPI.NS,Sai Capital Limited,EQ,INE531X01018,2026-08-17,10.0,,false,false,false,false,false,false,false
SAIL,SAIL.NS,Steel Authority of India Limited,EQ,INE114A01011,1995-07-06,10.0,Metals & Mining,false,false,false,true,true,true,false
SAILIFE,SAILIFE.NS,Sai Life Sciences Limited,EQ,INE570L01029,2024-12-18,1.0,Healthcare,false,false,false,false,true,false,true
SAIPARENT,SAIPARENT.NS,Sai Parenterals Limited,EQ,INE0H9F01037,2026-04-02,5.0,,false,false,false,false,false,false,false
SAKAR,SAKAR.NS,Sakar Healthcare Limited,EQ,INE732S01012,2019-04-11,10.0,,false,false,false,false,false,false,false
SAKHTISUG,SAKHTISUG.NS,Sakthi Sugars Limited,EQ,INE623A01011,1995-09-06,10.0,,false,false,false,false,false,false,false
SAKSOFT,SAKSOFT.NS,Saksoft Limited,EQ,INE667G01023,2005-05-09,1.0,,false,false,false,false,false,false,false
SAKUMA,SAKUMA.NS,Sakuma Exports Limited,EQ,INE190H01024,2006-03-08,1.0,,false,false,false,false,false,false,false
SALASAR,SALASAR.NS,Salasar Techno Engineering Limited,EQ,INE170V01027,2017-07-25,1.0,,false,false,false,false,false,false,false
SALONA,SALONA.NS,Salona Cotspin Limited,EQ,INE498E01010,2016-06-16,10.0,,false,false,false,false,false,false,false
SALSTEEL,SALSTEEL.NS,S.A.L. Steel Limited,EQ,INE658G01014,2004-11-24,10.0,,false,false,false,false,false,false,false
SALZERELEC,SALZERELEC.NS,Salzer Electronics Limited,EQ,INE457F01013,2015-12-02,10.0,,false,false,false,false,false,false,false
SAMBANDAM,SAMBANDAM.NS,Sambandam Spinning Mills Limited,EQ,INE304D01012,2026-08-17,10.0,,false,false,false,false,false,false,false
SAMBHAAV,SAMBHAAV.NS,Sambhaav Media Limited,EQ,INE699B01027,1996-06-05,1.0,,false,false,false,false,false,false,false
SAMBHV,SAMBHV.NS,Sambhv Steel Tubes Limited,EQ,INE12NJ01018,2025-07-02,10.0,,false,false,false,false,false,false,false
SAMHI,SAMHI.NS,Samhi Hotels Limited,EQ,INE08U801020,2023-09-22,1.0,,false,false,false,false,false,false,false
SAMMAANCAP,SAMMAANCAP.NS,Sammaan Capital Limited,EQ,INE148I01020,2013-07-23,2.0,Financial Services,false,false,false,false,true,false,true
SAMPANN,SAMPANN.NS,Sampann Utpadan India Limited,EQ,INE735M01018,2012-07-27,10.0,,false,false,false,false,false,false,false
SANATHAN,SANATHAN.NS,Sanathan Textiles Limited,EQ,INE0JPD01013,2024-12-27,10.0,,false,false,false,false,false,false,false
SANDESH,SANDESH.NS,The Sandesh Limited,EQ,INE583B01015,2002-11-26,10.0,,false,false,false,false,false,false,false
SANDHAR,SANDHAR.NS,Sandhar Technologies Limited,EQ,INE278H01035,2018-04-02,10.0,,false,false,false,false,false,false,false
SANDUMA,SANDUMA.NS,Sandur Manganese & Iron Ores Limited,EQ,INE149K01016,2023-09-07,10.0,,false,false,false,false,false,false,false
SANGAMIND,SANGAMIND.NS,Sangam (India) Limited,EQ,INE495C01010,1996-07-17,10.0,,false,false,false,false,false,false,false
SANGHVIMOV,SANGHVIMOV.NS,Sanghvi Movers Limited,EQ,INE989A01032,2007-01-24,1.0,,false,false,false,false,false,false,false
SANGINITA,SANGINITA.NS,Sanginita Chemicals Limited,BE,INE753W01010,2019-07-15,10.0,,false,false,false,false,false,false,false
SANOFI,SANOFI.NS,Sanofi India Limited,EQ,INE058A01010,2003-05-19,10.0,,false,false,false,false,false,false,false
SANOFICONR,SANOFICONR.NS,Sanofi Consumer Healthcare India Limited,EQ,INE0UOS01011,2024-09-13,10.0,,false,false,false,false,false,false,false
SANSERA,SANSERA.NS,Sansera Engineering Limited,EQ,INE953O01021,2021-09-24,2.0,,false,false,false,false,false,false,false
SANSTAR,SANSTAR.NS,Sanstar Limited,EQ,INE08NE01025,2024-07-26,2.0,,false,false,false,false,false,false,false
SANWARIA,SANWARIA.NS,Sanwaria Consumer Limited,BZ,INE890C01046,2006-03-27,1.0,,false,false,false,false,false,false,false
SAPPHIRE,SAPPHIRE.NS,Sapphire Foods India Limited,EQ,INE806T01020,2021-11-18,2.0,Consumer Services,false,false,false,false,true,false,true
SAPPL,SAPPL.NS,Shree Ajit Pulp & Paper Limited,EQ,INE185C01017,2026-04-20,10.0,,false,false,false,false,false,false,false
SARDAEN,SARDAEN.NS,Sarda Energy & Minerals Limited,EQ,INE385C01021,2009-12-03,1.0,Metals & Mining,false,false,false,false,true,false,true
SAREGAMA,SAREGAMA.NS,Saregama India Limited,EQ,INE979A01025,1997-07-30,1.0,Media Entertainment & Publication,false,false,false,false,true,false,true
SARLAPOLY,SARLAPOLY.NS,Sarla Performance Fibers Limited,EQ,INE453D01025,2007-01-19,1.0,,false,false,false,false,false,false,false
SARVESHWAR,SARVESHWAR.NS,Sarveshwar Foods Limited,EQ,INE324X01026,2022-12-08,1.0,,false,false,false,false,false,false,false
SASKEN,SASKEN.NS,Sasken Technologies Limited,EQ,INE231F01020,2005-09-09,10.0,,false,false,false,false,false,false,false
SATIA,SATIA.NS,Satia Industries Limited,EQ,INE170E01023,2019-07-17,1.0,,false,false,false,false,false,false,false
SATIN,SATIN.NS,Satin Creditcare Network Limited,EQ,INE836B01017,2015-08-26,10.0,,false,false,false,false,false,false,false
SAURASHCEM,SAURASHCEM.NS,Saurashtra Cement Limited,EQ,INE626A01014,2024-02-27,10.0,,false,false,false,false,false,false,false
SAYAJIHOTL,SAYAJIHOTL.NS,Sayaji Hotels Limited,EQ,INE318C01014,2026-04-20,10.0,,false,false,false,false,false,false,false
SAYAJIIND,SAYAJIIND.NS,Sayaji Industries Limited,EQ,INE327G01032,2026-08-17,5.0,,false,false,false,false,false,false,false
SBC,SBC.NS,SBC Exports Limited,EQ,INE04AK01028,2021-11-23,1.0,,false,false,false,false,false,false,false
SBCL,SBCL.NS,Shivalik Bimetal Controls Limited,EQ,INE386D01027,2021-06-24,2.0,,false,false,false,false,false,false,false
SBFC,SBFC.NS,SBFC Finance Limited,EQ,INE423Y01016,2023-08-16,10.0,Financial Services,false,false,false,false,true,false,true
SBGLP,SBGLP.NS,Suratwwala Business Group Limited,EQ,INE05ST01028,2023-02-10,1.0,,false,false,false,false,false,false,false
SBICARD,SBICARD.NS,SBI Cards and Payment Services Limited,EQ,INE018E01016,2020-03-16,10.0,Financial Services,false,false,false,true,true,true,false
SBIFUNDS,SBIFUNDS.NS,SBI Funds Management Limited,EQ,INE640G01020,2026-07-21,1.0,,false,false,false,false,false,false,false
SBILIFE,SBILIFE.NS,SBI Life Insurance Company Limited,EQ,INE123W01016,2017-10-03,10.0,Financial Services,true,false,true,true,true,false,false
SBIN,SBIN.NS,State Bank of India,EQ,INE062A01020,1995-03-01,1.0,Financial Services,true,false,true,true,true,false,false
SCANSTL,SCANSTL.NS,Scan Steels Limited,BE,INE099G01011,2026-04-20,10.0,,false,false,false,false,false,false,false
SCHAEFFLER,SCHAEFFLER.NS,Schaeffler India Limited,EQ,INE513A01022,2000-11-29,2.0,Automobile and Auto Components,false,false,false,false,true,true,false
SCHAND,SCHAND.NS,S Chand And Company Limited,EQ,INE807K01035,2017-05-09,5.0,,false,false,false,false,false,false,false
SCHNEIDER,SCHNEIDER.NS,Schneider Electric Infrastructure Limited,EQ,INE839M01018,2012-03-20,2.0,Capital Goods,false,false,false,false,true,false,true
SCI,SCI.NS,Shipping Corporation Of India Limited,EQ,INE109A01011,1997-08-13,10.0,Services,false,false,false,false,true,false,true
SCILAL,SCILAL.NS,Shipping Corporation of India Land and Assets Limited,EQ,INE0PB301013,2024-03-19,10.0,,false,false,false,false,false,false,false
SCODATUBES,SCODATUBES.NS,Scoda Tubes Limited,EQ,INE090501011,2025-06-04,10.0,,false,false,false,false,false,false,false
SCPL,SCPL.NS,Sheetal Cool Products Limited,BE,INE501Y01019,2022-11-22,10.0,,false,false,false,false,false,false,false
SDBL,SDBL.NS,Som Distilleries & Breweries Limited,EQ,INE480C01038,2014-03-18,2.0,,false,false,false,false,false,false,false
SEAMECLTD,SEAMECLTD.NS,Seamec Limited,EQ,INE497B01018,1995-06-28,10.0,,false,false,false,false,false,false,false
SECMARK,SECMARK.NS,SecMark Consultancy Limited,EQ,INE0BTM01013,2023-10-16,10.0,,false,false,false,false,false,false,false
SECURKLOUD,SECURKLOUD.NS,SECUREKLOUD TECHNOLOGIES LIMITED,EQ,INE650K01021,2014-01-29,5.0,,false,false,false,false,false,false,false
SEDEMAC,SEDEMAC.NS,SEDEMAC Mechatronics Limited,EQ,INE00XB01019,2026-03-11,10.0,,false,false,false,false,false,false,false
SEIL,SEIL.NS,Shanti Educational Initiatives Limited,EQ,INE440T01028,2026-04-20,1.0,,false,false,false,false,false,false,false
SEJALLTD,SEJALLTD.NS,Sejal Glass Limited,EQ,INE955I01044,2021-12-13,10.0,,false,false,false,false,false,false,false
SEKURITIND,SEKURITIND.NS,Saint Gobain Sekurit India Limited,EQ,INE068B01017,2026-08-17,10.0,,false,false,false,false,false,false,false
SELMC,SELMC.NS,SEL Manufacturing Company Limited,EQ,INE105I01020,2021-10-26,10.0,,false,false,false,false,false,false,false
SEMAC,SEMAC.NS,Semac Construction Limited,EQ,INE617A01013,2005-08-11,10.0,,false,false,false,false,false,false,false
SENCO,SENCO.NS,Senco Gold Limited,EQ,INE602W01027,2023-07-14,5.0,,false,false,false,false,false,false,false
SENORES,SENORES.NS,Senores Pharmaceuticals Limited,EQ,INE0RB801010,2024-12-30,10.0,,false,false,false,false,false,false,false
SEPC,SEPC.NS,SEPC Limited,EQ,INE964H01014,2008-02-20,10.0,,false,false,false,false,false,false,false
SERVOTECH,SERVOTECH.NS,Servotech Renewable Power System Limited,EQ,INE782X01033,2021-09-02,1.0,,false,false,false,false,false,false,false
SESHAPAPER,SESHAPAPER.NS,Seshasayee Paper and Boards Limited,EQ,INE630A01024,1995-03-29,2.0,,false,false,false,false,false,false,false
SETCO,SETCO.NS,Setco Automotive Limited,BE,INE878E01021,2016-07-01,2.0,,false,false,false,false,false,false,false
SETL,SETL.NS,Standard Engineering Technology Limited,EQ,INE0M4D01010,2025-01-13,10.0,,false,false,false,false,false,false,false
SETUINFRA,SETUINFRA.NS,Setubandhan Infrastructure Limited,BZ,INE023M01027,2011-10-04,1.0,,false,false,false,false,false,false,false
SEYAIND,SEYAIND.NS,Seya Industries Limited,BE,INE573R01012,2019-07-11,10.0,,false,false,false,false,false,false,false
SFL,SFL.NS,Sheela Foam Limited,EQ,INE916U01025,2016-12-09,5.0,,false,false,false,false,false,false,false
SGFIN,SGFIN.NS,SG Finserve Limited,EQ,INE618R01015,2025-08-05,10.0,,false,false,false,false,false,false,false
SGIL,SGIL.NS,Synergy Green Industries Limited,EQ,INE00QT01015,2021-07-28,10.0,,false,false,false,false,false,false,false
SGL,SGL.NS,STL Global Limited,EQ,INE353H01010,2006-04-10,10.0,,false,false,false,false,false,false,false
SGLRES,SGLRES.NS,SGL Resources Limited,EQ,INE967B01028,2026-08-17,2.0,,false,false,false,false,false,false,false
SGMART,SGMART.NS,SG Mart Limited,EQ,INE385F01024,2025-09-12,1.0,,false,false,false,false,false,false,false
SGRL,SGRL.NS,Shree Ganesh Remedies Limited,EQ,INE414Y01015,2026-08-17,10.0,,false,false,false,false,false,false,false
SHADOWFAX,SHADOWFAX.NS,Shadowfax Technologies Limited,EQ,INE12UN01015,2026-01-28,10.0,,false,false,false,false,false,false,false
SHAH,SHAH.NS,Shah Metacorp Limited,EQ,INE482J01021,2010-10-27,1.0,,false,false,false,false,false,false,false
SHAHALLOYS,SHAHALLOYS.NS,Shah Alloys Limited,EQ,INE640C01011,2005-06-16,10.0,,false,false,false,false,false,false,false
SHAILY,SHAILY.NS,Shaily Engineering Plastics Limited,EQ,INE151G01028,2022-04-04,2.0,,false,false,false,false,false,false,false
SHAKTIPUMP,SHAKTIPUMP.NS,Shakti Pumps (India) Limited,EQ,INE908D01010,2015-01-29,10.0,,false,false,false,false,false,false,false
SHALBY,SHALBY.NS,Shalby Limited,EQ,INE597J01018,2017-12-15,10.0,,false,false,false,false,false,false,false
SHALPAINTS,SHALPAINTS.NS,Shalimar Paints Limited,BE,INE849C01026,2008-03-03,2.0,,false,false,false,false,false,false,false
SHANKARA,SHANKARA.NS,Shankara Building Products Limited,EQ,INE274V01019,2017-04-05,10.0,,false,false,false,false,false,false,false
SHANKESH,SHANKESH.NS,Shankesh Jewellers Limited,EQ,INE1WFC01025,2026-08-25,5.0,,false,false,false,false,false,false,false
SHANTI,SHANTI.NS,Shanti Overseas (India) Limited,EQ,INE933X01016,2021-09-16,10.0,,false,false,false,false,false,false,false
SHANTIGEAR,SHANTIGEAR.NS,Shanthi Gears Limited,EQ,INE631A01022,1996-01-17,1.0,,false,false,false,false,false,false,false
SHANTIGOLD,SHANTIGOLD.NS,Shanti Gold International Limited,EQ,INE06ZD01017,2025-08-01,10.0,,false,false,false,false,false,false,false
SHARDACROP,SHARDACROP.NS,Sharda Cropchem Limited,EQ,INE221J01015,2014-09-23,10.0,,false,false,false,false,false,false,false
SHARDAMOTR,SHARDAMOTR.NS,Sharda Motor Industries Limited,EQ,INE597I01028,2015-09-03,2.0,,false,false,false,false,false,false,false
SHARDUL,SHARDUL.NS,Shardul Securities Limited,BE,INE037B01020,2026-04-20,2.0,,false,false,false,false,false,false,false
SHAREINDIA,SHAREINDIA.NS,Share India Securities Limited,EQ,INE932X01026,2020-09-21,2.0,,false,false,false,false,false,false,false
SHBAJRG,SHBAJRG.NS,Shri Bajrang Alliance Limited,EQ,INE402H01015,2026-04-20,10.0,,false,false,false,false,false,false,false
SHEKHAWATI,SHEKHAWATI.NS,Shekhawati Industries Limited,BE,INE268L01046,2011-01-12,10.0,,false,false,false,false,false,false,false
SHEMAROO,SHEMAROO.NS,Shemaroo Entertainment Limited,BE,INE363M01019,2014-10-01,10.0,,false,false,false,false,false,false,false
SHERVANI,SHERVANI.NS,Shervani Industrial Syndicate Limited,EQ,INE011D01013,2026-08-17,10.0,,false,false,false,false,false,false,false
SHILCTECH,SHILCTECH.NS,Shilchar Technologies Limited,EQ,INE024F01011,2025-11-24,10.0,,false,false,false,false,false,false,false
SHILGRAVQ,SHILGRAVQ.NS,Shilp Gravures Limited,EQ,INE960A01017,2026-08-17,10.0,,false,false,false,false,false,false,false
SHILPAMED,SHILPAMED.NS,Shilpa Medicare Limited,EQ,INE790G01031,2009-12-03,1.0,,false,false,false,false,false,false,false
SHINDL,SHINDL.NS,Sharat Industries Limited,EQ,INE220Z01013,2026-04-20,10.0,,false,false,false,false,false,false,false
SHIPROCKET,SHIPROCKET.NS,Shiprocket Limited,EQ,INE0FOO01011,2026-08-19,10.0,,false,false,false,false,false,false,false
SHIVAAGRO,SHIVAAGRO.NS,Shiva Global Agro Industries Limited,EQ,INE960E01019,2026-08-17,10.0,,false,false,false,false,false,false,false
SHIVACEM,SHIVACEM.NS,Shiva Cement Limited,EQ,INE555C01029,2026-08-17,2.0,,false,false,false,false,false,false,false
SHIVALIK,SHIVALIK.NS,Shivalik Rasayan Limited,BE,INE788J01021,2021-12-09,5.0,,false,false,false,false,false,false,false
SHIVAMAUTO,SHIVAMAUTO.NS,Shivam Autotech Limited,BE,INE637H01024,2006-11-21,2.0,,false,false,false,false,false,false,false
SHIVAMILLS,SHIVAMILLS.NS,Shiva Mills Limited,EQ,INE644Y01017,2018-02-26,10.0,,false,false,false,false,false,false,false
SHIVATEX,SHIVATEX.NS,Shiva Texyarn Limited,EQ,INE705C01020,2017-12-26,10.0,,false,false,false,false,false,false,false
SHIVAUM,SHIVAUM.NS,Shiv Aum Steels Limited,EQ,INE719F01016,2025-11-14,10.0,,false,false,false,false,false,false,false
SHK,SHK.NS,S H Kelkar and Company Limited,EQ,INE500L01026,2015-11-16,10.0,,false,false,false,false,false,false,false
SHOPERSTOP,SHOPERSTOP.NS,Shoppers Stop Limited,EQ,INE498B01024,2005-05-23,5.0,,false,false,false,false,false,false,false
SHRADDHA,SHRADDHA.NS,Shraddha Prime Projects Limited,EQ,INE311M01018,2026-08-17,10.0,,false,false,false,false,false,false,false
SHRADHA,SHRADHA.NS,Shradha Realty Limited,EQ,INE715Y01031,2020-10-22,2.0,,false,false,false,false,false,false,false
SHREDIGCEM,SHREDIGCEM.NS,Shree Digvijay Cement Co.Ltd,EQ,INE232A01011,2020-01-28,10.0,,false,false,false,false,false,false,false
SHREECEM,SHREECEM.NS,SHREE CEMENT LIMITED,EQ,INE070A01015,1995-04-26,10.0,Construction Materials,false,true,true,true,true,false,false
SHREEJISPG,SHREEJISPG.NS,Shreeji Shipping Global Limited,EQ,INE1B6101010,2025-08-26,10.0,,false,false,false,false,false,false,false
SHREEPUSHK,SHREEPUSHK.NS,Shree Pushkar Chemicals & Fertilisers Limited,EQ,INE712K01011,2015-09-10,10.0,,false,false,false,false,false,false,false
SHREERAMA,SHREERAMA.NS,Shree Rama Multi-Tech Limited,EQ,INE879A01019,2000-03-13,5.0,,false,false,false,false,false,false,false
SHRENIK,SHRENIK.NS,Shrenik Limited,BZ,INE632X01030,2019-08-02,1.0,,false,false,false,false,false,false,false
SHREYANIND,SHREYANIND.NS,Shreyans Industries Limited,EQ,INE231C01019,1996-11-06,10.0,,false,false,false,false,false,false,false
SHRIKRISH,SHRIKRISH.NS,Shri Krishna Devcon Limited,EQ,INE997I01012,2026-04-20,10.0,,false,false,false,false,false,false,false
SHRINGARMS,SHRINGARMS.NS,Shringar House of Mangalsutra Limited,EQ,INE1B3L01017,2025-09-17,10.0,,false,false,false,false,false,false,false
SHRIPISTON,SHRIPISTON.NS,SPR Auto Technologies Limited,EQ,INE526E01018,2016-06-02,10.0,,false,false,false,false,false,false,false
SHRIRAMFIN,SHRIRAMFIN.NS,Shriram Finance Limited,EQ,INE721A01047,1996-12-11,2.0,Financial Services,true,false,true,true,true,false,false
SHRIRAMPPS,SHRIRAMPPS.NS,Shriram Properties Limited,EQ,INE217L01019,2021-12-20,10.0,,false,false,false,false,false,false,false
SHRJAGP,SHRJAGP.NS,Shri Jagdamba Polymers Limited,EQ,INE564J01026,2026-08-17,1.0,,false,false,false,false,false,false,false
SHUKRAPHAR,SHUKRAPHAR.NS,Shukra Pharmaceuticals Limited,EQ,INE551C01044,2026-08-14,1.0,,false,false,false,false,false,false,false
SHYAMCENT,SHYAMCENT.NS,Shyam Century Ferrous Limited,BE,INE979R01011,2015-07-28,1.0,,false,false,false,false,false,false,false
SHYAMMETL,SHYAMMETL.NS,Shyam Metalics and Energy Limited,EQ,INE810G01011,2021-06-24,10.0,Capital Goods,false,false,false,false,true,false,true
SHYAMTEL,SHYAMTEL.NS,Shyam Telecom Limited,EQ,INE635A01023,2006-11-06,10.0,,false,false,false,false,false,false,false
SICAGEN,SICAGEN.NS,Sicagen India Limited,EQ,INE176J01011,2026-04-20,10.0,,false,false,false,false,false,false,false
SICALLOG,SICALLOG.NS,Sical Logistics Limited,BE,INE075B01020,2023-10-12,10.0,,false,false,false,false,false,false,false
SIEL,SIEL.NS,Superior Industrial Enterprises Limited,EQ,INE843L01012,2026-08-17,10.0,,false,false,false,false,false,false,false
SIEMENS,SIEMENS.NS,Siemens Limited,EQ,INE003A01024,1995-09-06,2.0,Capital Goods,false,true,true,true,true,false,false
SIGACHI,SIGACHI.NS,Sigachi Industries Limited,EQ,INE0D0K01022,2021-11-15,1.0,,false,false,false,false,false,false,false
SIGIND,SIGIND.NS,Signet Industries Limited,BE,INE529F01035,2018-08-29,10.0,,false,false,false,false,false,false,false
SIGMA,SIGMA.NS,Sigma Solve Limited,EQ,INE0A0S01028,2023-06-09,1.0,,false,false,false,false,false,false,false
SIGMAADV,SIGMAADV.NS,SIGMA ADVANCED SYSTEMS LIMITED,EQ,INE933B01012,2007-07-19,10.0,,false,false,false,false,false,false,false
SIGNATURE,SIGNATURE.NS,Signatureglobal (India) Limited,EQ,INE903U01023,2023-09-27,1.0,Realty,false,false,false,false,true,false,true
SIGNPOST,SIGNPOST.NS,Signpost India Limited,EQ,INE0KGZ01021,2024-02-14,2.0,,false,false,false,false,false,false,false
SIKA,SIKA.NS,Sika Interplant Systems Limited,EQ,INE438E01032,2026-04-20,2.0,,false,false,false,false,false,false,false
SIKKO,SIKKO.NS,Sikko Industries Limited,BE,INE112X01025,2021-10-22,1.0,,false,false,false,false,false,false,false
SIL,SIL.NS,Standard Industries Limited,EQ,INE173A01025,2004-01-27,5.0,,false,false,false,false,false,false,false
SILGO,SILGO.NS,Silgo Retail Limited,EQ,INE01II01013,2021-03-03,10.0,,false,false,false,false,false,false,false
SILINV,SILINV.NS,SIL Investments Limited,EQ,INE923A01015,1996-05-22,10.0,,false,false,false,false,false,false,false
SILLYMONKS,SILLYMONKS.NS,Silly Monks Entertainment Limited,EQ,INE203Y01012,2020-07-08,10.0,,false,false,false,false,false,false,false
SILVERTUC,SILVERTUC.NS,Silver Touch Technologies Limited,EQ,INE625X01026,2022-05-12,2.0,,false,false,false,false,false,false,false
SIMBHALS,SIMBHALS.NS,Simbhaoli Sugars Limited,BZ,INE748T01016,2016-03-14,10.0,,false,false,false,false,false,false,false
SIMPLEXINF,SIMPLEXINF.NS,Simplex Infrastructures Limited,EQ,INE059B01024,2004-03-09,2.0,,false,false,false,false,false,false,false
SIMPLXREA,SIMPLXREA.NS,Simplex Realty Limited,EQ,INE167H01014,2026-08-17,10.0,,false,false,false,false,false,false,false
SINCLAIR,SINCLAIR.NS,Sinclairs Hotels Limited,EQ,INE985A01022,2024-04-10,2.0,,false,false,false,false,false,false,false
SINDHUTRAD,SINDHUTRAD.NS,Sindhu Trade Links Limited,EQ,INE325D01025,2023-06-20,1.0,,false,false,false,false,false,false,false
SINGERIND,SINGERIND.NS,Singer India Limited,EQ,INE638A01035,2026-03-19,2.0,,false,false,false,false,false,false,false
SINTERCOM,SINTERCOM.NS,Sintercom India Limited,EQ,INE129Z01016,2020-10-07,10.0,,false,false,false,false,false,false,false
SIRCA,SIRCA.NS,Sirca Paints India Limited,EQ,INE792Z01011,2019-07-22,10.0,,false,false,false,false,false,false,false
SIS,SIS.NS,SIS LIMITED,EQ,INE285J01028,2017-08-10,5.0,,false,false,false,false,false,false,false
SITINET,SITINET.NS,Siti Networks Limited,BZ,INE965H01011,2007-01-10,1.0,,false,false,false,false,false,false,false
SIYSIL,SIYSIL.NS,Siyaram Silk Mills Limited,EQ,INE076B01028,2007-01-29,2.0,,false,false,false,false,false,false,false
SJS,SJS.NS,S.J.S. Enterprises Limited,EQ,INE284S01014,2021-11-15,10.0,,false,false,false,false,false,false,false
SJVN,SJVN.NS,SJVN Limited,EQ,INE002L01015,2010-05-20,10.0,Power,false,false,false,false,true,true,false
SKFINDIA,SKFINDIA.NS,SKF India Limited,EQ,INE640A01023,1999-01-27,10.0,,false,false,false,false,false,false,false
SKFINDUS,SKFINDUS.NS,SKF India (Industrial) Limited,EQ,INE2J8701016,2025-12-05,10.0,,false,false,false,false,false,false,false
SKIPPER,SKIPPER.NS,Skipper Limited,EQ,INE439E01022,2015-05-27,1.0,,false,false,false,false,false,false,false
SKMEGGPROD,SKMEGGPROD.NS,SKM Egg Products Export (India) Limited,EQ,INE411D01023,1997-03-14,5.0,,false,false,false,false,false,false,false
SKYGOLD,SKYGOLD.NS,SKY GOLD AND DIAMONDS LIMITED,EQ,INE01IU01018,2023-01-06,10.0,,false,false,false,false,false,false,false
SMARTLINK,SMARTLINK.NS,Smartlink Holdings Limited,BE,INE178C01020,2001-04-11,2.0,,false,false,false,false,false,false,false
SMARTWORKS,SMARTWORKS.NS,Smartworks Coworking Spaces Limited,EQ,INE0NAZ01010,2025-07-17,10.0,,false,false,false,false,false,false,false
SMCGLOBAL,SMCGLOBAL.NS,SMC Global Securities Limited,EQ,INE103C01036,2021-02-24,2.0,,false,false,false,false,false,false,false
SMLMAH,SMLMAH.NS,SML Mahindra Limited,EQ,INE294B01019,2003-08-29,10.0,,false,false,false,false,false,false,false
SMLT,SMLT.NS,Sarthak Metals Limited,EQ,INE017W01010,2021-11-25,10.0,,false,false,false,false,false,false,false
SMSPHARMA,SMSPHARMA.NS,SMS Pharmaceuticals Limited,EQ,INE812G01025,2007-02-28,1.0,,false,false,false,false,false,false,false
SNOWMAN,SNOWMAN.NS,Snowman Logistics Limited,EQ,INE734N01019,2014-09-12,10.0,,false,false,false,false,false,false,false
SOBHA,SOBHA.NS,Sobha Limited,EQ,INE671H01015,2006-12-20,10.0,Realty,false,false,false,false,true,false,true
SOFTTECH,SOFTTECH.NS,Softtech Engineers Limited,EQ,INE728Z01015,2022-02-25,10.0,,false,false,false,false,false,false,false
SOLARA,SOLARA.NS,Solara Active Pharma Sciences Limited,EQ,INE624Z01016,2018-06-27,10.0,,false,false,false,false,false,false,false
SOLARINDS,SOLARINDS.NS,Solar Industries India Limited,EQ,INE343H01029,2006-04-03,2.0,Chemicals,false,true,true,true,true,false,false
SOLARWORLD,SOLARWORLD.NS,Solarworld Energy Solutions Limited,EQ,INE0TY101024,2025-09-30,5.0,,false,false,false,false,false,false,false
SOLEX,SOLEX.NS,Solex Energy Limited,EQ,INE880Y01017,2025-10-08,10.0,,false,false,false,false,false,false,false
SOMANYCERA,SOMANYCERA.NS,Somany Ceramics Limited,EQ,INE355A01028,1995-11-22,2.0,,false,false,false,false,false,false,false
SOMATEX,SOMATEX.NS,Soma Textiles & Industries Limited,EQ,INE314C01013,1996-08-14,10.0,,false,false,false,false,false,false,false
SOMICONVEY,SOMICONVEY.NS,Somi Conveyor Beltings Limited,EQ,INE323J01019,2016-07-18,10.0,,false,false,false,false,false,false,false
SONACOMS,SONACOMS.NS,Sona BLW Precision Forgings Limited,EQ,INE073K01018,2021-06-24,10.0,Automobile and Auto Components,false,false,false,false,true,false,true
SONAL,SONAL.NS,Sonal Mercantile Limited,EQ,INE321M01017,2026-04-20,10.0,,false,false,false,false,false,false,false
SONAMLTD,SONAMLTD.NS,SONAM LIMITED,EQ,INE00LM01029,2022-04-07,5.0,,false,false,false,false,false,false,false
SONATSOFTW,SONATSOFTW.NS,Sonata Software Limited,EQ,INE269A01021,1999-07-28,1.0,Information Technology,false,false,false,false,true,false,true
SOTL,SOTL.NS,Savita Oil Technologies Limited,EQ,INE035D01020,1995-06-28,2.0,,false,false,false,false,false,false,false
SOUTHBANK,SOUTHBANK.NS,The South Indian Bank Limited,EQ,INE683A01023,1998-12-08,1.0,,false,false,false,false,false,false,false
SOUTHWEST,SOUTHWEST.NS,South West Pinnacle Exploration Limited,EQ,INE980Y01015,2019-04-18,10.0,,false,false,false,false,false,false,false
SPAL,SPAL.NS,S. P. Apparels Limited,EQ,INE212I01016,2016-08-12,10.0,,false,false,false,false,false,false,false
SPANDANA,SPANDANA.NS,Spandana Sphoorty Financial Limited,EQ,INE572J01011,2019-08-19,10.0,,false,false,false,false,false,false,false
SPARC,SPARC.NS,Sun Pharma Advanced Research Company Limited,EQ,INE232I01014,2007-07-18,1.0,,false,false,false,false,false,false,false
SPCENET,SPCENET.NS,Spacenet Enterprises India Limited,EQ,INE970N01027,2017-01-10,1.0,,false,false,false,false,false,false,false
SPECIALITY,SPECIALITY.NS,Speciality Restaurants Limited,BE,INE247M01014,2012-05-30,10.0,,false,false,false,false,false,false,false
SPECTRUM,SPECTRUM.NS,Spectrum Electrical Industries Limited,BE,INE01EO01010,2025-03-28,10.0,,false,false,false,false,false,false,false
SPELS,SPELS.NS,SPEL Semiconductor Limited,EQ,INE252A01019,2026-08-17,10.0,,false,false,false,false,false,false,false
SPENCERS,SPENCERS.NS,Spencer's Retail Limited,EQ,INE020801028,2019-01-25,5.0,,false,false,false,false,false,false,false
SPIC,SPIC.NS,Southern Petrochemicals Industries Corporation  Limited,EQ,INE147A01011,1996-01-10,10.0,,false,false,false,false,false,false,false
SPLIL,SPLIL.NS,SPL Industries Limited,EQ,INE978G01016,2005-07-26,10.0,,false,false,false,false,false,false,false
SPLPETRO,SPLPETRO.NS,Supreme Petrochem Limited,EQ,INE663A01033,2022-05-24,2.0,Chemicals,false,false,false,false,true,false,true
SPMLINFRA,SPMLINFRA.NS,SPML Infra Limited,EQ,INE937A01023,1996-02-14,2.0,,false,false,false,false,false,false,false
SPORTKING,SPORTKING.NS,Sportking India Limited,EQ,INE885H01029,2022-08-24,1.0,,false,false,false,false,false,false,false
SRD,SRD.NS,Shankar Lal Rampal Dye-Chem Limited,EQ,INE01NE01012,2024-10-09,10.0,,false,false,false,false,false,false,false
SREEL,SREEL.NS,Sreeleathers Limited,EQ,INE099F01013,2014-01-01,10.0,,false,false,false,false,false,false,false
SRF,SRF.NS,SRF Limited,EQ,INE647A01010,2003-08-18,10.0,Chemicals,false,false,false,true,true,true,false
SRGHFL,SRGHFL.NS,SRG Housing Finance Limited,EQ,INE559N01010,2023-08-21,10.0,,false,false,false,false,false,false,false
SRHHYPOLTD,SRHHYPOLTD.NS,Sree Rayalaseema Hi-Strength Hypo Limited,EQ,INE917H01012,2007-05-08,10.0,,false,false,false,false,false,false,false
SRIKPRIND,SRIKPRIND.NS,Sri KPR Industries Limited,EQ,INE009C01019,2026-08-17,10.0,,false,false,false,false,false,false,false
SRM,SRM.NS,SRM Contractors Limited,EQ,INE0R6Z01013,2024-04-03,10.0,,false,false,false,false,false,false,false
SRTL,SRTL.NS,Shree Ram Twistex Limited,EQ,INE19GK01015,2026-03-02,10.0,,false,false,false,false,false,false,false
SSDL,SSDL.NS,Saraswati Saree Depot Limited,EQ,INE0PQ101010,2024-08-20,10.0,,false,false,false,false,false,false,false
SSWL,SSWL.NS,Steel Strips Wheels Limited,EQ,INE802C01033,2005-06-06,1.0,,false,false,false,false,false,false,false
STALLION,STALLION.NS,Stallion India Fluorochemicals Limited,BE,INE0RYC01010,2025-01-23,10.0,,false,false,false,false,false,false,false
STANLEY,STANLEY.NS,Stanley Lifestyles Limited,EQ,INE01A001028,2024-06-28,2.0,,false,false,false,false,false,false,false
STAR,STAR.NS,Strides Pharma Science Limited,EQ,INE939A01011,2000-02-02,10.0,,false,false,false,false,false,false,false
STARCEMENT,STARCEMENT.NS,Star Cement Limited,EQ,INE460H01021,2017-06-16,1.0,,false,false,false,false,false,false,false
STARHEALTH,STARHEALTH.NS,Star Health and Allied Insurance Company Limited,EQ,INE575P01011,2021-12-10,10.0,Financial Services,false,false,false,false,true,false,true
STARPAPER,STARPAPER.NS,Star Paper Mills Limited,EQ,INE733A01018,1995-09-13,10.0,,false,false,false,false,false,false,false
STARTECK,STARTECK.NS,Starteck Finance Limited,EQ,INE992I01013,2022-05-04,10.0,,false,false,false,false,false,false,false
STCINDIA,STCINDIA.NS,The State Trading Corporation of India Limited,EQ,INE655A01013,2003-04-01,10.0,,false,false,false,false,false,false,false
STEELCAS,STEELCAS.NS,Steelcast Limited,EQ,INE124E01038,2021-11-23,1.0,,false,false,false,false,false,false,false
STEELCITY,STEELCITY.NS,Steel City Securities Limited,EQ,INE395H01011,2019-06-27,10.0,,false,false,false,false,false,false,false
STEELXIND,STEELXIND.NS,STEEL EXCHANGE INDIA LIMITED,EQ,INE503B01021,2017-07-20,1.0,,false,false,false,false,false,false,false
STEL,STEL.NS,Stel Holdings Limited,EQ,INE577L01016,2011-02-09,10.0,,false,false,false,false,false,false,false
STERTOOLS,STERTOOLS.NS,Sterling Tools Limited,BE,INE334A01023,2006-02-02,2.0,,false,false,false,false,false,false,false
STLNETWORK,STLNETWORK.NS,STL Networks Limited,EQ,INE1VXE01018,2025-09-04,2.0,,false,false,false,false,false,false,false
STLSTRINF,STLSTRINF.NS,Steel Strips Infrastructures Limited,EQ,INE205F01016,2026-08-17,10.0,,false,false,false,false,false,false,false
STLTECH,STLTECH.NS,Sterlite Technologies Limited,BE,INE089C01029,2000-12-08,2.0,,false,false,false,false,false,false,false
STOVEKRAFT,STOVEKRAFT.NS,Stove Kraft Limited,EQ,INE00IN01015,2021-02-05,10.0,,false,false,false,false,false,false,false
STUDDS,STUDDS.NS,Studds Accessories Limited,EQ,INE00Q601028,2025-11-07,5.0,,false,false,false,false,false,false,false
STYL,STYL.NS,Seshaasai Technologies Limited,EQ,INE04VU01023,2025-09-30,10.0,,false,false,false,false,false,false,false
STYLAMIND,STYLAMIND.NS,Stylam Industries Limited,EQ,INE239C01020,2021-08-02,5.0,,false,false,false,false,false,false,false
STYLEBAAZA,STYLEBAAZA.NS,Baazar Style Retail Limited,EQ,INE01FR01028,2024-09-06,5.0,,false,false,false,false,false,false,false
STYRENIX,STYRENIX.NS,Styrenix Performance Materials Limited,EQ,INE189B01011,1995-03-29,10.0,,false,false,false,false,false,false,false
SUBEXLTD,SUBEXLTD.NS,Subex Limited,EQ,INE754A01055,2020-11-05,5.0,,false,false,false,false,false,false,false
SUBROS,SUBROS.NS,Subros Limited,EQ,INE287B01021,2005-07-13,2.0,,false,false,false,false,false,false,false
SUDARCOLOR,SUDARCOLOR.NS,Sudarshan Colorants India Limited,EQ,INE492A01029,1995-06-14,10.0,,false,false,false,false,false,false,false
SUDARSCHEM,SUDARSCHEM.NS,Sudarshan Chemical Industries Limited,EQ,INE659A01023,1995-05-25,2.0,,false,false,false,false,false,false,false
SUDEEPPHRM,SUDEEPPHRM.NS,Sudeep Pharma Limited,EQ,INE0QPI01025,2025-11-28,1.0,,false,false,false,false,false,false,false
SUKHJITS,SUKHJITS.NS,Sukhjit Starch & Chemicals Limited,EQ,INE450E01029,2022-11-07,5.0,,false,false,false,false,false,false,false
SULA,SULA.NS,Sula Vineyards Limited,EQ,INE142Q01026,2022-12-22,2.0,,false,false,false,false,false,false,false
SUMEDHA,SUMEDHA.NS,Sumedha Fiscal Services Limited,EQ,INE886B01012,2026-08-17,10.0,,false,false,false,false,false,false,false
SUMEETINDS,SUMEETINDS.NS,Sumeet Industries Limited,EQ,INE235C01036,2010-12-10,2.0,,false,false,false,false,false,false,false
SUMICHEM,SUMICHEM.NS,Sumitomo Chemical India Limited,EQ,INE258G01013,2020-01-27,10.0,Chemicals,false,false,false,false,true,false,true
SUMIT,SUMIT.NS,Sumit Woods Limited,EQ,INE748Z01013,2019-07-30,10.0,,false,false,false,false,false,false,false
SUMMITSEC,SUMMITSEC.NS,Summit Securities Limited,EQ,INE519C01017,2011-01-28,10.0,,false,false,false,false,false,false,false
SUNCLAY,SUNCLAY.NS,Sundaram Clayton Limited,EQ,INE0Q3R01026,2023-12-29,5.0,,false,false,false,false,false,false,false
SUNDARAM,SUNDARAM.NS,Sundaram Multi Pap Limited,EQ,INE108E01023,2010-06-02,1.0,,false,false,false,false,false,false,false
SUNDARMFIN,SUNDARMFIN.NS,Sundaram Finance Limited,EQ,INE660A01013,1998-01-07,10.0,Financial Services,false,false,false,false,true,true,false
SUNDRMBRAK,SUNDRMBRAK.NS,Sundaram Brake Linings Limited,BE,INE073D01013,1996-07-17,10.0,,false,false,false,false,false,false,false
SUNDRMFAST,SUNDRMFAST.NS,Sundram Fasteners Limited,EQ,INE387A01021,2000-06-07,1.0,,false,false,false,false,false,false,false
SUNDROP,SUNDROP.NS,Sundrop Brands Limited,EQ,INE209A01019,2002-12-06,10.0,,false,false,false,false,false,false,false
SUNFLAG,SUNFLAG.NS,Sunflag Iron And Steel Company Limited,EQ,INE947A01014,2005-09-29,10.0,,false,false,false,false,false,false,false
SUNLOC,SUNLOC.NS,Sunil Healthcare Limited,EQ,INE671C01016,2026-08-17,10.0,,false,false,false,false,false,false,false
SUNPHARMA,SUNPHARMA.NS,Sun Pharmaceutical Industries Limited,EQ,INE044A01036,1995-02-08,1.0,Healthcare,true,false,true,true,true,false,false
SUNRAKSHAK,SUNRAKSHAK.NS,Sunrakshakk Industries India Limited,EQ,INE671K01027,2026-08-17,2.0,,false,false,false,false,false,false,false
SUNSHIEL,SUNSHIEL.NS,Sunshield Chemicals Limited,EQ,INE199E01014,2026-08-17,10.0,,false,false,false,false,false,false,false
SUNSHINE,SUNSHINE.NS,Sunshine Pictures Limited,EQ,INE1B3O01011,2026-08-25,10.0,,false,false,false,false,false,false,false
SUNTECK,SUNTECK.NS,Sunteck Realty Limited,EQ,INE805D01034,2009-11-13,1.0,,false,false,false,false,false,false,false
SUNTV,SUNTV.NS,Sun TV Network Limited,EQ,INE424H01027,2006-04-24,5.0,Media Entertainment & Publication,false,false,false,false,true,false,true
SUPERHOUSE,SUPERHOUSE.NS,Superhouse Limited,EQ,INE712B01010,2014-09-26,10.0,,false,false,false,false,false,false,false
SUPERSPIN,SUPERSPIN.NS,Super Spinning Mills Limited,BE,INE662A01027,2004-07-08,1.0,,false,false,false,false,false,false,false
SUPRAJIT,SUPRAJIT.NS,Suprajit Engineering Limited,EQ,INE399C01030,2005-02-18,1.0,,false,false,false,false,false,false,false
SUPREME,SUPREME.NS,Supreme Holdings & Hospitality (India) Limited,EQ,INE822E01011,2025-02-03,10.0,,false,false,false,false,false,false,false
SUPREMEENG,SUPREMEENG.NS,Supreme Engineering Limited,BZ,INE319Z01021,2020-12-04,1.0,,false,false,false,false,false,false,false
SUPREMEIND,SUPREMEIND.NS,Supreme Industries Limited,EQ,INE195A01028,1995-07-19,2.0,Capital Goods,false,false,false,true,true,true,false
SUPREMEINF,SUPREMEINF.NS,Supreme Infrastructure India Limited,EQ,INE550H01011,2007-10-18,10.0,,false,false,false,false,false,false,false
SUPRIYA,SUPRIYA.NS,Supriya Lifescience Limited,EQ,INE07RO01027,2021-12-28,2.0,,false,false,false,false,false,false,false
SUPTANERY,SUPTANERY.NS,Super Tannery Limited,BE,INE460D01038,2026-08-17,1.0,,false,false,false,false,false,false,false
SURAJEST,SURAJEST.NS,Suraj Estate Developers Limited,EQ,INE843S01025,2023-12-26,5.0,,false,false,false,false,false,false,false
SURAJLTD,SURAJLTD.NS,Suraj Limited,EQ,INE713C01016,2024-08-29,10.0,,false,false,false,false,false,false,false
SURAKSHA,SURAKSHA.NS,Suraksha Diagnostic Limited,EQ,INE877V01027,2024-12-06,2.0,,false,false,false,false,false,false,false
SURANASOL,SURANASOL.NS,Surana Solar Limited,EQ,INE272L01022,2011-01-07,5.0,,false,false,false,false,false,false,false
SURANAT&P,SURANAT&P.NS,Surana Telecom and Power Limited,EQ,INE130B01031,2002-05-22,1.0,,false,false,false,false,false,false,false
SURYALA,SURYALA.NS,Suryalata Spinning Mills Limited,EQ,INE132C01027,2026-04-20,10.0,,false,false,false,false,false,false,false
SURYALAXMI,SURYALAXMI.NS,Suryalakshmi Cotton Mills Limited,EQ,INE713B01026,2005-06-15,10.0,,false,false,false,false,false,false,false
SURYAROSNI,SURYAROSNI.NS,Surya Roshni Limited,EQ,INE335A01020,1995-05-10,5.0,,false,false,false,false,false,false,false
SURYODAY,SURYODAY.NS,Suryoday Small Finance Bank Limited,EQ,INE428Q01011,2021-03-26,10.0,,false,false,false,false,false,false,false
SUTLEJTEX,SUTLEJTEX.NS,Sutlej Textiles and Industries Limited,BE,INE645H01027,2006-12-14,1.0,,false,false,false,false,false,false,false
SUVEN,SUVEN.NS,Suven Life Sciences Limited,EQ,INE495B01038,2003-10-23,1.0,,false,false,false,false,false,false,false
SUVIDHAA,SUVIDHAA.NS,Suvidhaa Infoserve Limited,EQ,INE018401013,2021-03-31,1.0,,false,false,false,false,false,false,false
SUYOG,SUYOG.NS,Suyog Telematics Limited,EQ,INE442P01014,2024-08-20,10.0,,false,false,false,false,false,false,false
SUZLON,SUZLON.NS,Suzlon Energy Limited,EQ,INE040H01021,2005-10-19,2.0,Capital Goods,false,false,false,true,true,true,false
SVGLOBAL,SVGLOBAL.NS,S V Global Mill Limited,EQ,INE159L01013,2026-08-17,5.0,,false,false,false,false,false,false,false
SVLL,SVLL.NS,Shree Vasu Logistics Limited,BE,INE00CE01017,2023-04-21,10.0,,false,false,false,false,false,false,false
SVPGLOB,SVPGLOB.NS,SVP GLOBAL TEXTILES LIMITED,EQ,INE308E01029,2021-07-14,1.0,,false,false,false,false,false,false,false
SWANCORP,SWANCORP.NS,SWAN CORP LIMITED,EQ,INE665A01038,2012-05-29,1.0,Chemicals,false,false,false,false,true,false,true
SWANDEF,SWANDEF.NS,Swan Defence and Heavy Industries Limited,BE,INE542F01020,2025-01-20,10.0,,false,false,false,false,false,false,false
SWARAJ,SWARAJ.NS,Swaraj Suiting Limited,BE,INE0GMR01016,2026-08-13,10.0,,false,false,false,false,false,false,false
SWARAJENG,SWARAJENG.NS,Swaraj Engines Limited,EQ,INE277A01016,1995-12-06,10.0,,false,false,false,false,false,false,false
SWARNSAR,SWARNSAR.NS,Swarnsarita Jewels India Limited,EQ,INE967A01012,2026-08-17,10.0,,false,false,false,false,false,false,false
SWELECTES,SWELECTES.NS,Swelect Energy Systems Limited,EQ,INE409B01013,2006-05-09,10.0,,false,false,false,false,false,false,false
SWIGGY,SWIGGY.NS,Swiggy Limited,EQ,INE00H001014,2024-11-13,1.0,Consumer Services,false,false,false,true,true,true,false
SWISSMLTRY,SWISSMLTRY.NS,Swiss Military Consumer Goods Limited,EQ,INE010C01025,2026-08-17,2.0,,false,false,false,false,false,false,false
SWSOLAR,SWSOLAR.NS,Sterling and Wilson Renewable Energy Limited,EQ,INE00M201021,2019-08-20,1.0,,false,false,false,false,false,false,false
SYMPHONY,SYMPHONY.NS,Symphony Limited,EQ,INE225D01027,2011-06-15,2.0,,false,false,false,false,false,false,false
SYNCOMF,SYNCOMF.NS,Syncom Formulations (India) Limited,EQ,INE312C01025,2022-11-18,1.0,,false,false,false,false,false,false,false
SYNGENE,SYNGENE.NS,Syngene International Limited,EQ,INE398R01022,2015-08-11,10.0,Healthcare,false,false,false,false,true,false,true
SYRMA,SYRMA.NS,Syrma SGS Technology Limited,EQ,INE0DYJ01015,2022-08-26,10.0,Capital Goods,false,false,false,false,true,false,true
SYSTMTXC,SYSTMTXC.NS,Systematix Corporate Services Limited,BE,INE356B01024,2025-10-06,1.0,,false,false,false,false,false,false,false
TAALTECH,TAALTECH.NS,Taal Tech Limited,EQ,INE524T01011,2026-04-20,10.0,,false,false,false,false,false,false,false
TAINWALCHM,TAINWALCHM.NS,Tainwala Chemical and Plastic (I) Limited,EQ,INE123C01018,1995-07-27,10.0,,false,false,false,false,false,false,false
TAJGVK,TAJGVK.NS,Taj GVK Hotels & Resorts Limited,EQ,INE586B01026,2000-12-20,2.0,,false,false,false,false,false,false,false
TAKE,TAKE.NS,TAKE Limited,EQ,INE142I01023,2007-08-27,1.0,,false,false,false,false,false,false,false
TALBROAUTO,TALBROAUTO.NS,Talbros Automotive Components Limited,EQ,INE187D01029,2006-09-29,2.0,,false,false,false,false,false,false,false
TAMBOLIIN,TAMBOLIIN.NS,Tamboli Industries Limited,BE,INE864J01012,2026-04-20,10.0,,false,false,false,false,false,false,false
TANAA,TANAA.NS,Taneja Aerospace & Aviation Limited,EQ,INE692C01020,2026-08-17,5.0,,false,false,false,false,false,false,false
TANLA,TANLA.NS,Tanla Platforms Limited,EQ,INE483C01032,2007-01-05,1.0,,false,false,false,false,false,false,false
TARACHAND,TARACHAND.NS,Tara Chand InfraLogistic Solutions Limited,EQ,INE555Z01020,2024-04-16,2.0,,false,false,false,false,false,false,false
TARAPUR,TARAPUR.NS,Tarapur Transformers Limited,EQ,INE747K01017,2010-05-18,10.0,,false,false,false,false,false,false,false
TARC,TARC.NS,TARC Limited,EQ,INE0EK901012,2020-12-18,2.0,,false,false,false,false,false,false,false
TARIL,TARIL.NS,Transformers And Rectifiers (India) Limited,EQ,INE763I01026,2007-12-28,1.0,Capital Goods,false,false,false,false,true,false,true
TARMAT,TARMAT.NS,Tarmat Limited,EQ,INE924H01018,2007-07-09,10.0,,false,false,false,false,false,false,false
TARSONS,TARSONS.NS,Tarsons Products Limited,EQ,INE144Z01023,2021-11-26,2.0,,false,false,false,false,false,false,false
TASTYBITE,TASTYBITE.NS,Tasty Bite Eatables Limited,EQ,INE488B01017,2017-03-23,10.0,,false,false,false,false,false,false,false
TATACAP,TATACAP.NS,Tata Capital Limited,EQ,INE976I01016,2025-10-13,10.0,Financial Services,false,true,true,true,true,false,false
TATACHEM,TATACHEM.NS,Tata Chemicals Limited,EQ,INE092A01019,1999-04-01,10.0,Chemicals,false,false,false,false,true,false,true
TATACOMM,TATACOMM.NS,Tata Communications Limited,EQ,INE151A01013,1995-04-12,10.0,Telecommunication,false,false,false,true,true,true,false
TATACONSUM,TATACONSUM.NS,TATA CONSUMER PRODUCTS LIMITED,EQ,INE192A01025,1998-11-18,1.0,Fast Moving Consumer Goods,true,false,true,true,true,false,false
TATAELXSI,TATAELXSI.NS,Tata Elxsi Limited,EQ,INE670A01012,2003-09-17,10.0,Information Technology,false,false,false,true,true,true,false
TATAINVEST,TATAINVEST.NS,Tata Investment Corporation Limited,EQ,INE672A01026,1998-06-24,1.0,Financial Services,false,false,false,true,true,true,false
TATAPOWER,TATAPOWER.NS,Tata Power Company Limited,EQ,INE245A01021,1996-04-03,1.0,Power,false,true,true,true,true,false,false
TATASTEEL,TATASTEEL.NS,Tata Steel Limited,EQ,INE081A01020,1998-11-18,1.0,Metals & Mining,true,false,true,true,true,false,false
TATATECH,TATATECH.NS,Tata Technologies Limited,EQ,INE142M01025,2023-11-30,2.0,Information Technology,false,false,false,false,true,false,true
TATVA,TATVA.NS,Tatva Chintan Pharma Chem Limited,EQ,INE0GK401011,2021-07-29,10.0,,false,false,false,false,false,false,false
TBOTEK,TBOTEK.NS,TBO Tek Limited,EQ,INE673O01025,2024-05-15,1.0,Consumer Services,false,false,false,false,true,false,true
TBZ,TBZ.NS,Tribhovandas Bhimji Zaveri Limited,EQ,INE760L01018,2012-05-09,10.0,,false,false,false,false,false,false,false
TCC,TCC.NS,TCC Concept Limited,EQ,INE887D01016,2026-02-25,10.0,,false,false,false,false,false,false,false
TCI,TCI.NS,Transport Corporation of India Limited,EQ,INE688A01022,2002-01-21,2.0,,false,false,false,false,false,false,false
TCIEXP,TCIEXP.NS,TCI Express Limited,EQ,INE586V01016,2016-12-15,2.0,,false,false,false,false,false,false,false
TCIFINANCE,TCIFINANCE.NS,TCI Finance Limited,BE,INE911B01018,1997-05-21,10.0,,false,false,false,false,false,false,false
TCPLPACK,TCPLPACK.NS,TCPL Packaging Limited,EQ,INE822C01015,2017-10-17,10.0,,false,false,false,false,false,false,false
TCS,TCS.NS,Tata Consultancy Services Limited,EQ,INE467B01029,2004-08-25,1.0,Information Technology,true,false,true,true,true,false,false
TDPOWERSYS,TDPOWERSYS.NS,TD Power Systems Limited,EQ,INE419M01035,2011-09-08,1.0,,false,false,false,false,false,false,false
TEAMGTY,TEAMGTY.NS,Team India Guaranty Limited,EQ,INE289C01025,2002-06-11,10.0,,false,false,false,false,false,false,false
TEAMLEASE,TEAMLEASE.NS,Teamlease Services Limited,EQ,INE985S01024,2016-02-12,10.0,,false,false,false,false,false,false,false
TECHM,TECHM.NS,Tech Mahindra Limited,EQ,INE669C01036,2006-08-28,5.0,Information Technology,true,false,true,true,true,false,false
TECHNOCRAF,TECHNOCRAF.NS,Technocraft Ventures Limited,EQ,INE1D0W01018,2026-08-14,10.0,,false,false,false,false,false,false,false
TECHNOE,TECHNOE.NS,Techno Electric & Engineering Company Limited,EQ,INE285K01026,2018-12-04,2.0,Construction,false,false,false,false,true,false,true
TECHNVISN,TECHNVISN.NS,TechNVision Ventures Limited,EQ,INE314H01012,2026-04-20,10.0,,false,false,false,false,false,false,false
TECILCHEM,TECILCHEM.NS,TECIL Chemicals and Hydro Power Limited,EQ,INE014B01011,1995-12-06,10.0,,false,false,false,false,false,false,false
TEGA,TEGA.NS,Tega Industries Limited,EQ,INE011K01018,2021-12-13,10.0,Capital Goods,false,false,false,false,true,false,true
TEJASNET,TEJASNET.NS,Tejas Networks Limited,EQ,INE010J01012,2017-06-27,10.0,Telecommunication,false,false,false,false,true,false,true
TEMBO,TEMBO.NS,Tembo Global Industries Limited,EQ,INE869Y01028,2021-04-23,1.0,,false,false,false,false,false,false,false
TENNIND,TENNIND.NS,Tenneco Clean Air India Limited,EQ,INE19RI01016,2025-11-19,10.0,Automobile and Auto Components,false,false,false,false,true,false,true
TERAI,TERAI.NS,Terai Tea Company Limited,EQ,INE390D01011,2026-08-17,10.0,,false,false,false,false,false,false,false
TERASOFT,TERASOFT.NS,Tera Software Limited,EQ,INE482B01010,2016-12-29,10.0,,false,false,false,false,false,false,false
TEXINFRA,TEXINFRA.NS,Texmaco Infrastructure & Holdings Limited,EQ,INE435C01024,2004-09-09,1.0,,false,false,false,false,false,false,false
TEXMOPIPES,TEXMOPIPES.NS,Texmo Pipes and Products Limited,EQ,INE141K01013,2010-03-10,10.0,,false,false,false,false,false,false,false
TEXRAIL,TEXRAIL.NS,Texmaco Rail & Engineering Limited,EQ,INE621L01012,2011-03-03,1.0,,false,false,false,false,false,false,false
TFCILTD,TFCILTD.NS,Tourism Finance Corporation of India Limited,EQ,INE305A01023,2000-07-26,2.0,,false,false,false,false,false,false,false
TFL,TFL.NS,Transwarranty Finance Limited,EQ,INE804H01012,2007-02-26,10.0,,false,false,false,false,false,false,false
TGBHOTELS,TGBHOTELS.NS,TGB Banquets And Hotels Limited,EQ,INE797H01018,2007-05-17,10.0,,false,false,false,false,false,false,false
TGVSL,TGVSL.NS,TGV Sraac Limited,EQ,INE284B01028,2026-08-17,10.0,,false,false,false,false,false,false,false
THACKER,THACKER.NS,Thacker & Company Limited,BE,INE077P01034,2026-04-20,1.0,,false,false,false,false,false,false,false
THAKDEV,THAKDEV.NS,Thakkers Developers Limited,EQ,INE403F01017,2026-04-20,10.0,,false,false,false,false,false,false,false
THANGAMAYL,THANGAMAYL.NS,Thangamayil Jewellery Limited,EQ,INE085J01014,2010-02-19,10.0,,false,false,false,false,false,false,false
THEINVEST,THEINVEST.NS,The Investment Trust Of India Limited,EQ,INE924D01017,2017-08-02,10.0,,false,false,false,false,false,false,false
THEJO,THEJO.NS,Thejo Engineering Limited,EQ,INE121N01019,2023-10-10,10.0,,false,false,false,false,false,false,false
THELEELA,THELEELA.NS,Leela Palaces Hotels & Resorts Limited,EQ,INE0AQ201015,2025-06-02,10.0,Consumer Services,false,false,false,false,true,false,true
THEMISMED,THEMISMED.NS,Themis Medicare Limited,EQ,INE083B01024,2007-04-02,1.0,,false,false,false,false,false,false,false
THERMAX,THERMAX.NS,Thermax Limited,EQ,INE152A01029,1995-08-30,2.0,Capital Goods,false,false,false,false,true,true,false
THOMASCOOK,THOMASCOOK.NS,Thomas Cook  (India)  Limited,EQ,INE332A01027,2000-06-07,1.0,,false,false,false,false,false,false,false
THOMASCOTT,THOMASCOTT.NS,Thomas Scott (India) Limited,EQ,INE480M01011,2012-01-30,10.0,,false,false,false,false,false,false,false
THYROCARE,THYROCARE.NS,Thyrocare Technologies Limited,EQ,INE594H01019,2016-05-09,10.0,,false,false,false,false,false,false,false
TI,TI.NS,Tilaknagar Industries Limited,EQ,INE133E01013,2010-07-16,10.0,,false,false,false,false,false,false,false
TICL,TICL.NS,Twamev Construction and Infrastructure Limited,BE,INE388G01026,2023-10-16,1.0,,false,false,false,false,false,false,false
TIGERLOGS,TIGERLOGS.NS,Tiger Logistics (India) Limited,EQ,INE906O01029,2025-09-18,1.0,,false,false,false,false,false,false,false
TIIL,TIIL.NS,Technocraft Industries (India) Limited,EQ,INE545H01011,2007-02-12,10.0,,false,false,false,false,false,false,false
TIINDIA,TIINDIA.NS,Tube Investments of India Limited,EQ,INE974X01010,2017-11-02,1.0,Automobile and Auto Components,false,false,false,true,true,true,false
TIJARIA,TIJARIA.NS,Tijaria Polypipes Limited,EQ,INE440L01017,2011-10-14,10.0,,false,false,false,false,false,false,false
TIL,TIL.NS,TIL Limited,BE,INE806C01018,1995-09-27,10.0,,false,false,false,false,false,false,false
TIMETECHNO,TIMETECHNO.NS,Time Technoplast Limited,EQ,INE508G01029,2007-06-13,1.0,,false,false,false,false,false,false,false
TIMEX,TIMEX.NS,Timex Group India Limited,EQ,INE064A01026,2026-04-20,1.0,,false,false,false,false,false,false,false
TIMKEN,TIMKEN.NS,Timken India Limited,EQ,INE325A01013,2007-02-06,10.0,Capital Goods,false,false,false,false,true,false,true
TINNARUBR,TINNARUBR.NS,Tinna Rubber and Infrastructure Limited,EQ,INE015C01016,2025-04-17,10.0,,false,false,false,false,false,false,false
TIPSFILMS,TIPSFILMS.NS,Tips Films Limited,EQ,INE0LQS01015,2022-10-06,10.0,,false,false,false,false,false,false,false
TIPSMUSIC,TIPSMUSIC.NS,Tips Music Limited,EQ,INE716B01029,2000-11-10,1.0,,false,false,false,false,false,false,false
TIRUMALCHM,TIRUMALCHM.NS,Thirumalai Chemicals Limited,EQ,INE338A01024,2003-05-14,1.0,,false,false,false,false,false,false,false
TIRUPATIFL,TIRUPATIFL.NS,Tirupati Forge Limited,BE,INE319Y01024,2020-08-04,2.0,,false,false,false,false,false,false,false
TITAGARH,TITAGARH.NS,TITAGARH RAIL SYSTEMS LIMITED,EQ,INE615H01020,2008-04-21,2.0,Capital Goods,false,false,false,false,true,false,true
TITAN,TITAN.NS,Titan Company Limited,EQ,INE280A01028,2004-09-24,1.0,Consumer Durables,true,false,true,true,true,false,false
TMB,TMB.NS,Tamilnad Mercantile Bank Limited,EQ,INE668A01016,2022-09-15,10.0,,false,false,false,false,false,false,false
TMCV,TMCV.NS,Tata Motors Limited,EQ,INE1TAE01010,2025-11-12,2.0,Capital Goods,false,true,true,true,true,false,false
TMPV,TMPV.NS,Tata Motors Passenger Vehicles Limited,EQ,INE155A01022,1998-07-22,2.0,Automobile and Auto Components,true,false,true,true,true,false,false
TNPETRO,TNPETRO.NS,Tamilnadu PetroProducts Limited,EQ,INE148A01019,1999-10-27,10.0,,false,false,false,false,false,false,false
TNPL,TNPL.NS,Tamil Nadu Newsprint & Papers Limited,EQ,INE107A01015,1996-02-14,10.0,,false,false,false,false,false,false,false
TNTELE,TNTELE.NS,Tamilnadu Telecommunication Limited,EQ,INE141D01018,2003-02-04,10.0,,false,false,false,false,false,false,false
TOKYOPLAST,TOKYOPLAST.NS,Tokyo Plast International Limited,EQ,INE932C01012,1995-10-11,10.0,,false,false,false,false,false,false,false
TOLINS,TOLINS.NS,Tolins Tyres Limited,EQ,INE0RWQ01014,2024-09-16,5.0,,false,false,false,false,false,false,false
TORNTPHARM,TORNTPHARM.NS,Torrent Pharmaceuticals Limited,EQ,INE685A01028,2002-11-25,5.0,Healthcare,false,true,true,true,true,false,false
TORNTPOWER,TORNTPOWER.NS,Torrent Power Limited,EQ,INE813H01021,2006-11-28,10.0,Power,false,false,false,false,true,true,false
TOTAL,TOTAL.NS,Total Transport Systems Limited,EQ,INE336X01012,2020-08-28,10.0,,false,false,false,false,false,false,false
TOUCHWOOD,TOUCHWOOD.NS,Touchwood Entertainment Limited,EQ,INE486Y01013,2020-01-21,10.0,,false,false,false,false,false,false,false
TOYAMSL,TOYAMSL.NS,Toyam Sports Limited,EQ,INE457P01020,2026-08-17,1.0,,false,false,false,false,false,false,false
TPHQ,TPHQ.NS,Teamo Productions HQ Limited,BE,INE065J01024,2009-01-30,1.0,,false,false,false,false,false,false,false
TPLPLASTEH,TPLPLASTEH.NS,TPL Plastech Limited,EQ,INE413G01022,2015-05-20,2.0,,false,false,false,false,false,false,false
TRACXN,TRACXN.NS,Tracxn Technologies Limited,EQ,INE0HMF01019,2022-10-20,1.0,,false,false,false,false,false,false,false
TRANSCOR,TRANSCOR.NS,Transcorp International Limited,EQ,INE330E01023,2026-08-17,2.0,,false,false,false,false,false,false,false
TRANSPEK,TRANSPEK.NS,Transpek Industry Limited,BE,INE687A01016,2026-04-20,10.0,,false,false,false,false,false,false,false
TRANSRAILL,TRANSRAILL.NS,Transrail Lighting Limited,EQ,INE454P01035,2024-12-27,2.0,,false,false,false,false,false,false,false
TRANSWORLD,TRANSWORLD.NS,TRANSWORLD SHIPPING LINES LIMITED,BE,INE757B01015,1995-03-01,10.0,,false,false,false,false,false,false,false
TRAVELFOOD,TRAVELFOOD.NS,Travel Food Services Limited,EQ,INE103V01028,2025-07-14,1.0,Consumer Services,false,false,false,false,true,false,true
TREEHOUSE,TREEHOUSE.NS,Tree House Education & Accessories Limited,EQ,INE040M01013,2011-08-26,10.0,,false,false,false,false,false,false,false
TREJHARA,TREJHARA.NS,TREJHARA SOLUTIONS LIMITED,EQ,INE00CA01015,2018-12-28,10.0,,false,false,false,false,false,false,false
TREL,TREL.NS,Transindia Real Estate Limited,EQ,INE0O3901029,2023-08-10,2.0,,false,false,false,false,false,false,false
TRENT,TRENT.NS,Trent Limited,EQ,INE849A01020,2004-06-07,1.0,Consumer Services,true,false,true,true,true,false,false
TRF,TRF.NS,TRF Limited,EQ,INE391D01019,2010-03-26,10.0,,false,false,false,false,false,false,false
TRIDENT,TRIDENT.NS,Trident Limited,EQ,INE064C01022,2001-02-21,1.0,Textiles,false,false,false,false,true,false,true
TRIGYN,TRIGYN.NS,Trigyn Technologies Limited,EQ,INE948A01012,1998-04-09,10.0,,false,false,false,false,false,false,false
TRITONV,TRITONV.NS,Triton Valves Limited,EQ,INE440G01017,2026-08-17,10.0,,false,false,false,false,false,false,false
TRITURBINE,TRITURBINE.NS,Triveni Turbine Limited,EQ,INE152M01016,2011-10-28,1.0,Capital Goods,false,false,false,false,true,false,true
TRIVENI,TRIVENI.NS,Triveni Engineering & Industries Limited,EQ,INE256C01024,2005-12-13,1.0,,false,false,false,false,false,false,false
TRU,TRU.NS,TruCap Finance Limited,EQ,INE615R01029,2023-06-20,2.0,,false,false,false,false,false,false,false
TRUALT,TRUALT.NS,TruAlt Bioenergy Limited,EQ,INE0MWH01014,2025-10-03,10.0,,false,false,false,false,false,false,false
TSFINV,TSFINV.NS,TSF INVESTMENTS LIMITED,EQ,INE202Z01029,2018-03-26,5.0,,false,false,false,false,false,false,false
TTKHLTCARE,TTKHLTCARE.NS,TTK Healthcare Limited,EQ,INE910C01018,2015-12-02,10.0,,false,false,false,false,false,false,false
TTKPRESTIG,TTKPRESTIG.NS,TTK Prestige Limited,EQ,INE690A01028,1999-12-22,1.0,,false,false,false,false,false,false,false
TTL,TTL.NS,T T Limited,EQ,INE592B01024,2007-02-22,1.0,,false,false,false,false,false,false,false
TTML,TTML.NS,Tata Teleservices (Maharashtra) Limited,EQ,INE517B01013,2000-10-20,10.0,Telecommunication,false,false,false,false,true,false,true
TURTLEMINT,TURTLEMINT.NS,Turtlemint Fintech Solutions Limited,EQ,INE0OC301013,2026-06-29,1.0,,false,false,false,false,false,false,false
TUTIALKA,TUTIALKA.NS,Tuticorin Alkali Chemicals & Fertilizers Limited,EQ,INE400A01014,2026-08-17,10.0,,false,false,false,false,false,false,false
TVSELECT,TVSELECT.NS,TVS Electronics Limited,EQ,INE236G01019,2003-12-26,10.0,,false,false,false,false,false,false,false
TVSHLTD,TVSHLTD.NS,TVS Holdings Limited,EQ,INE105A01035,2012-10-23,5.0,,false,false,false,false,false,false,false
TVSMOTOR,TVSMOTOR.NS,TVS Motor Company Limited,EQ,INE494B01023,2000-08-02,1.0,Automobile and Auto Components,false,true,true,true,true,false,false
TVSSCS,TVSSCS.NS,TVS Supply Chain Solutions Limited,EQ,INE395N01027,2023-08-23,1.0,,false,false,false,false,false,false,false
TVSSRICHAK,TVSSRICHAK.NS,TVS Srichakra Limited,EQ,INE421C01016,2007-02-13,10.0,,false,false,false,false,false,false,false
TVTODAY,TVTODAY.NS,TV Today Network Limited,EQ,INE038F01029,2004-01-16,5.0,,false,false,false,false,false,false,false
TVVISION,TVVISION.NS,TV Vision Limited,BE,INE871L01013,2016-09-15,10.0,,false,false,false,false,false,false,false
UBL,UBL.NS,United Breweries Limited,EQ,INE686F01025,2008-07-28,1.0,Fast Moving Consumer Goods,false,false,false,false,true,true,false
UCAL,UCAL.NS,UCAL LIMITED,BE,INE139B01016,1995-09-13,10.0,,false,false,false,false,false,false,false
UCOBANK,UCOBANK.NS,UCO Bank,EQ,INE691A01018,2003-10-09,10.0,Financial Services,false,false,false,false,true,false,true
UDAYJEW,UDAYJEW.NS,Uday Jewellery Industries Limited,EQ,INE551B01012,2026-08-17,10.0,,false,false,false,false,false,false,false
UDS,UDS.NS,Updater Services Limited,EQ,INE851I01011,2023-10-04,10.0,,false,false,false,false,false,false,false
UEL,UEL.NS,Ujaas Energy Limited,EQ,INE899L01030,2024-04-16,1.0,,false,false,false,false,false,false,false
UFBL,UFBL.NS,United Foodbrands Limited,BE,INE382M01027,2021-04-07,5.0,,false,false,false,false,false,false,false
UFLEX,UFLEX.NS,UFLEX Limited,EQ,INE516A01017,1995-08-23,10.0,,false,false,false,false,false,false,false
UFO,UFO.NS,UFO Moviez India Limited,EQ,INE527H01019,2015-05-14,10.0,,false,false,false,false,false,false,false
UGARSUGAR,UGARSUGAR.NS,The Ugar Sugar Works Limited,EQ,INE071E01023,2010-08-23,1.0,,false,false,false,false,false,false,false
UGROCAP,UGROCAP.NS,Ugro Capital Limited,EQ,INE583D01011,2021-08-11,10.0,,false,false,false,false,false,false,false
UJJIVANSFB,UJJIVANSFB.NS,Ujjivan Small Finance Bank Limited,EQ,INE551W01018,2019-12-12,10.0,,false,false,false,false,false,false,false
ULTRACEMCO,ULTRACEMCO.NS,UltraTech Cement Limited,EQ,INE481G01011,2004-08-24,10.0,Construction Materials,true,false,true,true,true,false,false
ULTRAMAR,ULTRAMAR.NS,Ultramarine & Pigments Limited,EQ,INE405A01021,2026-04-20,2.0,,false,false,false,false,false,false,false
UMAEXPORTS,UMAEXPORTS.NS,Uma Exports Limited,BE,INE0GIU01018,2022-04-07,10.0,,false,false,false,false,false,false,false
UMESLTD,UMESLTD.NS,Usha Martin Education & Solutions Limited,EQ,INE240C01028,2010-07-12,1.0,,false,false,false,false,false,false,false
UMIYA-MRO,UMIYA-MRO.NS,UMIYA BUILDCON LIMITED,EQ,INE398B01018,2000-11-01,5.0,,false,false,false,false,false,false,false
UNICHEMLAB,UNICHEMLAB.NS,Unichem Laboratories Limited,EQ,INE351A01035,2001-02-07,2.0,,false,false,false,false,false,false,false
UNIDT,UNIDT.NS,United Drilling Tools Limited,BE,INE961D01019,2020-09-25,10.0,,false,false,false,false,false,false,false
UNIECOM,UNIECOM.NS,Unicommerce Esolutions Limited,EQ,INE00U401027,2024-08-13,1.0,,false,false,false,false,false,false,false
UNIENTER,UNIENTER.NS,Uniphos Enterprises Limited,EQ,INE037A01022,2004-01-23,2.0,,false,false,false,false,false,false,false
UNIINFO,UNIINFO.NS,Uniinfo Telecom Services Limited,EQ,INE481Z01011,2022-01-12,10.0,,false,false,false,false,false,false,false
UNIMECH,UNIMECH.NS,Unimech Aerospace and Manufacturing Limited,EQ,INE0U3I01011,2024-12-31,5.0,,false,false,false,false,false,false,false
UNIONBANK,UNIONBANK.NS,Union Bank of India,EQ,INE692A01016,2002-09-24,10.0,Financial Services,false,true,true,true,true,false,false
UNIPARTS,UNIPARTS.NS,Uniparts India Limited,EQ,INE244O01017,2022-12-12,10.0,,false,false,false,false,false,false,false
UNITDSPR,UNITDSPR.NS,United Spirits Limited,EQ,INE854D01024,2001-09-27,2.0,Fast Moving Consumer Goods,false,true,true,true,true,false,false
UNITECH,UNITECH.NS,Unitech Limited,EQ,INE694A01020,1999-09-08,2.0,,false,false,false,false,false,false,false
UNITEDPOLY,UNITEDPOLY.NS,United Polyfab Gujarat Limited,EQ,INE368U01029,2021-12-31,1.0,,false,false,false,false,false,false,false
UNITEDTEA,UNITEDTEA.NS,The United Nilgiri Tea Estates Company Limited,EQ,INE458F01011,2015-01-28,10.0,,false,false,false,false,false,false,false
UNIVASTU,UNIVASTU.NS,Univastu India Limited,BE,INE562X01013,2020-06-22,10.0,,false,false,false,false,false,false,false
UNIVCABLES,UNIVCABLES.NS,Universal Cables Limited,EQ,INE279A01012,1995-05-17,10.0,,false,false,false,false,false,false,false
UNIVPHOTO,UNIVPHOTO.NS,Universus Photo Imagings Limited,BE,INE03V001013,2020-02-14,10.0,,false,false,false,false,false,false,false
UNOMINDA,UNOMINDA.NS,UNO Minda Limited,EQ,INE405E01023,2007-02-02,2.0,Automobile and Auto Components,false,false,false,false,true,true,false
UPHOT,UPHOT.NS,U P Hotels Limited,EQ,INE726E01014,2026-08-17,10.0,,false,false,false,false,false,false,false
UPL,UPL.NS,UPL Limited,EQ,INE628A01036,2004-01-23,2.0,Chemicals,false,false,false,true,true,true,false
URAVIDEF,URAVIDEF.NS,Uravi Defence and Technology Limited,BE,INE568Z01015,2023-07-05,10.0,,false,false,false,false,false,false,false
URBANCO,URBANCO.NS,Urban Company Limited,EQ,INE0CAZ01013,2025-09-17,1.0,Consumer Services,false,false,false,false,true,false,true
URJA,URJA.NS,Urja Global Limited,EQ,INE550C01020,2017-03-28,1.0,,false,false,false,false,false,false,false
USHAMART,USHAMART.NS,Usha Martin Limited,EQ,INE228A01035,2000-10-11,1.0,Capital Goods,false,false,false,false,true,false,true
USK,USK.NS,Udayshivakumar Infra Limited,EQ,INE0N0Y01013,2023-04-03,10.0,,false,false,false,false,false,false,false
UTIAMC,UTIAMC.NS,UTI Asset Management Company Limited,EQ,INE094J01016,2020-10-12,10.0,Financial Services,false,false,false,false,true,false,true
UTKARSHBNK,UTKARSHBNK.NS,Utkarsh Small Finance Bank Limited,EQ,INE735W01017,2023-07-21,10.0,,false,false,false,false,false,false,false
UTLSOLAR,UTLSOLAR.NS,Fujiyama Power Systems Limited,EQ,INE12UR01024,2025-11-20,1.0,,false,false,false,false,false,false,false
UTTAMSUGAR,UTTAMSUGAR.NS,Uttam Sugar Mills Limited,EQ,INE786F01031,2006-04-10,10.0,,false,false,false,false,false,false,false
UYFINCORP,UYFINCORP.NS,U. Y. Fincorp Limited,BE,INE152C01025,2024-10-03,5.0,,false,false,false,false,false,false,false
V2RETAIL,V2RETAIL.NS,V2 Retail Limited,EQ,INE945H01021,2007-07-04,1.0,,false,false,false,false,false,false,false
VADILALIND,VADILALIND.NS,Vadilal Industries Limited,EQ,INE694D01016,2011-06-15,10.0,,false,false,false,false,false,false,false
VADILENT,VADILENT.NS,Vadilal Enterprises Limited,EQ,INE693D01018,2026-08-17,10.0,,false,false,false,false,false,false,false
VAIBHAVGBL,VAIBHAVGBL.NS,Vaibhav Global Limited,EQ,INE884A01027,2004-04-05,2.0,,false,false,false,false,false,false,false
VAISHALI,VAISHALI.NS,Vaishali Pharma Limited,EQ,INE972X01022,2020-01-15,2.0,,false,false,false,false,false,false,false
VAKRANGEE,VAKRANGEE.NS,Vakrangee Limited,EQ,INE051B01021,2006-04-03,1.0,,false,false,false,false,false,false,false
VALIANTLAB,VALIANTLAB.NS,Valiant Laboratories Limited,EQ,INE0JWS01017,2023-10-06,10.0,,false,false,false,false,false,false,false
VALIANTORG,VALIANTORG.NS,Valiant Organics Limited,BE,INE565V01010,2021-07-23,10.0,,false,false,false,false,false,false,false
VAML,VAML.NS,Vedanta Aluminium Metal Limited,EQ,INE1CDF01017,2026-06-15,1.0,,false,false,false,false,false,false,false
VARDHACRLC,VARDHACRLC.NS,Vardhman Acrylics Limited,BE,INE116G01013,2003-09-30,10.0,,false,false,false,false,false,false,false
VARDMNPOLY,VARDMNPOLY.NS,Vardhman Polytex Limited,EQ,INE835A01029,2003-05-12,1.0,,false,false,false,false,false,false,false
VARROC,VARROC.NS,Varroc Engineering Limited,EQ,INE665L01035,2018-07-06,1.0,,false,false,false,false,false,false,false
VASCONEQ,VASCONEQ.NS,Vascon Engineers Limited,EQ,INE893I01013,2010-02-15,10.0,,false,false,false,false,false,false,false
VASUPRADA,VASUPRADA.NS,Shri Vasuprada Plantations Limited,EQ,INE574G01013,2026-08-17,10.0,,false,false,false,false,false,false,false
VASWANI,VASWANI.NS,Vaswani Industries Limited,EQ,INE590L01019,2011-09-20,10.0,,false,false,false,false,false,false,false
VBL,VBL.NS,Varun Beverages Limited,EQ,INE200M01039,2016-11-08,2.0,Fast Moving Consumer Goods,false,true,true,true,true,false,false
VCL,VCL.NS,Vaxtex Cotfab Limited,BE,INE098201036,2022-04-19,1.0,,false,false,false,false,false,false,false
VEDAVAAG,VEDAVAAG.NS,VEDAVAAG Systems Limited,EQ,INE359B01010,2026-08-17,10.0,,false,false,false,false,false,false,false
VEDL,VEDL.NS,Vedanta Limited,EQ,INE205A01025,1998-05-13,1.0,Metals & Mining,false,true,true,true,true,false,false
VEDPOWER,VEDPOWER.NS,Vedanta Power Limited,EQ,INE694L01019,2026-06-15,10.0,,false,false,false,false,false,false,false
VEEDOL,VEEDOL.NS,Veedol Corporation Limited,EQ,INE484C01030,2007-01-16,2.0,,false,false,false,false,false,false,false
VELJAN,VELJAN.NS,Veljan Denison Limited,BE,INE232E01013,2026-04-20,10.0,,false,false,false,false,false,false,false
VENKEYS,VENKEYS.NS,Venky's (India) Limited,EQ,INE398A01010,2003-07-28,10.0,,false,false,false,false,false,false,false
VENTIVE,VENTIVE.NS,Ventive Hospitality Limited,EQ,INE781S01027,2024-12-30,1.0,,false,false,false,false,false,false,false
VENUSPIPES,VENUSPIPES.NS,Venus Pipes & Tubes Limited,EQ,INE0JA001018,2022-05-24,10.0,,false,false,false,false,false,false,false
VENUSREM,VENUSREM.NS,Venus Remedies Limited,BE,INE411B01019,2006-12-20,10.0,,false,false,false,false,false,false,false
VERANDA,VERANDA.NS,Veranda Learning Solutions Limited,EQ,INE0IQ001011,2022-04-11,10.0,,false,false,false,false,false,false,false
VERTOZ,VERTOZ.NS,Vertoz Limited,BE,INE188Y01031,2020-05-14,10.0,,false,false,false,false,false,false,false
VESUVIUS,VESUVIUS.NS,Vesuvius India Limited,EQ,INE386A01023,2002-10-04,1.0,,false,false,false,false,false,false,false
VETO,VETO.NS,Veto Switchgears And Cables Limited,BE,INE918N01018,2015-04-29,10.0,,false,false,false,false,false,false,false
VGCL,VGCL.NS,Vibrant Global Capital Limited,EQ,INE761Q01015,2026-08-17,10.0,,false,false,false,false,false,false,false
VGL,VGL.NS,VARVEE GLOBAL LIMITED,EQ,INE273D01027,2006-11-21,5.0,,false,false,false,false,false,false,false
VGUARD,VGUARD.NS,V-Guard Industries Limited,EQ,INE951I01027,2008-03-13,1.0,,false,false,false,false,false,false,false
VHL,VHL.NS,Vardhman Holdings Limited,EQ,INE701A01023,2005-06-30,10.0,,false,false,false,false,false,false,false
VHLTD,VHLTD.NS,Viceroy Hotels Limited,BE,INE048C01025,2024-04-03,10.0,,false,false,false,false,false,false,false
VIDHIING,VIDHIING.NS,Vidhi Specialty Food Ingredients Limited,EQ,INE632C01026,2016-03-02,1.0,,false,false,false,false,false,false,false
VIDYAWIRES,VIDYAWIRES.NS,Vidya Wires Limited,EQ,INE14UN01029,2025-12-10,1.0,,false,false,false,false,false,false,false
VIJAYA,VIJAYA.NS,Vijaya Diagnostic Centre Limited,EQ,INE043W01024,2021-09-14,1.0,Healthcare,false,false,false,false,true,false,true
VIJIFIN,VIJIFIN.NS,Viji Finance Limited,BE,INE159N01027,2016-07-11,1.0,,false,false,false,false,false,false,false
VIJSOLX,VIJSOLX.NS,Vijay Solvex Limited,EQ,INE362D01010,2026-08-17,10.0,,false,false,false,false,false,false,false
VIKASECO,VIKASECO.NS,Vikas EcoTech Limited,EQ,INE806A01020,2011-12-12,1.0,,false,false,false,false,false,false,false
VIKASLIFE,VIKASLIFE.NS,Vikas Lifecare Limited,EQ,INE161L01027,2019-05-08,1.0,,false,false,false,false,false,false,false
VIKRAMSOLR,VIKRAMSOLR.NS,Vikram Solar Limited,EQ,INE078V01014,2025-08-26,10.0,,false,false,false,false,false,false,false
VIKRAN,VIKRAN.NS,Vikran Engineering Limited,EQ,INE01R501028,2025-09-03,1.0,,false,false,false,false,false,false,false
VIMTALABS,VIMTALABS.NS,Vimta Labs Limited,EQ,INE579C01029,2005-12-15,2.0,,false,false,false,false,false,false,false
VINATIORGA,VINATIORGA.NS,Vinati Organics Limited,EQ,INE410B01037,2009-07-28,1.0,,false,false,false,false,false,false,false
VINCOFE,VINCOFE.NS,Vintage Coffee And Beverages Limited,EQ,INE498Q01014,2024-10-18,10.0,,false,false,false,false,false,false,false
VINDHYATEL,VINDHYATEL.NS,Vindhya Telelinks Limited,EQ,INE707A01012,1995-02-08,10.0,,false,false,false,false,false,false,false
VINEETLAB,VINEETLAB.NS,Vineet Laboratories Limited,EQ,INE505Y01010,2021-06-15,10.0,,false,false,false,false,false,false,false
VINNY,VINNY.NS,Vinny Overseas Limited,EQ,INE01KI01027,2022-11-28,1.0,,false,false,false,false,false,false,false
VINYLINDIA,VINYLINDIA.NS,Vinyl Chemicals (India) Limited,EQ,INE250B01029,2008-07-21,1.0,,false,false,false,false,false,false,false
VIPCLOTHNG,VIPCLOTHNG.NS,VIP Clothing Limited,EQ,INE450G01024,2007-08-06,2.0,,false,false,false,false,false,false,false
VIPIND,VIPIND.NS,VIP Industries Limited,EQ,INE054A01027,2005-03-02,2.0,,false,false,false,false,false,false,false
VIPULLTD,VIPULLTD.NS,Vipul Limited,BE,INE946H01037,2015-04-23,1.0,,false,false,false,false,false,false,false
VIRAT,VIRAT.NS,Virat Industries Limited,EQ,INE467D01017,2026-08-17,10.0,,false,false,false,false,false,false,false
VIRINCHI,VIRINCHI.NS,Virinchi Limited,EQ,INE539B01017,2023-05-03,10.0,,false,false,false,false,false,false,false
VIRTUALG,VIRTUALG.NS,Virtual Global Education Limited,EQ,INE247C01023,2026-08-17,1.0,,false,false,false,false,false,false,false
VISACHROME,VISACHROME.NS,VISA Chrome Limited,EQ,INE286H01012,2006-03-17,10.0,,false,false,false,false,false,false,false
VISAKAIND,VISAKAIND.NS,Visaka Industries Limited,EQ,INE392A01021,1996-08-28,2.0,,false,false,false,false,false,false,false
VISHAL,VISHAL.NS,Vishal Fabrics Limited,EQ,INE755Q01025,2026-08-17,5.0,,false,false,false,false,false,false,false
VISHNU,VISHNU.NS,Vishnu Chemicals Limited,EQ,INE270I01022,2015-03-05,2.0,,false,false,false,false,false,false,false
VISHWARAJ,VISHWARAJ.NS,Vishwaraj Sugar Industries Limited,EQ,INE430N01022,2019-10-15,2.0,,false,false,false,false,false,false,false
VISL,VISL.NS,Vedanta Iron and Steel Limited,EQ,INE1CLE01013,2026-06-15,1.0,,false,false,false,false,false,false,false
VITAL,VITAL.NS,Vital Chemtech Limited,BE,INE0L4K01016,2026-03-11,10.0,,false,false,false,false,false,false,false
VIVIANA,VIVIANA.NS,Viviana Power Tech Limited,BE,INE0MEG01014,2026-06-02,10.0,,false,false,false,false,false,false,false
VIVIDHA,VIVIDHA.NS,Visagar Polytex Limited,EQ,INE370E01029,2013-05-21,1.0,,false,false,false,false,false,false,false
VIVIMEDLAB,VIVIMEDLAB.NS,Vivimed Labs Limited,BE,INE526G01021,2005-08-17,2.0,,false,false,false,false,false,false,false
VIVOBIOT,VIVOBIOT.NS,Vivo Bio Tech Limited,EQ,INE380K01017,2026-08-17,10.0,,false,false,false,false,false,false,false
VIYASH,VIYASH.NS,Viyash Scientific Limited,EQ,INE807F01027,2016-03-10,2.0,,false,false,false,false,false,false,false
VLEGOV,VLEGOV.NS,VL E-Governance & IT Solutions Limited,BE,INE03HW01020,2023-08-14,10.0,,false,false,false,false,false,false,false
VLSFINANCE,VLSFINANCE.NS,VLS Finance Limited,EQ,INE709A01018,1995-05-25,10.0,,false,false,false,false,false,false,false
VMART,VMART.NS,V-Mart Retail Limited,EQ,INE665J01013,2013-02-20,10.0,,false,false,false,false,false,false,false
VMM,VMM.NS,Vishal Mega Mart Limited,EQ,INE01EA01019,2024-12-18,10.0,Consumer Services,false,false,false,true,true,true,false
VMSTMT,VMSTMT.NS,VMS TMT Limited,EQ,INE0SJA01013,2025-09-24,10.0,,false,false,false,false,false,false,false
VOEPL,VOEPL.NS,Virtuoso Optoelectronics Limited,EQ,INE0I0T01010,2026-07-01,10.0,,false,false,false,false,false,false,false
VOGL,VOGL.NS,Vedanta Oil and Gas Limited,EQ,INE704J01044,2026-06-15,1.0,,false,false,false,false,false,false,false
VOITHPAPR,VOITHPAPR.NS,Voith Paper Fabrics India Limited,EQ,INE285C01015,2026-08-17,10.0,,false,false,false,false,false,false,false
VOLTAMP,VOLTAMP.NS,Voltamp Transformers Limited,EQ,INE540H01012,2006-09-20,10.0,,false,false,false,false,false,false,false
VOLTAS,VOLTAS.NS,Voltas Limited,EQ,INE226A01021,1995-04-12,1.0,Consumer Durables,false,false,false,true,true,true,false
VPRPL,VPRPL.NS,Vishnu Prakash R Punglia Limited,EQ,INE0AE001013,2023-09-05,10.0,,false,false,false,false,false,false,false
VRAJ,VRAJ.NS,Vraj Iron and Steel Limited,EQ,INE0S2V01010,2024-07-03,10.0,,false,false,false,false,false,false,false
VRLLOG,VRLLOG.NS,VRL Logistics Limited,EQ,INE366I01010,2015-04-30,10.0,,false,false,false,false,false,false,false
VSSL,VSSL.NS,Vardhman Special Steels Limited,EQ,INE050M01012,2012-05-17,10.0,,false,false,false,false,false,false,false
VSTIND,VSTIND.NS,VST Industries Limited,EQ,INE710A01016,2003-09-05,10.0,,false,false,false,false,false,false,false
VSTL,VSTL.NS,Vibhor Steel Tubes Limited,EQ,INE0QTF01015,2024-02-20,10.0,,false,false,false,false,false,false,false
VSTTILLERS,VSTTILLERS.NS,V.S.T Tillers Tractors Limited,EQ,INE764D01017,2011-06-20,10.0,,false,false,false,false,false,false,false
VTL,VTL.NS,Vardhman Textiles Limited,EQ,INE825A01020,2003-01-14,2.0,Textiles,false,false,false,false,true,false,true
VTMLTD,VTMLTD.NS,VTM Limited,EQ,INE222F01029,2026-08-17,1.0,,false,false,false,false,false,false,false
WAAREEENER,WAAREEENER.NS,Waaree Energies Limited,EQ,INE377N01017,2024-10-28,10.0,Capital Goods,false,false,false,true,true,true,false
WAAREEINDO,WAAREEINDO.NS,Indosolar Limited,EQ,INE866K01023,2010-09-29,10.0,,false,false,false,false,false,false,false
WAAREERTL,WAAREERTL.NS,Waaree Renewable Technologies Limited,EQ,INE299N01021,2025-04-09,2.0,,false,false,false,false,false,false,false
WABAG,WABAG.NS,VA Tech Wabag Limited,EQ,INE956G01038,2010-10-13,2.0,,false,false,false,false,false,false,false
WAKEFIT,WAKEFIT.NS,Wakefit Innovations Limited,EQ,INE0E7301029,2025-12-15,1.0,,false,false,false,false,false,false,false
WALCHANNAG,WALCHANNAG.NS,Walchandnagar Industries Limited,EQ,INE711A01022,1996-09-18,2.0,,false,false,false,false,false,false,false
WANBURY,WANBURY.NS,Wanbury Limited,EQ,INE107F01022,2007-01-29,10.0,,false,false,false,false,false,false,false
WARDINMOBI,WARDINMOBI.NS,Wardwizard Innovations & Mobility Limited,EQ,INE945P01024,2026-08-17,1.0,,false,false,false,false,false,false,false
WATERBASE,WATERBASE.NS,Waterbase Limited,EQ,INE054C01015,2026-08-17,10.0,,false,false,false,false,false,false,false
WCIL,WCIL.NS,Western Carriers (India) Limited,EQ,INE0CJF01024,2024-09-24,5.0,,false,false,false,false,false,false,false
WEALTH,WEALTH.NS,Wealth First Portfolio Managers Limited,EQ,INE658T01017,2021-01-20,10.0,,false,false,false,false,false,false,false
WEBELSOLAR,WEBELSOLAR.NS,Websol Energy System Limited,EQ,INE855C01023,2007-05-15,1.0,,false,false,false,false,false,false,false
WEIZMANIND,WEIZMANIND.NS,Weizmann Limited,EQ,INE080A01014,1995-05-10,10.0,,false,false,false,false,false,false,false
WEL,WEL.NS,Wonder Electricals Limited,EQ,INE02WG01024,2022-01-17,1.0,,false,false,false,false,false,false,false
WELCORP,WELCORP.NS,Welspun Corp Limited,EQ,INE191B01025,2005-05-24,5.0,Capital Goods,false,false,false,false,true,false,true
WELENT,WELENT.NS,Welspun Enterprises Limited,EQ,INE625G01013,2004-11-04,10.0,,false,false,false,false,false,false,false
WELINV,WELINV.NS,Welspun Investments and Commercials Limited,BE,INE389K01018,2010-09-20,10.0,,false,false,false,false,false,false,false
WELSPLSOL,WELSPLSOL.NS,Welspun Specialty Solutions Limited,EQ,INE731F01037,2026-04-20,6.0,,false,false,false,false,false,false,false
WELSPUNLIV,WELSPUNLIV.NS,Welspun Living Limited,EQ,INE192B01031,2003-12-04,1.0,Textiles,false,false,false,false,true,false,true
WENDT,WENDT.NS,Wendt (India) Limited,EQ,INE274C01019,2006-08-07,10.0,,false,false,false,false,false,false,false
WESTLIFE,WESTLIFE.NS,WESTLIFE FOODWORLD LIMITED,EQ,INE274F01020,2023-06-05,2.0,,false,false,false,false,false,false,false
WEWIN,WEWIN.NS,WE WIN LIMITED,EQ,INE082W01014,2022-06-15,10.0,,false,false,false,false,false,false,false
WEWORK,WEWORK.NS,WeWork India Management Limited,EQ,INE085001019,2025-10-10,10.0,,false,false,false,false,false,false,false
WHBRADY,WHBRADY.NS,WH Brady & Company Limited,EQ,INE855A01019,2026-08-17,10.0,,false,false,false,false,false,false,false
WHEELS,WHEELS.NS,Wheels India Limited,EQ,INE715A01015,2000-04-07,10.0,,false,false,false,false,false,false,false
WHIRLPOOL,WHIRLPOOL.NS,Whirlpool of India Limited,EQ,INE716A01013,2010-04-06,10.0,Consumer Durables,false,false,false,false,true,false,true
WILLAMAGOR,WILLAMAGOR.NS,Williamson Magor & Company Limited,EQ,INE210A01017,1995-02-08,10.0,,false,false,false,false,false,false,false
WINDLAS,WINDLAS.NS,Windlas Biotech Limited,EQ,INE0H5O01029,2021-08-16,5.0,,false,false,false,false,false,false,false
WINDMACHIN,WINDMACHIN.NS,Windsor Machines Limited,EQ,INE052A01021,2011-08-17,2.0,,false,false,false,false,false,false,false
WIPL,WIPL.NS,The Western India Plywoods Limited,EQ,INE215F01023,2017-04-17,10.0,,false,false,false,false,false,false,false
WIPRO,WIPRO.NS,Wipro Limited,EQ,INE075A01022,1995-11-08,2.0,Information Technology,true,false,true,true,true,false,false
WOCKPHARMA,WOCKPHARMA.NS,Wockhardt Limited,EQ,INE049B01025,2000-02-23,5.0,Healthcare,false,false,false,false,true,false,true
WONDERLA,WONDERLA.NS,Wonderla Holidays Limited,EQ,INE066O01014,2014-05-09,10.0,,false,false,false,false,false,false,false
WORTHPERI,WORTHPERI.NS,Worth Peripherals Limited,EQ,INE196Y01018,2020-08-04,10.0,,false,false,false,false,false,false,false
WPIL,WPIL.NS,WPIL Limited,EQ,INE765D01022,2026-04-20,1.0,,false,false,false,false,false,false,false
WSI,WSI.NS,W S Industries (I) Limited,EQ,INE100D01014,2007-08-01,10.0,,false,false,false,false,false,false,false
WSTCSTPAPR,WSTCSTPAPR.NS,West Coast Paper Mills Limited,EQ,INE976A01021,2001-01-17,2.0,,false,false,false,false,false,false,false
XCHANGING,XCHANGING.NS,Xchanging Solutions Limited,EQ,INE692G01013,2005-03-09,10.0,,false,false,false,false,false,false,false
XELPMOC,XELPMOC.NS,Xelpmoc Design And Tech Limited,EQ,INE01P501012,2019-02-04,10.0,,false,false,false,false,false,false,false
XPROINDIA,XPROINDIA.NS,Xpro India Limited,EQ,INE445C01015,2004-04-27,10.0,,false,false,false,false,false,false,false
XTGLOBAL,XTGLOBAL.NS,Xtglobal Infotech Limited,EQ,INE547B01028,2024-09-16,1.0,,false,false,false,false,false,false,false
XTRANET,XTRANET.NS,Xtranet Technologies Limited,EQ,INE0NG701011,2026-07-30,10.0,,false,false,false,false,false,false,false
YASHO,YASHO.NS,Yasho Industries Limited,EQ,INE616Z01012,2023-08-21,10.0,,false,false,false,false,false,false,false
YATHARTH,YATHARTH.NS,Yatharth Hospital & Trauma Care Services Limited,EQ,INE0JO301016,2023-08-07,10.0,,false,false,false,false,false,false,false
YATRA,YATRA.NS,Yatra Online Limited,EQ,INE0JR601024,2023-09-28,1.0,,false,false,false,false,false,false,false
YESBANK,YESBANK.NS,Yes Bank Limited,EQ,INE528G01035,2005-07-12,2.0,Financial Services,false,false,false,true,true,true,false
YOGI,YOGI.NS,Yogi Limited,EQ,INE290E01011,2026-08-17,10.0,,false,false,false,false,false,false,false
YUKEN,YUKEN.NS,Yuken India Limited,EQ,INE384C01016,2021-09-02,10.0,,false,false,false,false,false,false,false
ZAGGLE,ZAGGLE.NS,Zaggle Prepaid Ocean Services Limited,EQ,INE07K301024,2023-09-22,1.0,,false,false,false,false,false,false,false
ZEEL,ZEEL.NS,Zee Entertainment Enterprises Limited,EQ,INE256A01028,1998-09-09,1.0,Media Entertainment & Publication,false,false,false,false,true,false,true
ZEELEARN,ZEELEARN.NS,Zee Learn Limited,BE,INE565L01011,2010-12-20,1.0,,false,false,false,false,false,false,false
ZEEMEDIA,ZEEMEDIA.NS,Zee Media Corporation Limited,EQ,INE966H01019,2007-01-10,1.0,,false,false,false,false,false,false,false
ZENITHEXPO,ZENITHEXPO.NS,Zenith Exports Limited,EQ,INE058B01018,1996-07-10,10.0,,false,false,false,false,false,false,false
ZENITHSTL,ZENITHSTL.NS,Zenith Steel Pipes & Industries Limited,EQ,INE318D01020,2007-04-30,10.0,,false,false,false,false,false,false,false
ZENSARTECH,ZENSARTECH.NS,Zensar Technologies Limited,EQ,INE520A01027,2003-07-09,2.0,Information Technology,false,false,false,false,true,false,true
ZENTEC,ZENTEC.NS,Zen Technologies Limited,EQ,INE251B01027,2015-03-30,1.0,Capital Goods,false,false,false,false,true,false,true
ZFCVINDIA,ZFCVINDIA.NS,ZF Commercial Vehicle Control Systems India Limited,EQ,INE342J01019,2008-10-01,5.0,Automobile and Auto Components,false,false,false,false,true,false,true
ZFSTEERING,ZFSTEERING.NS,ZF Steering Gear (India) Limited,EQ,INE116C01012,2026-04-20,10.0,,false,false,false,false,false,false,false
ZIMLAB,ZIMLAB.NS,Zim Laboratories Limited,EQ,INE518E01015,2022-11-25,10.0,,false,false,false,false,false,false,false
ZODIAC,ZODIAC.NS,Zodiac Energy Limited,EQ,INE761Y01019,2021-12-14,10.0,,false,false,false,false,false,false,false
ZODIACLOTH,ZODIACLOTH.NS,Zodiac Clothing Company Limited,EQ,INE206B01013,1995-09-27,10.0,,false,false,false,false,false,false,false
ZOTA,ZOTA.NS,Zota Health Care LImited,EQ,INE358U01012,2019-08-19,10.0,,false,false,false,false,false,false,false
ZSARACOM,ZSARACOM.NS,Saraswati Commercial India Limited,EQ,INE967G01019,2026-04-20,10.0,,false,false,false,false,false,false,false
ZUARI,ZUARI.NS,Zuari Agro Chemicals Limited,EQ,INE840M01016,2012-11-27,10.0,,false,false,false,false,false,false,false
ZUARIIND,ZUARIIND.NS,ZUARI INDUSTRIES LIMITED,EQ,INE217A01012,1995-04-12,10.0,,false,false,false,false,false,false,false
ZYDUSLIFE,ZYDUSLIFE.NS,Zydus Lifesciences Limited,EQ,INE010B01027,2000-04-18,1.0,Healthcare,false,true,true,true,true,false,false
ZYDUSWELL,ZYDUSWELL.NS,Zydus Wellness Limited,EQ,INE768C01028,2009-11-13,2.0,Fast Moving Consumer Goods,false,false,false,false,true,false,true
