symbol,company_name,series,industry,bars,first,last
20MICRONS,20 Microns Limited,EQ,,4413,2008-10-06,2026-08-27
21STCENMGM,21st Century Management Services Limited,EQ,,2130,2018-01-11,2026-08-27
360ONE,360 ONE WAM LIMITED,EQ,Financial Services,1720,2019-09-19,2026-08-27
3BBLACKBIO,3B Blackbio Dx Limited,EQ,,7,2026-08-18,2026-08-27
3IINFOLTD,3i Infotech Limited,BE,,5271,2005-04-22,2026-08-27
3MINDIA,3M India Limited,EQ,Diversified,5997,2002-07-01,2026-08-27
3PLAND,3P Land Holdings Limited,EQ,,4551,2008-03-11,2026-08-27
5PAISA,5Paisa Capital Limited,EQ,,2170,2017-11-16,2026-08-27
63MOONS,63 moons technologies limited,EQ,,5232,2005-06-20,2026-08-27
A2ZINFRA,A2Z Infra Engineering Limited,EQ,,3869,2010-12-23,2026-08-27
AAATECH,AAA Technologies Limited,EQ,,1432,2020-11-12,2026-08-27
AADHARHFC,Aadhar Housing Finance Limited,EQ,Financial Services,571,2024-05-15,2026-08-27
AAKASH,Aakash Exploration Services Limited,EQ,,2048,2018-05-15,2026-08-27
AAREYDRUGS,Aarey Drugs & Pharmaceuticals Limited,EQ,,1251,2021-08-06,2026-08-27
AARNAV,Aarnav Fashions Limited,BE,,124,2026-02-25,2026-08-27
AARON,Aaron Industries Limited,EQ,,1960,2018-09-18,2026-08-27
AARTECH,Aartech Solonics Limited,BE,,775,2023-07-10,2026-08-27
AARTIDRUGS,Aarti Drugs Limited,EQ,,5681,2003-09-19,2026-08-27
AARTIIND,Aarti Industries Limited,EQ,Chemicals,6003,2002-07-01,2026-08-27
AARTIPHARM,Aarti Pharmalabs Limited,EQ,,885,2023-01-30,2026-08-27
AARTISURF,Aarti Surfactants Limited,BE,,1518,2020-07-14,2026-08-27
AARVI,Aarvi Encon Limited,EQ,,2196,2017-10-06,2026-08-27
AASTHA,Aastha Spintex Limited,EQ,,38,2026-07-06,2026-08-27
AAVAS,Aavas Financiers Limited,EQ,Financial Services,1952,2018-10-08,2026-08-27
ABAN,Aban Offshore Limited,BE,,5968,2002-08-12,2026-08-27
ABANSENT,Abans Enterprises Limited,EQ,,7,2026-08-18,2026-08-27
ABB,ABB India Limited,EQ,Capital Goods,6003,2002-07-01,2026-08-27
ABBOTINDIA,Abbott India Limited,EQ,Healthcare,5972,2002-08-12,2026-08-27
ABCAPITAL,Aditya Birla Capital Limited,EQ,Financial Services,2224,2017-09-01,2026-08-27
ABCOTS,A B Cotspin India Limited,EQ,,1134,2022-01-25,2026-08-27
ABDL,Allied Blenders and Distillers Limited,EQ,Fast Moving Consumer Goods,537,2024-07-02,2026-08-27
ABFRL,Aditya Birla Fashion and Retail Limited,EQ,Consumer Services,3237,2013-07-17,2026-08-27
ABINFRA,A B Infrabuild Limited,BE,,1751,2019-07-30,2026-08-27
ABLBL,Aditya Birla Lifestyle Brands Limited,EQ,Consumer Services,295,2025-06-24,2026-08-27
ABMINTLLTD,ABM International Limited,BE,,2511,2016-06-29,2026-08-27
ABMKNO,ABM Knowledgeware Limited,EQ,,6,2026-08-18,2026-08-25
ABREL,Aditya Birla Real Estate Limited,EQ,Realty,6650,2000-01-03,2026-08-27
ABSLAMC,Aditya Birla Sun Life AMC Limited,EQ,Financial Services,1209,2021-10-11,2026-08-27
ACC,ACC Limited,EQ,Construction Materials,6000,2002-07-01,2026-08-27
ACCELYA,Accelya Solutions India Limited,EQ,,5999,2002-07-01,2026-08-27
ACCURACY,Accuracy Shipping Limited,BE,,2009,2018-07-06,2026-08-27
ACE,Action Construction Equipment Limited,EQ,Capital Goods,4915,2006-09-26,2026-08-27
ACEINTEG,Ace Integrated Solutions Limited,EQ,,2253,2017-07-13,2026-08-27
ACGL,Automobile Corporation of Goa Limited,EQ,,7,2026-08-18,2026-08-27
ACI,Archean Chemical Industries Limited,EQ,,934,2022-11-21,2026-08-27
ACL,Andhra Cements Limited,EQ,,3900,2010-11-08,2026-08-27
ACMESOLAR,Acme Solar Holdings Limited,EQ,Power,446,2024-11-13,2026-08-27
ACSTECH,ACS Technologies Limited,BE,,7,2026-08-18,2026-08-27
ACUTAAS,Acutaas Chemicals Limited,EQ,Healthcare,1229,2021-09-14,2026-08-27
ADANIENSOL,Adani Energy Solutions Limited,EQ,Power,2737,2015-07-31,2026-08-27
ADANIENT,Adani Enterprises Limited,EQ,Metals & Mining,6002,2002-07-01,2026-08-27
ADANIGREEN,Adani Green Energy Limited,EQ,Power,2027,2018-06-18,2026-08-27
ADANIPORTS,Adani Ports and Special Economic Zone Limited,EQ,Services,4626,2007-11-27,2026-08-27
ADANIPOWER,Adani Power Limited,EQ,Power,4203,2009-08-20,2026-08-27
ADDIND,Addi Industries Limited,EQ,,7,2026-08-18,2026-08-27
ADFFOODS,ADF Foods Limited,EQ,,3938,2010-09-15,2026-08-27
ADL,Archidply Decor Limited,EQ,,1460,2020-10-01,2026-08-25
ADOR,Ador Welding Limited,EQ,,6000,2002-07-01,2026-08-27
ADROITINFO,Adroit Infotech Limited,EQ,,2685,2015-10-13,2026-08-27
ADSL,Allied Digital Services Limited,EQ,,4711,2007-07-25,2026-08-27
ADVAIT,Advait Energy Transitions Limited,EQ,,151,2026-01-20,2026-08-27
ADVANCE,Advance Agrolife Limited,EQ,,221,2025-10-08,2026-08-27
ADVANIHOTR,Advani Hotels & Resorts (India) Limited,EQ,,4732,2007-06-25,2026-08-27
ADVENTHTL,Advent Hotels International Limited,EQ,,198,2025-11-13,2026-08-27
ADVENZYMES,Advanced Enzyme Technologies Limited,EQ,,2492,2016-08-01,2026-08-27
ADVIKCA,Advik Capital Limited,EQ,,7,2026-08-18,2026-08-27
AEGISLOG,Aegis Logistics Limited,EQ,Oil Gas & Consumable Fuels,5997,2002-07-01,2026-08-27
AEGISVOPAK,Aegis Vopak Terminals Limited,EQ,Oil Gas & Consumable Fuels,312,2025-06-02,2026-08-27
AEPL,Artemis Electricals and Projects Limited,EQ,,115,2026-03-12,2026-08-27
AEQUS,Aequs Limited,EQ,,180,2025-12-10,2026-08-27
AEROENTER,Aeroflex Enterprises Limited,EQ,,934,2022-11-21,2026-08-27
AEROFLEX,Aeroflex Industries Limited,EQ,,741,2023-08-31,2026-08-27
AERONEU,Aeroflex Neu Limited,EQ,,895,2023-01-12,2026-08-27
AEROPLANE,Amir Chand Jagdish Kumar (Exports) Limited,EQ,,103,2026-04-02,2026-08-27
AETHER,Aether Industries Limited,EQ,,1050,2022-06-03,2026-08-27
AFCONS,Afcons Infrastructure Limited,EQ,Construction,453,2024-11-04,2026-08-27
AFFLE,Affle 3i Limited,EQ,Information Technology,1747,2019-08-08,2026-08-27
AFFORDABLE,Affordable Robotic & Automation Limited,BE,,457,2024-10-23,2026-08-27
AFIL,Akme Fintrade (India) Limited,EQ,,541,2024-06-26,2026-08-27
AFSL,Abans Financial Services Limited,EQ,,908,2022-12-23,2026-08-27
AGARIND,Agarwal Industrial Corporation Limited,EQ,,3025,2014-05-26,2026-08-27
AGARWALEYE,Dr. Agarwal's Health Care Limited,EQ,,386,2025-02-04,2026-08-27
AGI,AGI Greenpac Limited,EQ,,6001,2002-07-01,2026-08-27
AGIIL,Agi Infra Limited,EQ,,530,2024-07-15,2026-08-27
AGL,Allcargo Global Limited,EQ,,40,2026-07-03,2026-08-27
AGRITECH,Agri-Tech (India) Limited,EQ,,3103,2014-01-28,2026-08-27
AGROPHOS,Agro Phos India Limited,EQ,,2338,2017-03-15,2026-08-27
AGSTRA,AGS Transact Technologies Limited,BZ,,1132,2022-01-31,2026-08-27
AHCL,Anlon Healthcare Limited,EQ,,246,2025-09-03,2026-08-27
AHLADA,Ahlada Engineers Limited,EQ,,1946,2018-10-12,2026-08-27
AHLEAST,Asian Hotels (East) Limited,EQ,,3959,2010-08-11,2026-08-25
AHLUCONT,Ahluwalia Contracts (India) Limited,EQ,,4126,2009-12-14,2026-08-27
AHLWEST,Asian Hotels (West) Limited,BE,,3965,2010-08-05,2026-08-27
AIAENG,AIA Engineering Limited,EQ,Capital Goods,5108,2005-12-14,2026-08-27
AIIL,Authum Investment & Infrastructure Limited,EQ,Financial Services,585,2024-04-23,2026-08-27
AIRAN,Airan Limited,EQ,,2248,2017-07-25,2026-08-27
AIROLAM,Airo Lam limited,EQ,,2196,2017-10-06,2026-08-27
AJANTPHARM,Ajanta Pharma Limited,EQ,Healthcare,5998,2002-07-01,2026-08-27
AJAXENGG,Ajax Engineering Limited,EQ,,379,2025-02-17,2026-08-27
AJMERA,Ajmera Realty & Infra India Limited,EQ,,4915,2006-09-27,2026-08-27
AJOONI,Ajooni Biotech Limited,EQ,,2134,2018-01-02,2026-08-27
AKASH,Akash Infra-Projects Limited,EQ,,2336,2017-03-15,2026-08-27
AKCAPIT,AK Capital Services Limited,EQ,,7,2026-08-18,2026-08-27
AKG,Akg Exim Limited,EQ,,1947,2018-10-10,2026-08-27
AKI,AKI India Limited,EQ,,838,2023-04-06,2026-08-27
AKSHAR,Akshar Spintex Limited,EQ,,1057,2022-05-23,2026-08-27
AKSHARCHEM,AksharChem India Limited,BE,,2328,2017-03-29,2026-08-27
AKSHOPTFBR,Aksh Optifibre Limited,BE,,5998,2002-07-01,2026-08-27
AKUMS,Akums Drugs and Pharmaceuticals Limited,EQ,,511,2024-08-06,2026-08-27
ALANKIT,Alankit Limited,EQ,,2757,2015-06-30,2026-08-27
ALBERTDAVD,Albert David Limited,EQ,,2522,2016-06-14,2026-08-27
ALEMBICLTD,Alembic Limited,EQ,,6007,2002-07-01,2026-08-27
ALFREDHE,Alfred Herbert India Limited,EQ,,6,2026-08-18,2026-08-25
ALGOQUANT,Algoquant Fintech Limited,EQ,,161,2026-01-06,2026-08-27
ALICON,Alicon Castalloy Limited,EQ,,4909,2006-10-03,2026-08-27
ALIVUS,Alivus Life Sciences Limited,EQ,,1252,2021-08-06,2026-08-27
ALKALI,Alkali Metals Limited,BE,,4391,2008-11-06,2026-08-27
ALKEM,Alkem Laboratories Limited,EQ,Healthcare,2639,2015-12-23,2026-08-27
ALKYLAMINE,Alkyl Amines Chemicals Limited,EQ,,4627,2007-11-26,2026-08-27
ALLCARGO,Allcargo Logistics Limited,EQ,,4982,2006-06-23,2026-08-27
ALLDIGI,Alldigi Tech Limited,EQ,,5258,2005-05-09,2026-08-27
ALLTIME,All Time Plastics Limited,EQ,,258,2025-08-14,2026-08-27
ALMONDZ,Almondz Global Securities Limited,EQ,,4491,2008-06-16,2026-08-27
ALOKINDS,Alok Industries Limited,EQ,,6650,2000-01-03,2026-08-27
ALPA,Alpa Laboratories Limited,EQ,,4701,2007-08-06,2026-08-27
ALPHAGEO,Alphageo (India) Limited,BE,,4763,2007-05-11,2026-08-27
ALPINETEX,Alpine Texworld Limited,EQ,,27,2026-07-21,2026-08-27
ALUFLUOR,Alufluoride Limited,EQ,,7,2026-08-18,2026-08-27
AMAGI,Amagi Media Labs Limited,EQ,,150,2026-01-21,2026-08-27
AMAL,Amal Limited,EQ,,7,2026-08-18,2026-08-27
AMANTA,Amanta Healthcare Limited,BE,,239,2025-09-11,2026-08-27
AMARJOTHI,Amarjothi Spinning Mills Limited,EQ,,12,2026-08-11,2026-08-27
AMBALALSA,Ambalal Sarabhai Enterprises Limited,BE,,90,2026-04-22,2026-08-27
AMBER,Amber Enterprises India Limited,EQ,Consumer Durables,2121,2018-01-30,2026-08-27
AMBICAAGAR,Ambica Agarbathies & Aroma industries Limited,EQ,,5476,2004-06-29,2026-08-27
AMBIKCO,Ambika Cotton Mills Limited,EQ,,4581,2008-01-29,2026-08-27
AMBUJACEM,Ambuja Cements Limited,EQ,Construction Materials,6001,2002-07-01,2026-08-27
AMDIND,AMD Industries Limited,EQ,,4798,2007-03-19,2026-08-27
AMJLAND,Amj Land Holdings Limited,EQ,,6000,2002-07-01,2026-08-27
AMNPLST,Amines & Plasticizers Limited,EQ,,691,2023-11-10,2026-08-27
AMRUTANJAN,Amrutanjan Health Care Limited,EQ,,4153,2009-11-05,2026-08-27
ANANDRATHI,Anand Rathi Wealth Limited,EQ,Financial Services,1166,2021-12-14,2026-08-27
ANANTRAJ,Anant Raj Limited,EQ,Realty,4915,2006-09-27,2026-08-27
ANDHRAPAP,ANDHRA PAPER LIMITED,EQ,,6650,2000-01-03,2026-08-27
ANDHRSUGAR,The Andhra Sugars Limited,EQ,,6000,2002-07-01,2026-08-27
ANDREWYU,Andrew Yule & Company Limited,EQ,,12,2026-08-11,2026-08-27
ANGELONE,Angel One Limited,EQ,Financial Services,1462,2020-10-05,2026-08-27
ANIKINDS,Anik Industries Limited,EQ,,4507,2008-05-21,2026-08-27
ANKITMETAL,Ankit Metal & Power Limited,BZ,,3318,2013-03-14,2026-08-27
ANMOL,Anmol India Limited,EQ,,1296,2021-06-04,2026-08-27
ANNAPURNA,Annapurna Swadisht Limited,EQ,,967,2022-09-27,2026-08-27
ANSALAPI,Ansal Properties & Infrastructure Limited,BZ,,5078,2006-01-27,2026-08-27
ANSALBU,Ansal Buildwell Limited,EQ,,6,2026-08-18,2026-08-25
ANTELOPUS,Antelopus Selan Energy Limited,EQ,,4916,2006-09-26,2026-08-27
ANTGRAPHIC,Antarctica Limited,EQ,,5999,2002-07-01,2026-08-27
ANTHEM,Anthem Biosciences Limited,EQ,Healthcare,276,2025-07-21,2026-08-27
ANUHPHR,Anuh Pharma Limited,EQ,,419,2024-12-20,2026-08-27
ANUP,The Anup Engineering Limited,EQ,,1851,2019-03-01,2026-08-27
ANURAS,Anupam Rasayan India Limited,EQ,Chemicals,1344,2021-03-24,2026-08-27
APARINDS,Apar Industries Limited,EQ,Capital Goods,5472,2004-07-12,2026-08-27
APCL,Anjani Portland Cement Limited,EQ,,2320,2017-04-10,2026-08-27
APCOTEXIND,Apcotex Industries Limited,EQ,,5968,2002-08-12,2026-08-27
APEX,Apex Frozen Foods Limited,EQ,,2222,2017-09-05,2026-08-27
APLAPOLLO,APL Apollo Tubes Limited,EQ,Capital Goods,3630,2011-12-14,2026-08-27
APLLTD,Alembic Pharmaceuticals Limited,EQ,,3686,2011-09-20,2026-08-27
APOLLO,Apollo Micro Systems Limited,EQ,,2126,2018-01-22,2026-08-27
APOLLOHOSP,Apollo Hospitals Enterprise Limited,EQ,Healthcare,5999,2002-07-01,2026-08-27
APOLLOPIPE,Apollo Pipes Limited,EQ,,1686,2019-11-11,2026-08-27
APOLLOTYRE,Apollo Tyres Limited,EQ,Automobile and Auto Components,6132,2002-01-01,2026-08-27
APOLSINHOT,Apollo Sindoori Hotels Limited,EQ,,2847,2015-02-16,2026-08-27
APOORVA,Apoorva Leasing Finance and Investment Company Limited,EQ,,4,2026-08-20,2026-08-25
APTECHT,Aptech Limited,BE,,5937,2002-09-27,2026-08-27
APTUS,Aptus Value Housing Finance India Limited,EQ,Financial Services,1243,2021-08-24,2026-08-27
AQYLON,Aqylon Nexus Limited,EQ,,6001,2002-07-01,2026-08-27
ARCHIDPLY,Archidply Industries Limited,EQ,,4476,2008-07-04,2026-08-27
ARCHIES,Archies Limited,EQ,,5966,2002-08-12,2026-08-27
ARCL,ARCL Organics Limited,EQ,,7,2026-08-18,2026-08-27
ARDEE,Ardee Industries Limited,EQ,,12,2026-08-12,2026-08-27
ARE&M,Amara Raja Energy & Mobility Limited,EQ,Automobile and Auto Components,6002,2002-07-01,2026-08-27
ARENTERP,Rajdarshan Industries Limited,EQ,,2175,2017-11-07,2026-08-27
ARFIN,Arfin India Limited,EQ,,274,2025-07-22,2026-08-27
ARIES,Aries Agro Limited,EQ,,4592,2008-01-11,2026-08-27
ARIHANT,Arihant Foundations & Housing Limited,EQ,,3826,2006-12-26,2026-08-27
ARIHANTCAP,Arihant Capital Markets Limited,EQ,,1290,2021-06-15,2026-08-27
ARIHANTSUP,Arihant Superstructures Limited,EQ,,2327,2017-03-29,2026-08-27
ARIS,Arisinfra Solutions Limited,EQ,,294,2025-06-25,2026-08-27
ARKADE,Arkade Developers Limited,EQ,,479,2024-09-24,2026-08-27
ARMANFIN,Arman Financial Services Limited,EQ,,2523,2016-06-14,2026-08-27
AROGRANITE,Aro Granite Industries Limited,EQ,,4773,2007-04-24,2026-08-27
ARROWGREEN,Arrow Greentech Limited,BE,,2787,2015-05-21,2026-08-27
ARSHIYA,Arshiya Limited,BZ,,4124,2009-12-14,2026-08-27
ARSSBL,Anand Rathi Share and Stock Brokers Limited,EQ,,227,2025-09-30,2026-08-27
ARTEMISMED,Artemis Medicare Services Limited,EQ,,1610,2020-01-24,2026-08-27
ARTNIRMAN,Art Nirman Limited,EQ,,2335,2017-03-15,2026-08-25
ARVEE,Arvee Laboratories (India) Limited,EQ,,2100,2018-02-22,2026-08-27
ARVIND,Arvind Limited,EQ,,6002,2002-07-01,2026-08-27
ARVINDFASN,Arvind Fashions Limited,EQ,,1848,2019-03-08,2026-08-27
ARVSMART,Arvind SmartSpaces Limited,EQ,,2717,2015-08-26,2026-08-27
ARYAMAN,Aryaman Financial Services Limited,EQ,,6,2026-08-18,2026-08-25
ASAHIINDIA,Asahi India Glass Limited,EQ,Automobile and Auto Components,6005,2002-07-01,2026-08-27
ASAHISONG,Asahi Songwon Colors Limited,BE,,3698,2011-08-29,2026-08-27
ASAL,Automotive Stampings and Assemblies Limited,EQ,,6000,2002-07-01,2026-08-27
ASALCBR,Associated Alcohols & Breweries Ltd.,EQ,,1620,2020-02-12,2026-08-27
ASHAPURMIN,Ashapura Minechem Limited,EQ,,6652,2000-01-03,2026-08-27
ASHIANA,Ashiana Housing Limited,EQ,,3741,2011-06-29,2026-08-27
ASHIKAG,Ashika Global Securities Limited,BE,,7,2026-08-18,2026-08-27
ASHIMASYN,Ashima Limited,EQ,,5999,2002-07-01,2026-08-27
ASHOKA,Ashoka Buildcon Limited,EQ,,3917,2010-10-14,2026-08-27
ASHOKAMET,Ashoka Metcast Limited,EQ,,784,2023-06-27,2026-08-27
ASHOKLEY,Ashok Leyland Limited,EQ,Capital Goods,6002,2002-07-01,2026-08-27
ASIANENE,Asian Energy Services Limited,EQ,,1169,2021-12-09,2026-08-27
ASIANHOTNR,Asian Hotels (North) Limited,EQ,,5997,2002-07-01,2026-08-27
ASIANPAINT,Asian Paints Limited,EQ,Consumer Durables,6000,2002-07-01,2026-08-27
ASIANTILES,Asian Granito India Limited,EQ,,4691,2007-08-23,2026-08-27
ASIANTNE,Asian Tea & Exports Limited,EQ,,7,2026-08-18,2026-08-27
ASKAUTOLTD,ASK Automotive Limited,EQ,,691,2023-11-15,2026-08-27
ASMS,Avio Smart Market Stack Limited,BE,,5089,2006-01-12,2026-08-27
ASPINWALL,Aspinwall and Company Limited,EQ,,2522,2016-06-14,2026-08-27
ASSAMENT,Assam Entrade Limited,EQ,,6,2026-08-18,2026-08-25
ASTAR,Asian Star Company Limited,EQ,,6,2026-08-18,2026-08-25
ASTEC,Astec LifeSciences Limited,EQ,,4138,2009-11-25,2026-08-27
ASTERDM,Aster DM Quality Care Limited,EQ,Healthcare,2103,2018-02-26,2026-08-27
ASTRAL,Astral Limited,EQ,Capital Goods,4799,2007-03-20,2026-08-27
ASTRAMICRO,Astra Microwave Products Limited,EQ,,5393,2004-11-01,2026-08-27
ASTRAZEN,AstraZeneca Pharma India Limited,EQ,,6001,2002-07-01,2026-08-27
ASTRON,Astron Paper & Board Mill Limited,BZ,,2140,2017-12-29,2026-08-27
ATALREAL,Atal Realtech Limited,EQ,,1428,2020-11-19,2026-08-27
ATAM,Atam Valves Limited,EQ,,818,2023-05-10,2026-08-27
ATGL,Adani Total Gas Limited,EQ,Oil Gas & Consumable Fuels,1933,2018-11-05,2026-08-27
ATHERENERG,Ather Energy Limited,EQ,Automobile and Auto Components,331,2025-05-06,2026-08-27
ATL,Allcargo Terminals Limited,EQ,,752,2023-08-10,2026-08-27
ATLANTAA,ATLANTAA LIMITED,EQ,,4915,2006-09-25,2026-08-27
ATLANTAELE,Atlanta Electricals Limited,EQ,,228,2025-09-29,2026-08-27
ATLASCYCLE,Atlas Cycles (Haryana) Limited,EQ,,5997,2002-07-01,2026-08-27
ATUL,Atul Limited,EQ,Chemicals,5999,2002-07-01,2026-08-27
ATULAUTO,Atul Auto Limited,EQ,,3251,2013-06-26,2026-08-27
AUBANK,AU Small Finance Bank Limited,EQ,Financial Services,2260,2017-07-11,2026-08-27
AURIONPRO,Aurionpro Solutions Limited,EQ,,5143,2005-10-25,2026-08-27
AUROPHARMA,Aurobindo Pharma Limited,EQ,Healthcare,6649,2000-01-03,2026-08-27
AURUM,Aurum PropTech Limited,EQ,,2723,2015-08-19,2026-08-27
AURUS,AURUS GEM CORPORATION LIMITED,EQ,,3162,2013-11-05,2026-08-27
AUSOMENT,Ausom Enterprise Limited,EQ,,5988,2002-07-18,2026-08-27
AUSTENG,Austin Engineering Company  Limited,EQ,,7,2026-08-18,2026-08-27
AUTOAXLES,Automotive Axles Limited,EQ,,5999,2002-07-01,2026-08-27
AUTOIND,Autoline Industries Limited,EQ,,4831,2007-01-31,2026-08-27
AVADHSUGAR,Avadh Sugar & Energy Limited,EQ,,2243,2017-08-02,2026-08-27
AVALON,Avalon Technologies Limited,EQ,,834,2023-04-18,2026-08-27
AVANCE,Avance Technologies Limited,EQ,,7,2026-08-18,2026-08-27
AVANTEL,Avantel Limited,EQ,,518,2024-07-31,2026-08-27
AVANTIFEED,Avanti Feeds Limited,EQ,,4109,2010-01-08,2026-08-27
AVG,AVG Logistics Limited,BE,,2062,2018-04-25,2026-08-27
AVL,Aditya Vision Limited,EQ,,448,2024-11-06,2026-08-27
AVONMORE,Avonmore Capital & Management Services Limited,EQ,,900,2023-01-04,2026-08-27
AVROIND,AVRO INDIA LIMITED,EQ,,1986,2018-08-09,2026-08-27
AVTNPL,AVT Natural Products Limited,EQ,,4843,2007-01-10,2026-08-27
AWFIS,Awfis Space Solutions Limited,EQ,,561,2024-05-30,2026-08-27
AWHCL,Antony Waste Handling Cell Limited,EQ,,1401,2021-01-01,2026-08-27
AWL,AWL Agri Business Limited,EQ,Fast Moving Consumer Goods,1128,2022-02-08,2026-08-27
AXISBANK,Axis Bank Limited,EQ,Financial Services,6649,2000-01-03,2026-08-27
AXISCADES,AXISCADES Technologies Limited,EQ,,6001,2002-07-01,2026-08-27
AXITA,Axita Cotton Limited,EQ,,1036,2022-06-21,2026-08-27
AXTEL,Axtel Industries Limited,EQ,,8,2026-08-18,2026-08-27
AYE,Aye Finance Limited,EQ,,133,2026-02-16,2026-08-27
AYMSYNTEX,AYM Syntex Limited,EQ,,2725,2015-08-14,2026-08-27
AZAD,Azad Engineering Limited,EQ,,662,2023-12-28,2026-08-27
AZADIND,Azad India Mobility Limited,EQ,,7,2026-08-18,2026-08-27
BAFNAPH,Bafna Pharmaceuticals Limited,BE,,3401,2012-11-12,2026-08-27
BAGFILMS,B.A.G Films and Media Limited,EQ,,5663,2003-10-17,2026-08-27
BAIDFIN,Baid Finserv Limited,EQ,,888,2023-01-20,2026-08-27
BAJAJ-AUTO,Bajaj Auto Limited,EQ,Automobile and Auto Components,6003,2002-07-01,2026-08-27
BAJAJCON,Bajaj Consumer Care Limited,EQ,,3957,2010-08-18,2026-08-27
BAJAJELEC,Bajaj Electricals Limited,EQ,,4641,2007-11-02,2026-08-27
BAJAJFINSV,Bajaj Finserv Limited,EQ,Financial Services,5968,2002-08-12,2026-08-27
BAJAJHCARE,Bajaj Healthcare Limited,EQ,,1179,2021-11-25,2026-08-27
BAJAJHFL,Bajaj Housing Finance Limited,EQ,Financial Services,487,2024-09-16,2026-08-27
BAJAJHIND,Bajaj Hindusthan Sugar Limited,EQ,,6002,2002-07-01,2026-08-27
BAJAJHLDNG,Bajaj Holdings & Investment Limited,EQ,Financial Services,5968,2002-08-12,2026-08-27
BAJAJINDEF,Indef Manufacturing Limited,EQ,,374,2025-02-21,2026-08-27
BAJAJST,Bajaj Steel Industries Limited,EQ,,7,2026-08-18,2026-08-27
BAJEL,Bajel Projects Limited,EQ,,667,2023-12-19,2026-08-27
BAJFINANCE,Bajaj Finance Limited,EQ,Financial Services,6000,2002-07-01,2026-08-27
BALAJEE,Shree Tirupati Balajee Agro Trading Company Limited,EQ,,486,2024-09-12,2026-08-27
BALAJITELE,Balaji Telefilms Limited,EQ,,6001,2002-07-01,2026-08-27
BALAMINES,Balaji Amines Limited,EQ,,4788,2007-04-05,2026-08-27
BALAXI,BALAXI PHARMACEUTICALS LIMITED,EQ,,2654,2015-12-01,2026-08-27
BALKRISHNA,Balkrishna Paper Mills Limited,EQ,,2738,2015-07-28,2026-08-27
BALKRISIND,Balkrishna Industries Limited,EQ,Automobile and Auto Components,5079,2006-01-27,2026-08-27
BALMLAWRIE,Balmer Lawrie & Company Limited,EQ,,5999,2002-07-01,2026-08-27
BALPHARMA,Bal Pharma Limited,EQ,,5013,2006-05-08,2026-08-27
BALRAMCHIN,Balrampur Chini Mills Limited,EQ,Fast Moving Consumer Goods,6003,2002-07-01,2026-08-27
BALUFORGE,Balu Forge Industries Limited,EQ,,582,2024-04-29,2026-08-27
BANARBEADS,Banaras Beads Limited,EQ,,3617,2011-12-29,2026-08-27
BANARISUG,Bannari Amman Sugars Limited,EQ,,5999,2002-07-01,2026-08-27
BANCOINDIA,Banco Products (I) Limited,EQ,,4854,2006-12-22,2026-08-27
BANDHANBNK,Bandhan Bank Limited,EQ,Financial Services,2083,2018-03-27,2026-08-27
BANG,Bang Overseas Limited,EQ,,4565,2008-02-20,2026-08-27
BANKA,Banka BioLoo Limited,EQ,,2098,2018-02-27,2026-08-27
BANKBARODA,Bank of Baroda,EQ,Financial Services,5999,2002-07-01,2026-08-27
BANKINDIA,Bank of India,EQ,Financial Services,6000,2002-07-01,2026-08-27
BANSALWIRE,Bansal Wire Industries Limited,EQ,,530,2024-07-10,2026-08-27
BANSWRAS,Banswara Syntex Limited,EQ,,4782,2007-04-11,2026-08-27
BASF,BASF India Limited,EQ,,6000,2002-07-01,2026-08-27
BASML,Bannari Amman Spinning Mills Limited,BE,,5130,2005-11-14,2026-08-27
BATAINDIA,Bata India Limited,EQ,Consumer Durables,6000,2002-07-01,2026-08-27
BATLIBOI,Batliboi Limited,EQ,,96,2026-04-15,2026-08-27
BAYERCROP,Bayer Cropscience Limited,EQ,Chemicals,4110,2010-01-08,2026-08-27
BBL,Bharat Bijlee Limited,EQ,,4878,2006-11-21,2026-08-27
BBOX,Black Box Limited,EQ,,6002,2002-07-01,2026-08-27
BBTC,The Bombay Burmah Trading Corporation Limited,EQ,Fast Moving Consumer Goods,6000,2002-07-01,2026-08-27
BBTCL,B&B Triplewall Containers Limited,EQ,,1932,2018-10-31,2026-08-27
BCG,Brightcom Group Limited,EQ,,2797,2015-05-08,2026-08-27
BCLIND,Bcl Industries Limited,EQ,,1356,2021-03-04,2026-08-27
BCONCEPTS,Brand Concepts Limited,EQ,,2127,2018-01-12,2026-08-27
BCPL,BCPL Railway Infrastructure Limited,EQ,,106,2026-03-27,2026-08-27
BDL,Bharat Dynamics Limited,EQ,Capital Goods,2085,2018-03-23,2026-08-27
BEARDSELL,Beardsell Limited,EQ,,4108,2010-01-08,2026-08-27
BECTORFOOD,Mrs. Bectors Food Specialities Limited,EQ,,1405,2020-12-24,2026-08-27
BEDMUTHA,Bedmutha Industries Limited,EQ,,3915,2010-10-14,2026-08-27
BEEKAY,Beekay Steel Industries Limited,EQ,,7,2026-08-18,2026-08-27
BEL,Bharat Electronics Limited,EQ,Capital Goods,6000,2002-07-01,2026-08-27
BELLACASA,Bella Casa Fashion & Retail Limited,EQ,,276,2025-07-18,2026-08-27
BELRISE,Belrise Industries Limited,EQ,Automobile and Auto Components,314,2025-05-28,2026-08-27
BEML,BEML Limited,EQ,Capital Goods,6000,2002-07-01,2026-08-27
BENARAS,Benares Hotels Limited,EQ,,7,2026-08-18,2026-08-27
BENGALASM,Bengal & Assam Company Limited,EQ,,7,2026-08-18,2026-08-27
BEPL,Bhansali Engineering Polymers Limited,EQ,,5294,2005-03-21,2026-08-27
BERGEPAINT,Berger Paints (I) Limited,EQ,Consumer Durables,6001,2002-07-01,2026-08-27
BESTAGRO,Best Agrolife Limited,EQ,,1365,2021-02-22,2026-08-27
BETA,Beta Drugs Limited,EQ,,2192,2017-10-13,2026-08-27
BFINVEST,BF Investment Limited,EQ,,3853,2011-01-14,2026-08-27
BFUTILITIE,BF Utilities Limited,EQ,,4770,2007-05-03,2026-08-27
BGRENERGY,BGR Energy Systems Limited,BE,,4598,2008-01-03,2026-08-27
BHAGCHEM,Bhagiradha Chemicals & Industries Limited,EQ,,1203,2021-10-18,2026-08-27
BHAGERIA,Bhageria Industries Limited,BE,,2591,2016-03-02,2026-08-27
BHAGYANGR,Bhagyanagar India Limited,EQ,,5999,2002-07-02,2026-08-27
BHANDARI,Bhandari Hosiery Exports Limited,EQ,,2370,2017-01-30,2026-08-27
BHARATCOAL,Bharat Coking Coal Limited,EQ,,152,2026-01-19,2026-08-27
BHARATFORG,Bharat Forge Limited,EQ,Automobile and Auto Components,6649,2000-01-03,2026-08-27
BHARATGEAR,Bharat Gears Limited,BE,,5999,2002-07-01,2026-08-27
BHARATRAS,Bharat Rasayan Limited,EQ,,5999,2002-07-01,2026-08-27
BHARATSE,Bharat Seats Limited,EQ,,355,2025-03-25,2026-08-27
BHARATWIRE,Bharat Wire Ropes Limited,EQ,,2573,2016-04-01,2026-08-27
BHARTIARTL,Bharti Airtel Limited,EQ,Telecommunication,6000,2002-07-01,2026-08-27
BHARTIHEXA,Bharti Hexacom Limited,EQ,Telecommunication,592,2024-04-12,2026-08-27
BHEL,Bharat Heavy Electricals Limited,EQ,Capital Goods,6650,2000-01-03,2026-08-27
BI,Bilcare Limited,BE,,7,2026-08-18,2026-08-27
BIGBLOC,Bigbloc Construction Limited,EQ,,2468,2016-09-02,2026-08-27
BIKAJI,Bikaji Foods International Limited,EQ,Fast Moving Consumer Goods,936,2022-11-16,2026-08-27
BIL,Bhartiya International Limited,EQ,,5999,2002-07-01,2026-08-27
BILVYAPAR,BIL VYAPAR LIMITED,BE,,5970,2002-08-12,2026-08-27
BIMETAL,Bimetal Bearings Limited,EQ,,95,2026-04-15,2026-08-27
BIOCON,Biocon Limited,EQ,Healthcare,5538,2004-04-07,2026-08-27
BIOFILCHEM,Biofil Chemicals & Pharmaceuticals Limited,EQ,,2246,2017-07-27,2026-08-27
BIRLACABLE,Birla Cable Limited,BE,,5998,2002-07-01,2026-08-27
BIRLACORPN,Birla Corporation Limited,EQ,,5999,2002-07-01,2026-08-27
BIRLAMONEY,Aditya Birla Money Limited,EQ,,4574,2008-02-07,2026-08-27
BIRLANU,BirlaNu Limited,EQ,,6651,2000-01-03,2026-08-27
BIRLAPREC,Birla Precision Technologies Limited,EQ,,7,2026-08-18,2026-08-27
BLACKBUCK,BLACKBUCK LIMITED,EQ,,440,2024-11-22,2026-08-27
BLACKROSE,Black Rose Inds. Limited,BE,,7,2026-08-18,2026-08-27
BLAL,BEML Land Assets Limited,EQ,,834,2023-04-19,2026-08-27
BLBLIMITED,BLB Limited,EQ,,5969,2002-08-12,2026-08-27
BLEL,Behari Lal Engineering Limited,EQ,,7,2026-08-19,2026-08-27
BLIL,Balmer Lawrie Investments Limited,EQ,,8,2026-08-18,2026-08-27
BLISSGVS,Bliss GVS Pharma Limited,BE,,3975,2010-07-26,2026-08-27
BLKASHYAP,B. L. Kashyap and Sons Limited,EQ,,5047,2006-03-17,2026-08-27
BLS,BLS International Services Limited,EQ,Consumer Services,2524,2016-06-15,2026-08-27
BLSE,BLS E-Services Limited,EQ,,635,2024-02-06,2026-08-27
BLUECHIP,Blue Chip India Limited,EQ,,5996,2002-07-01,2026-08-27
BLUECLOUDS,Blue Cloud Softech Solutions Limited,EQ,,7,2026-08-18,2026-08-27
BLUECOAST,Blue Coast Hotels Limited,BE,,6616,2000-02-16,2026-08-27
BLUEDART,Blue Dart Express Limited,EQ,Services,5999,2002-07-01,2026-08-27
BLUEJET,Blue Jet Healthcare Limited,EQ,Healthcare,699,2023-11-01,2026-08-27
BLUESTARCO,Blue Star Limited,EQ,Consumer Durables,6000,2002-07-01,2026-08-27
BLUESTONE,BlueStone Jewellery and Lifestyle Limited,EQ,,256,2025-08-19,2026-08-27
BLUSPRING,Bluspring Enterprises Limited,EQ,,303,2025-06-11,2026-08-27
BMWVENTLTD,BMW Ventures Limited,EQ,,226,2025-10-01,2026-08-27
BNAGROCHEM,BN Agrochem Limited,EQ,,7,2026-08-18,2026-08-27
BNALTD,B & A Limited,BE,,6,2026-08-19,2026-08-27
BODALCHEM,Bodal Chemicals Limited,BE,,3704,2011-08-22,2026-08-27
BOHRAIND,Bohra Industries Limited,EQ,,2248,2017-07-24,2026-08-27
BOMDYEING,Bombay Dyeing & Mfg Company Limited,EQ,,6650,2000-01-03,2026-08-27
BONLON,Bonlon Industries Limited,EQ,,127,2026-02-23,2026-08-27
BORANA,Borana Weaves Limited,EQ,,313,2025-05-27,2026-08-27
BOROLTD,Borosil Limited,EQ,,1514,2020-07-22,2026-08-27
BORORENEW,BOROSIL RENEWABLES LIMITED,EQ,,2042,2018-05-25,2026-08-27
BOROSCI,Borosil Scientific Limited,EQ,,553,2024-06-07,2026-08-27
BOSCH-HCIL,BOSCH HOME COMFORT INDIA LIMITED,EQ,,6652,2000-01-03,2026-08-27
BOSCHLTD,Bosch Limited,EQ,Automobile and Auto Components,6000,2002-07-01,2026-08-27
BPCL,Bharat Petroleum Corporation Limited,EQ,Oil Gas & Consumable Fuels,6650,2000-01-03,2026-08-27
BPL,BPL Limited,EQ,,6000,2002-07-01,2026-08-27
BPLPHARMA,Bharat Parenterals Limited,EQ,,7,2026-08-18,2026-08-27
BRAHMINFRA,Brahmaputra Infrastructure Limited,EQ,,7,2026-08-18,2026-08-27
BRIGADE,Brigade Enterprises Limited,EQ,Realty,4603,2007-12-31,2026-08-27
BRIGHOTEL,Brigade Hotel Ventures Limited,EQ,,267,2025-07-31,2026-08-27
BRIGHTBR,Bright Brothers Limited,EQ,,7,2026-08-18,2026-08-27
BRITANNIA,Britannia Industries Limited,EQ,Fast Moving Consumer Goods,6652,2000-01-03,2026-08-27
BRNL,Bharat Road Network Limited,EQ,,2211,2017-09-18,2026-08-27
BROOKS,Brooks Laboratories Limited,BE,,3695,2011-09-05,2026-08-27
BSE,BSE Limited,EQ,Financial Services,2366,2017-02-03,2026-08-27
BSHSL,Bombay Super Hybrid Seeds Limited,EQ,,2050,2018-05-10,2026-08-27
BSL,BSL Limited,EQ,,6000,2002-07-01,2026-08-27
BSOFT,BIRLASOFT LIMITED,EQ,Information Technology,6004,2002-07-01,2026-08-27
BTML,Bodhi Tree Multimedia Limited,EQ,,1431,2020-11-12,2026-08-27
BTTL,Bhilwara Technical Textiles Limited,BE,,90,2026-04-22,2026-08-27
BUILDPRO,Shankara Buildpro Limited,EQ,,158,2026-01-09,2026-08-27
BURNPUR,Burnpur Cement Limited,EQ,,4600,2008-01-03,2026-08-27
BUTTERFLY,Butterfly Gandhimathi Appliances Limited,EQ,,3045,2014-04-28,2026-08-27
BVCL,Barak Valley Cements Limited,EQ,,4625,2007-11-23,2026-08-27
BYKE,The Byke Hospitality Ltd,BE,,3616,2011-12-30,2026-08-27
CALSOFT,California Software Company Limited,EQ,,6001,2002-07-01,2026-08-27
CAMLINFINE,Camlin Fine Sciences Limited,EQ,,2866,2015-01-20,2026-08-27
CAMPUS,Campus Activewear Limited,EQ,,1069,2022-05-09,2026-08-27
CAMS,Computer Age Management Services Limited,EQ,Financial Services,1462,2020-10-05,2026-08-27
CANBK,Canara Bank,EQ,Financial Services,5875,2002-12-23,2026-08-27
CANFINHOME,Can Fin Homes Limited,EQ,Financial Services,5999,2002-07-01,2026-08-27
CANHLIFE,Canara HSBC Life Insurance Company Limited,EQ,Financial Services,215,2025-10-17,2026-08-27
CANTABIL,Cantabil Retail India Limited,EQ,,3917,2010-10-12,2026-08-27
CAPACITE,Capacit'e Infraprojects Limited,EQ,,2207,2017-09-25,2026-08-27
CAPILLARY,Capillary Technologies India Limited,EQ,,192,2025-11-21,2026-08-27
CAPITALSFB,Capital Small Finance Bank Limited,EQ,,627,2024-02-14,2026-08-27
CAPLIPOINT,Caplin Point Laboratories Limited,EQ,Healthcare,3006,2014-06-23,2026-08-27
CAPTRUST,Capital Trust Limited,BE,,2375,2017-01-16,2026-08-27
CARBORUNIV,Carborundum Universal Limited,EQ,Capital Goods,6000,2002-07-01,2026-08-27
CARERATING,CARE Ratings Limited,EQ,,3375,2012-12-26,2026-08-27
CARRARO,Carraro India Limited,EQ,,414,2024-12-30,2026-08-27
CARTRADE,Cartrade Tech Limited,EQ,Consumer Services,1245,2021-08-20,2026-08-27
CARYSIL,CARYSIL LIMITED,EQ,,1391,2021-01-14,2026-08-27
CASTROLIND,Castrol India Limited,EQ,Oil Gas & Consumable Fuels,5973,2002-08-12,2026-08-27
CCAVENUE,AvenuesAI Limited,EQ,,2573,2016-04-04,2026-08-27
CCCL,Consolidated Construction Consortium Limited,EQ,,4651,2007-10-15,2026-08-27
CCHHL,Country Club Hospitality & Holidays Limited,EQ,,2856,2015-02-03,2026-08-27
CCL,CCL Products (India) Limited,EQ,Fast Moving Consumer Goods,5496,2004-06-07,2026-08-27
CDSL,Central Depository Services (India) Limited,EQ,Financial Services,2267,2017-06-30,2026-08-27
CEATLTD,CEAT Limited,EQ,Automobile and Auto Components,4580,2008-02-01,2026-08-27
CEIGALL,Ceigall India Limited,EQ,,511,2024-08-08,2026-08-27
CEINSYS,Ceinsys Tech Limited,EQ,,130,2026-02-19,2026-08-27
CELEBRITY,Celebrity Fashions Limited,EQ,,5089,2006-01-12,2026-08-27
CELLO,Cello World Limited,EQ,,695,2023-11-06,2026-08-27
CEMPRO,Cemindia Projects Limited,EQ,Construction,5999,2002-07-01,2026-08-27
CENTENKA,Century Enka Limited,EQ,,6651,2000-01-03,2026-08-27
CENTEXT,Century Extrusions Limited,EQ,,6000,2002-07-01,2026-08-27
CENTRALBK,Central Bank of India,EQ,Financial Services,4694,2007-08-21,2026-08-27
CENTRUM,Centrum Capital Limited,EQ,,2079,2018-04-04,2026-08-27
CENTUM,Centum Electronics Limited,EQ,,5686,2003-09-12,2026-08-27
CENTURYPLY,Century Plyboards (India) Limited,EQ,,5042,2006-03-23,2026-08-27
CERA,Cera Sanitaryware Limited,EQ,,4640,2007-11-02,2026-08-27
CEREBRAINT,Cerebra Integrated Technologies Limited,BZ,,3249,2013-06-26,2026-08-27
CESC,CESC Limited,EQ,Power,5999,2002-07-01,2026-08-27
CEWATER,Concord Enviro Systems Limited,EQ,,416,2024-12-27,2026-08-27
CFEL,Confidence Futuristic Energetech Limited,EQ,,6,2026-08-19,2026-08-27
CGCL,Capri Global Capital Limited,EQ,Financial Services,3907,2010-10-29,2026-08-27
CGPOWER,CG Power and Industrial Solutions Limited,EQ,Capital Goods,6003,2002-07-01,2026-08-27
CGVAK,CG Vak Software & Exports Limited,EQ,,7,2026-08-18,2026-08-27
CHALET,Chalet Hotels Limited,EQ,Consumer Services,1868,2019-02-07,2026-08-27
CHAMBLFERT,Chambal Fertilizers & Chemicals Limited,EQ,Chemicals,5999,2002-07-01,2026-08-27
CHEMBOND,Chembond Material Technologies Limited,EQ,,1679,2019-11-20,2026-08-27
CHEMBONDCH,Chembond Chemicals Limited,BE,,273,2025-07-23,2026-08-27
CHEMCON,Chemcon Speciality Chemicals Limited,BE,,1461,2020-10-01,2026-08-27
CHEMCRUX,Chemcrux Enterprises Limited,EQ,,7,2026-08-18,2026-08-27
CHEMFAB,Chemfab Alkalis Limited,EQ,,2061,2018-04-25,2026-08-27
CHEMPLASTS,Chemplast Sanmar Limited,EQ,,1243,2021-08-24,2026-08-27
CHENNPETRO,Chennai Petroleum Corporation Limited,EQ,Oil Gas & Consumable Fuels,6000,2002-07-01,2026-08-27
CHEVIOT,Cheviot Company Limited,EQ,,1038,2022-06-20,2026-08-27
CHOICEIN,Choice International Limited,EQ,Financial Services,1085,2022-04-08,2026-08-27
CHOLAFIN,Cholamandalam Investment and Finance Company Limited,EQ,Financial Services,6000,2002-07-01,2026-08-27
CHOLAHLDNG,Cholamandalam Financial Holdings Limited,EQ,Financial Services,6002,2002-07-01,2026-08-27
CIEINDIA,CIE Automotive India Limited,EQ,Automobile and Auto Components,4684,2007-08-30,2026-08-27
CIFL,Capital India Finance Limited,EQ,,339,2025-04-17,2026-08-27
CINELINE,Cineline India Limited,EQ,,4820,2007-02-14,2026-08-27
CINEVISTA,Cinevista Limited,EQ,,6001,2002-07-01,2026-08-27
CIPLA,Cipla Limited,EQ,Healthcare,6652,2000-01-03,2026-08-27
CLCIND,CLC Industries Limited,BE,,5502,2004-05-25,2026-08-27
CLEAN,Clean Science and Technology Limited,EQ,Chemicals,1266,2021-07-19,2026-08-27
CLEANMAX,Clean Max Enviro Energy Solutions Limited,EQ,,123,2026-03-02,2026-08-27
CLEDUCATE,CL Educate Limited,BE,,2324,2017-04-03,2026-08-27
CLSEL,Chaman Lal Setia Exports Limited,EQ,,1311,2021-05-12,2026-08-27
CMLL,Caliber Mining and Logistics Limited,EQ,,24,2026-07-24,2026-08-27
CMPDI,Central Mine Planning & Design Institute Limited,EQ,,106,2026-03-30,2026-08-27
CMRGREEN,CMR Green Technologies Limited,EQ,,56,2026-06-10,2026-08-27
CMSINFO,CMS Info Systems Limited,EQ,,1153,2021-12-31,2026-08-27
CNL,Creative Newtech Limited,EQ,,2245,2017-07-27,2026-08-27
COALINDIA,Coal India Limited,EQ,Oil Gas & Consumable Fuels,3903,2010-11-04,2026-08-27
COASTCORP,Coastal Corporation Limited,EQ,,1209,2021-10-08,2026-08-27
COCHINSHIP,Cochin Shipyard Limited,EQ,Capital Goods,2237,2017-08-11,2026-08-27
COCKERILL,John Cockerill India Limited,EQ,,91,2026-04-22,2026-08-27
COFFEEDAY,Coffee Day Enterprises Limited,BE,,2673,2015-11-02,2026-08-27
COFORGE,Coforge Limited,EQ,Information Technology,5438,2004-08-30,2026-08-27
COHANCE,Cohance Lifesciences Limited,EQ,Healthcare,1605,2020-03-09,2026-08-27
COLPAL,Colgate Palmolive (India) Limited,EQ,Fast Moving Consumer Goods,6003,2002-07-01,2026-08-27
COMFINTE,Comfort Intech Limited,EQ,,7,2026-08-18,2026-08-27
COMPEAU,Competent Automobiles Company Limited,EQ,,7,2026-08-18,2026-08-27
COMPINFO,Compuage Infocom Limited,BZ,,3924,2010-10-01,2026-08-27
COMPUSOFT,Compucom Software Limited,EQ,,3574,2012-03-02,2026-08-27
COMSYN,Commercial Syn Bags Limited,EQ,,643,2024-01-23,2026-08-27
CONCOR,Container Corporation of India Limited,EQ,Services,6000,2002-07-01,2026-08-27
CONCORDBIO,Concord Biotech Limited,EQ,Healthcare,749,2023-08-18,2026-08-27
CONFIPET,Confidence Petroleum India Limited,EQ,,1448,2020-10-23,2026-08-27
CONSOFINVT,Consolidated Finvest & Holdings Limited,BE,,5999,2002-07-01,2026-08-27
CONTROLPR,Control Print Limited,EQ,,2514,2016-06-24,2026-08-27
CORALFINAC,Coral India Finance & Housing Limited,EQ,,2328,2017-03-29,2026-08-27
CORDELIA,Waterways Leisure Tourism Limited,EQ,,41,2026-07-01,2026-08-27
CORDSCABLE,Cords Cable Industries Limited,BE,,4570,2008-02-13,2026-08-27
COROMANDEL,Coromandel International Limited,EQ,Chemicals,5972,2002-08-12,2026-08-27
CORONA,CORONA Remedies Limited,EQ,,175,2025-12-15,2026-08-27
COSMOFIRST,COSMO FIRST LIMITED,EQ,,6651,2000-01-03,2026-08-27
COUNCODOS,Country Condo's Limited,BE,,6000,2002-07-01,2026-08-27
CPCAP,CP Capital Limited,EQ,,3923,2010-10-06,2026-08-27
CPEDU,Career Point Edutech Limited,EQ,,243,2025-09-05,2026-08-27
CPL,Captain Polyplast Limited,EQ,,26,2026-07-23,2026-08-27
CPPLUS,Aditya Infotech Limited,EQ,Capital Goods,265,2025-08-05,2026-08-27
CRAFTSMAN,Craftsman Automation Limited,EQ,Automobile and Auto Components,1341,2021-03-25,2026-08-27
CRAMC,Canara Robeco Asset Management Company Limited,EQ,,216,2025-10-16,2026-08-27
CRAVATEX,Cravatex Limited,EQ,,6,2026-08-18,2026-08-25
CREATIVEYE,Creative Eye Limited,EQ,,5996,2002-07-01,2026-08-27
CREDITACC,CREDITACCESS GRAMEEN LIMITED,EQ,Financial Services,1980,2018-08-23,2026-08-27
CREST,Crest Ventures Limited,EQ,,4851,2006-12-27,2026-08-27
CRISIL,Crisil Limited,EQ,Financial Services,6002,2002-07-01,2026-08-27
CRIZAC,Crizac Limited,EQ,,284,2025-07-09,2026-08-27
CROMPTON,Crompton Greaves Consumer Electricals Limited,EQ,Consumer Durables,2547,2016-05-13,2026-08-27
CROWN,Crown Lifters Limited,EQ,,2334,2017-03-16,2026-08-27
CRSL,Cressanda Railway Solutions Limited,BE,,6,2026-08-19,2026-08-27
CSBBANK,CSB Bank Limited,EQ,,1670,2019-12-04,2026-08-27
CSLFINANCE,CSL Finance Limited,EQ,,1013,2022-07-21,2026-08-27
CSM,CSM Technologies Limited,EQ,,40,2026-07-02,2026-08-27
CTE,Cambridge Technology Enterprises Limited,BE,,4824,2007-02-07,2026-08-27
CUB,City Union Bank Limited,EQ,Financial Services,6003,2002-07-01,2026-08-27
CUBEXTUB,Cubex Tubings Limited,EQ,,4583,2008-01-25,2026-08-27
CUMMINSIND,Cummins India Limited,EQ,Capital Goods,6000,2002-07-01,2026-08-27
CUPID,Cupid Limited,EQ,,2461,2016-09-16,2026-08-27
CURAA,Cura Technologies Limited,EQ,,5996,2002-07-01,2026-08-27
CYBERMEDIA,Cyber Media (India) Limited,EQ,,5234,2005-06-10,2026-08-27
CYBERTECH,Cybertech Systems And Software Limited,BE,,5998,2002-07-01,2026-08-27
CYIENT,Cyient Limited,EQ,Information Technology,4957,2006-07-28,2026-08-27
CYIENTDLM,Cyient DLM Limited,EQ,,777,2023-07-10,2026-08-27
DABUR,Dabur India Limited,EQ,Fast Moving Consumer Goods,5999,2002-07-01,2026-08-27
DAICHI,Dai-Ichi Karkaria Limited,EQ,,7,2026-08-18,2026-08-27
DALBHARAT,Dalmia Bharat Limited,EQ,Construction Materials,1899,2018-12-21,2026-08-27
DALMIASUG,Dalmia Bharat Sugar and Industries Limited,EQ,,5997,2002-07-01,2026-08-27
DAMCAPITAL,Dam Capital Advisors Limited,EQ,,417,2024-12-27,2026-08-27
DAMODARIND,Damodar Industries Limited,BE,,2509,2016-07-04,2026-08-27
DANGEE,Dangee Dums Limited,EQ,,1960,2018-09-18,2026-08-27
DATAMATICS,Datamatics Global Services Limited,EQ,,5517,2004-05-07,2026-08-27
DATAPATTNS,Data Patterns (India) Limited,EQ,Capital Goods,1159,2021-12-24,2026-08-27
DAVANGERE,Davangere Sugar Company Limited,EQ,,643,2024-01-25,2026-08-27
DBCORP,D.B.Corp Limited,EQ,,4111,2010-01-06,2026-08-27
DBEIL,Deepak Builders & Engineers India Limited,BE,,457,2024-10-28,2026-08-27
DBL,Dilip Buildcon Limited,EQ,,2481,2016-08-11,2026-08-27
DBOL,Dhampur Bio Organics Limited,EQ,,982,2022-09-08,2026-08-27
DBREALTY,Valor Estate Limited,EQ,,4078,2010-02-24,2026-08-27
DBSTOCKBRO,DB (International) Stock Brokers Limited,BE,,3574,2012-02-29,2026-08-27
DCAL,Dishman Carbogen Amcis Limited,EQ,,5528,2004-04-22,2026-08-27
DCBBANK,DCB Bank Limited,EQ,,4896,2006-10-27,2026-08-27
DCI,Dc Infotech And Communication Limited,EQ,,1641,2020-01-10,2026-08-27
DCM,DCM  Limited,BE,,5997,2002-07-01,2026-08-27
DCMFINSERV,DCM Financial Services Limited,EQ,,5965,2002-08-12,2026-08-27
DCMNVL,DCM Nouvelle Limited,EQ,,1763,2019-07-16,2026-08-27
DCMSHRIRAM,DCM Shriram Limited,EQ,Diversified,5998,2002-07-01,2026-08-27
DCMSIL,DCM Shriram International Limited,EQ,,131,2026-02-17,2026-08-27
DCMSRIND,DCM Shriram Industries Limited,EQ,,1158,2021-12-24,2026-08-27
DCW,DCW Limited,EQ,,5999,2002-07-01,2026-08-27
DCXINDIA,DCX Systems Limited,EQ,,941,2022-11-11,2026-08-27
DDEVPLSTIK,Ddev Plastiks Industries Limited,EQ,,402,2025-01-15,2026-08-27
DECCANCE,Deccan Cements Limited,EQ,,5970,2002-08-12,2026-08-27
DECNGOLD,Deccan Gold Mines Limited,EQ,,8,2026-08-18,2026-08-27
DEEDEV,DEE Development Engineers Limited,EQ,,541,2024-06-26,2026-08-27
DEEP,Deep Polymers Limited,EQ,,7,2026-08-18,2026-08-27
DEEPAKFERT,Deepak Fertilizers and Petrochemicals Corporation Limited,EQ,Chemicals,6649,2000-01-03,2026-08-27
DEEPAKNTR,Deepak Nitrite Limited,EQ,Chemicals,3927,2010-09-29,2026-08-27
DEEPINDS,Deep Industries Limited,EQ,,1324,2021-04-27,2026-08-27
DELHIVERY,Delhivery Limited,EQ,Services,1058,2022-05-24,2026-08-27
DELPHIFX,DELPHI WORLD MONEY LIMITED,BE,,3741,2011-06-28,2026-08-27
DELTACORP,Delta Corp Limited,EQ,,4642,2007-11-02,2026-08-27
DELTAMAGNT,Delta Manufacturing Limited,EQ,,5998,2002-07-01,2026-08-27
DEN,Den Networks Limited,EQ,,4138,2009-11-24,2026-08-27
DENORA,De Nora India Limited,EQ,,5998,2002-07-01,2026-08-27
DENTA,Denta Water and Infra Solutions Limited,EQ,,393,2025-01-29,2026-08-27
DEVIT,Dev Information Technology Limited,EQ,,2246,2017-07-27,2026-08-27
DEVX,Dev Accelerator Limited,EQ,,235,2025-09-17,2026-08-27
DEVYANI,Devyani International Limited,EQ,Consumer Services,1247,2021-08-16,2026-08-27
DGCONTENT,Digicontent Limited,EQ,,1781,2019-06-18,2026-08-27
DHABRIYA,Dhabriya Polywood Limited,BE,,7,2026-08-18,2026-08-27
DHAMPURSUG,Dhampur Sugar Mills Limited,EQ,,6000,2002-07-01,2026-08-27
DHANBANK,Dhanlaxmi Bank Limited,EQ,,5542,2004-04-01,2026-08-27
DHANUKA,Dhanuka Agritech Limited,EQ,,3739,2011-06-29,2026-08-27
DHARAN,DHARAN INFRA-EPC LIMITED,BZ,,2079,2018-04-02,2026-08-27
DHARMAJ,Dharmaj Crop Guard Limited,EQ,,920,2022-12-08,2026-08-27
DHATRE,Dhatre Udyog Limited,EQ,,7,2026-08-18,2026-08-27
DHOOTTRANS,Dhoot Transmission Limited,EQ,,9,2026-08-17,2026-08-27
DHRUV,Dhruv Consultancy Services Limited,EQ,,1178,2021-11-25,2026-08-27
DHUNINV,Dhunseri Investments Limited,EQ,,3809,2011-03-18,2026-08-27
DIACABS,Diamond Power Infrastructure Limited,BE,,3928,2010-09-29,2026-08-27
DIAMINESQ,Diamines & Chemicals Limited,EQ,,720,2023-09-25,2026-08-27
DIAMONDYD,Prataap Snacks Limited,EQ,,2198,2017-10-05,2026-08-27
DICIND,DIC India Limited,EQ,,5997,2002-07-01,2026-08-27
DIFFNKG,Diffusion Engineers Limited,EQ,,471,2024-10-04,2026-08-27
DIGIDRIVE,Digidrive Distributors Limited,EQ,,652,2024-01-10,2026-08-27
DIGISPICE,DiGiSPICE Technologies Limited,EQ,,4503,2008-05-27,2026-08-27
DIGITIDE,Digitide Solutions Limited,EQ,,303,2025-06-11,2026-08-27
DIGJAMLMTD,Digjam Limited,EQ,,5999,2002-07-01,2026-08-27
DISAQ,Disa India Limited,EQ,,90,2026-04-21,2026-08-27
DISHTV,Dish TV India Limited,EQ,,4780,2007-04-18,2026-08-27
DIVGIITTS,Divgi Torqtransfer Systems Limited,EQ,,853,2023-03-14,2026-08-27
DIVISLAB,Divi's Laboratories Limited,EQ,Healthcare,5819,2003-03-12,2026-08-27
DIXON,Dixon Technologies (India) Limited,EQ,Consumer Durables,2213,2017-09-18,2026-08-27
DJML,DJ Mediaprint & Logistics Limited,EQ,,923,2022-12-05,2026-08-27
DLF,DLF Limited,EQ,Realty,4726,2007-07-05,2026-08-27
DLINKINDIA,D-Link (India) Limited,EQ,,4121,2009-12-18,2026-08-27
DMART,Avenue Supermarts Limited,EQ,Consumer Services,2336,2017-03-21,2026-08-27
DMCC,DMCC SPECIALITY CHEMICALS LIMITED,EQ,,1173,2021-12-01,2026-08-27
DNAMEDIA,Diligent Media Corporation Limited,EQ,,2153,2017-12-11,2026-08-27
DODLA,Dodla Dairy Limited,EQ,,1279,2021-06-28,2026-08-27
DOLATALGO,Dolat Algotech Limited,EQ,,1740,2019-08-19,2026-08-27
DOLLAR,Dollar Industries Limited,EQ,,2313,2017-04-21,2026-08-27
DOLPHIN,Dolphin Offshore Enterprises (India) Limited,EQ,,4907,2006-10-06,2026-08-27
DOMS,DOMS Industries Limited,EQ,Fast Moving Consumer Goods,665,2023-12-20,2026-08-27
DONEAR,Donear Industries Limited,EQ,,4857,2006-12-20,2026-08-27
DPABHUSHAN,D. P. Abhushan Limited,EQ,,2187,2017-10-23,2026-08-27
DPSCLTD,DPSC Limited,BE,,4527,2008-04-21,2026-08-27
DPWIRES,D P Wires Limited,BE,,2196,2017-10-06,2026-08-27
DRAGARWQ,Dr Agarwals Eye Hospital Limited,EQ,,7,2026-08-18,2026-08-27
DRCSYSTEMS,DRC Systems India Limited,EQ,,1351,2021-03-10,2026-08-27
DREAMFOLKS,Dreamfolks Services Limited,EQ,,984,2022-09-06,2026-08-27
DREDGECORP,Dredging Corporation of India Limited,EQ,,5597,2004-01-15,2026-08-27
DRREDDY,Dr. Reddy's Laboratories Limited,EQ,Healthcare,6650,2000-01-03,2026-08-27
DSFCL,DCM Shriram Fine Chemicals Limited,BE,,132,2026-02-17,2026-08-27
DSKULKARNI,DS Kulkarni Developers Limited,BE,,6647,2000-01-03,2026-08-25
DSSL,Dynacons Systems & Solutions Limited,EQ,,4601,2008-01-01,2026-08-27
DTIL,Dhunseri Tea & Industries Limited,EQ,,2865,2015-01-20,2026-08-27
DUCON,Ducon Infratechnologies Limited,EQ,,3426,2012-10-09,2026-08-27
DVL,Dhunseri Ventures Limited,EQ,,4593,2008-01-11,2026-08-27
DWARKESH,Dwarikesh Sugar Industries Limited,EQ,,5347,2004-12-31,2026-08-27
DYCL,Dynamic Cables Limited,EQ,,1012,2022-07-27,2026-08-27
DYNAMATECH,Dynamatic Technologies Limited,EQ,,4922,2006-09-14,2026-08-27
DYNPRO,Dynemic Products Limited,EQ,,2252,2017-07-19,2026-08-27
E2E,E2E Networks Limited,BE,,2039,2018-05-29,2026-08-27
EASEMYTRIP,Easy Trip Planners Limited,EQ,,1348,2021-03-19,2026-08-27
EASTSILK,Eastern Silk Industries Limited,BE,,6000,2002-07-01,2026-08-27
EASTWEST,East West Freight Carriers Limited,EQ,,7,2026-08-18,2026-08-27
EBGNG,GNG Electronics Limited,EQ,,269,2025-07-30,2026-08-27
EBIX,EBIX Limited,EQ,,7,2026-08-18,2026-08-27
ECLERX,eClerx Services Limited,EQ,Services,4604,2007-12-31,2026-08-27
ECORECO,Eco Recycling Limited,EQ,,7,2026-08-18,2026-08-27
ECOSMOBLTY,Ecos (India) Mobility & Hospitality Limited,BE,,494,2024-09-04,2026-08-27
EDELWEISS,Edelweiss Financial Services Limited,EQ,,4615,2007-12-12,2026-08-27
EFCIL,EFC (I) Limited,EQ,,255,2025-08-20,2026-08-27
EICHERMOT,Eicher Motors Limited,EQ,Automobile and Auto Components,6649,2000-01-03,2026-08-27
EIDPARRY,EID Parry India Limited,EQ,Fast Moving Consumer Goods,6001,2002-07-01,2026-08-27
EIEL,Enviro Infra Engineers Limited,EQ,,436,2024-11-29,2026-08-27
EIFFL,Euro India Fresh Foods Limited,BE,,2324,2017-03-31,2026-08-27
EIHAHOTELS,EIH Associated Hotels Limited,EQ,,4534,2008-04-08,2026-08-27
EIHOTEL,EIH Limited,EQ,Consumer Services,6652,2000-01-03,2026-08-27
EIMCOELECO,Eimco Elecon (India) Limited,EQ,,5997,2002-07-01,2026-08-27
EKC,Everest Kanto Cylinder Limited,EQ,,5108,2005-12-15,2026-08-27
EKI,EKI Energy Services Limited,EQ,,7,2026-08-18,2026-08-27
ELANTAS,Elantas Beck India Limited,EQ,,90,2026-04-22,2026-08-27
ELCIDIN,EL CID Investments Limited,EQ,,90,2026-04-20,2026-08-26
ELDEHSG,Eldeco Housing And Industries Limited,EQ,,1082,2022-04-12,2026-08-27
ELECON,Elecon Engineering Company Limited,EQ,Capital Goods,4912,2006-09-29,2026-08-27
ELECTCAST,Electrosteel Castings Limited,EQ,,6000,2002-07-01,2026-08-27
ELECTHERM,Electrotherm (India) Limited,EQ,,4694,2007-08-20,2026-08-27
ELGIEQUIP,Elgi Equipments Limited,EQ,Capital Goods,6000,2002-07-01,2026-08-27
ELGIRUBCO,Elgi Rubber Company Limited,EQ,,4602,2008-01-01,2026-08-27
ELIN,Elin Electronics Limited,EQ,,904,2022-12-30,2026-08-27
ELITECON,Elitecon International Limited,EQ,,7,2026-08-18,2026-08-27
ELLEN,Ellenbarrie Industrial Gases Limited,EQ,,290,2025-07-01,2026-08-27
ELPROINTL,Elpro International Limited,EQ,,90,2026-04-22,2026-08-27
EMAMILTD,Emami Limited,EQ,Fast Moving Consumer Goods,4952,2006-08-03,2026-08-27
EMAMIPAP,Emami Paper Mills Limited,BE,,463,2024-10-17,2026-08-27
EMAMIREAL,Emami Realty Limited,EQ,,5970,2002-08-12,2026-08-27
EMBDL,Embassy Developments Limited,EQ,,5416,2004-09-24,2026-08-27
EMCURE,Emcure Pharmaceuticals Limited,EQ,Healthcare,531,2024-07-10,2026-08-27
EMIL,Electronics Mart India Limited,EQ,,957,2022-10-17,2026-08-27
EMKAY,Emkay Global Financial Services Limited,EQ,,5019,2006-04-28,2026-08-27
EMMBI,Emmbi Industries Limited,BE,,4076,2010-02-24,2026-08-27
EMMVEE,Emmvee Photovoltaic Power Limited,EQ,Capital Goods,196,2025-11-18,2026-08-27
EMPIND,Empire Industries Limited,EQ,,7,2026-08-18,2026-08-27
EMPOWER,Empower India Limited,EQ,,6,2026-08-19,2026-08-27
EMSLIMITED,EMS Limited,EQ,,727,2023-09-21,2026-08-27
EMUDHRA,eMudhra Limited,EQ,,1050,2022-06-01,2026-08-27
ENDURANCE,Endurance Technologies Limited,EQ,Automobile and Auto Components,2440,2016-10-19,2026-08-27
ENERGYDEV,Energy Development Company Limited,EQ,,4639,2007-11-02,2026-08-27
ENGINERSIN,Engineers India Limited,EQ,Construction,6653,2000-01-03,2026-08-27
ENIL,Entertainment Network (India) Limited,EQ,,5066,2006-02-16,2026-08-27
ENKEIWHEL,Enkei Wheels (India) Limited,EQ,,7,2026-08-18,2026-08-27
ENRIN,Siemens Energy India Limited,EQ,Capital Goods,299,2025-06-19,2026-08-27
ENTERO,Entero Healthcare Solutions Limited,EQ,,626,2024-02-16,2026-08-27
EPACK,EPACK Durable Limited,EQ,,641,2024-01-30,2026-08-27
EPACKPEB,EPack Prefab Technologies Limited,EQ,,224,2025-10-06,2026-08-27
EPIGRAL,Epigral Limited,EQ,,1243,2021-08-18,2026-08-27
EPL,EPL Limited,EQ,,6002,2002-07-01,2026-08-27
EQUIPPP,Equippp Social Impact Technologies Limited,BE,,4787,2007-04-03,2026-08-27
EQUITASBNK,Equitas Small Finance Bank Limited,EQ,,1443,2020-11-02,2026-08-27
ERIS,Eris Lifesciences Limited,EQ,Healthcare,2265,2017-06-30,2026-08-27
ESABINDIA,Esab India Limited,EQ,,5997,2002-07-01,2026-08-27
ESAFSFB,ESAF Small Finance Bank Limited,BE,,692,2023-11-10,2026-08-27
ESCORTS,Escorts Kubota Limited,EQ,Capital Goods,6650,2000-01-03,2026-08-27
ESSARSHPNG,Essar Shipping Limited,EQ,,3649,2011-11-15,2026-08-27
ESSENTIA,Integra Essentia Limited,EQ,,3212,2013-08-20,2026-08-27
ESTER,Ester Industries Limited,EQ,,3748,2011-06-20,2026-08-27
ETERNAL,ETERNAL LIMITED,EQ,Consumer Services,1264,2021-07-23,2026-08-27
ETHOSLTD,Ethos Limited,EQ,,1052,2022-05-30,2026-08-27
EUREKAFORB,Eureka Forbes Limited,EQ,,488,2024-09-11,2026-08-27
EUROBOND,Euro Panel Products Limited,EQ,,1145,2022-01-07,2026-08-27
EUROPRATIK,Euro Pratik Sales Limited,EQ,,231,2025-09-23,2026-08-27
EUROTEXIND,Eurotex Industries and Exports Limited,BE,,5964,2002-08-12,2026-08-25
EVEREADY,Eveready Industries India Limited,EQ,,6001,2002-07-01,2026-08-27
EVERESTIND,Everest Industries Limited,BE,,5998,2002-07-01,2026-08-27
EXCELINDUS,Excel Industries Limited,EQ,,5999,2002-07-01,2026-08-27
EXCELSOFT,Excelsoft Technologies Limited,EQ,,190,2025-11-26,2026-08-27
EXICOM,Exicom Tele-Systems Limited,EQ,,616,2024-03-05,2026-08-27
EXIDEIND,Exide Industries Limited,EQ,Automobile and Auto Components,6003,2002-07-01,2026-08-27
EXPLEOSOL,Expleo Solutions Limited,EQ,,4157,2009-10-26,2026-08-27
EXXARO,Exxaro Tiles Limited,EQ,,1245,2021-08-16,2026-08-27
FABTECH,Fabtech Technologies Limited,EQ,,222,2025-10-07,2026-08-27
FACT,Fertilizers and Chemicals Travancore Limited,EQ,Chemicals,6000,2002-07-01,2026-08-27
FAIRCHEMOR,Fairchem Organics Limited,BE,,1403,2020-12-24,2026-08-27
FAZE3Q,Faze Three Limited,EQ,,934,2022-11-18,2026-08-27
FCL,Fineotex Chemical Limited,EQ,,2871,2015-01-15,2026-08-27
FCSSOFT,FCS Software Solutions Limited,EQ,,5167,2005-09-21,2026-08-27
FDC,FDC Limited,EQ,,5999,2002-07-01,2026-08-27
FEDDERSHOL,Fedders Holding Limited,EQ,,8,2026-08-18,2026-08-27
FEDERALBNK,The Federal Bank  Limited,EQ,Financial Services,6652,2000-01-03,2026-08-27
FEDFINA,Fedbank Financial Services Limited,EQ,,681,2023-11-30,2026-08-27
FEL,Future Enterprises Limited,BZ,,6000,2002-07-01,2026-08-27
FELDVR,Future Enterprises Limited,BZ,,4861,2006-12-12,2026-08-27
FERMENTA,Fermenta Biotech Limited,EQ,,7,2026-08-18,2026-08-27
FIBERWEB,Fiberweb (India) Limited,EQ,,1119,2022-02-16,2026-08-27
FIEMIND,Fiem Industries Limited,EQ,,4900,2006-10-19,2026-08-27
FILATEX,Filatex India Limited,EQ,,3699,2011-08-29,2026-08-27
FILATFASH,Filatex Fashions Limited,EQ,,576,2024-05-06,2026-08-27
FINCABLES,Finolex Cables Limited,EQ,Capital Goods,6002,2002-07-01,2026-08-27
FINEORG,Fine Organic Industries Limited,EQ,,2016,2018-07-02,2026-08-27
FINKURVE,Finkurve Financial Services Limited,EQ,,223,2025-10-06,2026-08-27
FINOPB,Fino Payments Bank Limited,EQ,,1187,2021-11-12,2026-08-27
FINPIPE,Finolex Industries Limited,EQ,,5997,2002-07-01,2026-08-27
FIRSTCRY,Brainbees Solutions Limited,EQ,Consumer Services,510,2024-08-13,2026-08-27
FISCHER,Fischer Medical Ventures Limited,EQ,,283,2025-07-10,2026-08-27
FIVESTAR,Five-Star Business Finance Limited,EQ,Financial Services,933,2022-11-21,2026-08-27
FLAIR,Flair Writing Industries Limited,EQ,,678,2023-12-01,2026-08-27
FLEXITUFF,Flexituff Ventures International Limited,BE,,3663,2011-10-19,2026-08-27
FLFL,Future Lifestyle Fashions Limited,BZ,,3183,2013-10-01,2026-08-27
FLUOROCHEM,Gujarat Fluorochemicals Limited,EQ,Chemicals,1703,2019-10-16,2026-08-27
FMGOETZE,Federal-Mogul Goetze (India) Limited.,EQ,,5997,2002-07-01,2026-08-27
FMNL,Future Market Networks Limited,EQ,,3862,2010-12-31,2026-08-27
FOCUS,Focus Lighting and Fixtures Limited,BE,,2243,2017-07-27,2026-08-27
FOODSIN,Foods & Inns Limited,EQ,,1184,2021-11-16,2026-08-27
FORCEMOT,FORCE MOTORS LTD,EQ,Automobile and Auto Components,1700,2019-08-19,2026-08-27
FORTIS,Fortis Healthcare Limited,EQ,Healthcare,4767,2007-05-09,2026-08-27
FOSECOIND,Foseco India Limited,EQ,,5998,2002-07-01,2026-08-27
FRACTAL,Fractal Analytics Limited,EQ,,133,2026-02-16,2026-08-27
FREDUN,Fredun Pharmaceuticals Limited,EQ,,8,2026-08-18,2026-08-27
FRONTSP,Frontier Springs Limited,EQ,,8,2026-08-18,2026-08-27
FSL,Firstsource Solutions Limited,EQ,Services,4816,2007-02-22,2026-08-27
FUSION,Fusion Finance Limited,EQ,,937,2022-11-15,2026-08-27
GABRIEL,Gabriel India Limited,EQ,Automobile and Auto Components,5274,2005-04-20,2026-08-27
GAEL,Gujarat Ambuja Exports Limited,EQ,,6002,2002-07-01,2026-08-27
GAIL,GAIL (India) Limited,EQ,Oil Gas & Consumable Fuels,6650,2000-01-03,2026-08-27
GAJA,Gaja Alternative Asset Management Limited,EQ,,2,2026-08-26,2026-08-27
GALAPREC,Gala Precision Engineering Limited,EQ,,491,2024-09-09,2026-08-27
GALAXYSURF,Galaxy Surfactants Limited,EQ,,2111,2018-02-08,2026-08-27
GALLANTT,Gallantt Ispat Limited,EQ,Capital Goods,5034,2006-04-04,2026-08-27
GANDHAR,Gandhar Oil Refinery (India) Limited,EQ,,681,2023-11-30,2026-08-27
GANDHITUBE,Gandhi Special Tubes Limited,EQ,,4829,2007-01-31,2026-08-27
GANECOS,Ganesha Ecosphere Limited,EQ,,2836,2015-03-09,2026-08-27
GANESHBE,Ganesh Benzoplast Limited,BE,,1225,2021-09-16,2026-08-27
GANESHCP,Ganesh Consumer Products Limited,EQ,,226,2025-09-29,2026-08-27
GANESHHOU,GANESH HOUSING LIMITED,EQ,,4809,2007-03-02,2026-08-27
GANGAFORGE,Ganga Forging Limited,EQ,,1997,2018-07-25,2026-08-27
GANGESSECU,Ganges Securities Limited,EQ,,2243,2017-07-31,2026-08-27
GARFIBRES,Garware Technical Fibres Limited,EQ,,5971,2002-08-12,2026-08-27
GARUDA,Garuda Construction and Engineering Limited,EQ,,466,2024-10-15,2026-08-27
GATECH,GACM Technologies Limited,BE,,2494,2016-07-25,2026-08-27
GATECHDVR,GACM Technologies Limited,BE,,2194,2017-10-10,2026-08-27
GATEWAY,Gateway Distriparks Limited,EQ,,1099,2022-03-22,2026-08-27
GAUDIUMIVF,Gaudium IVF and Women Health Limited,BE,,124,2026-02-27,2026-08-27
GAYAHWS,Gayatri Highways Limited,EQ,,2017,2018-06-28,2026-08-27
GAYAPROJ,Gayatri Projects Limited,BE,,3704,2011-08-22,2026-08-27
GCSL,Gretex Corporate Services Limited,EQ,,244,2025-09-04,2026-08-27
GEECEE,GeeCee Ventures Limited,BE,,4909,2006-10-04,2026-08-27
GEEKAYWIRE,Geekay Wires Limited,EQ,,2227,2017-08-24,2026-08-27
GEMAROMA,Gem Aromatics Limited,EQ,,250,2025-08-26,2026-08-27
GENCON,Generic Engineering Construction and Projects Limited,EQ,,1370,2021-02-16,2026-08-27
GENESYS,Genesys International Corporation Limited,EQ,,5854,2003-01-23,2026-08-27
GENSOL,Gensol Engineering Limited,BZ,,782,2023-07-03,2026-08-27
GENUSPAPER,Genus Paper & Boards Limited,EQ,,2848,2015-02-16,2026-08-27
GENUSPOWER,Genus Power Infrastructures Limited,EQ,,5218,2005-07-08,2026-08-27
GEOJITFSL,Geojit Financial Services Limited,EQ,,5221,2005-07-01,2026-08-27
GESHIP,The Great Eastern Shipping Company Limited,EQ,Services,6003,2002-07-01,2026-08-27
GFLLIMITED,GFL Limited,EQ,,6000,2002-07-01,2026-08-27
GHCL,GHCL Limited,EQ,,6649,2000-01-03,2026-08-27
GHCLTEXTIL,GHCL Textiles Limited,EQ,,795,2023-06-12,2026-08-27
GICHSGFIN,GIC Housing Finance Limited,EQ,,6651,2000-01-03,2026-08-27
GICL,Globe International Carriers Limited,EQ,,2335,2017-03-15,2026-08-27
GICRE,General Insurance Corporation of India,EQ,Financial Services,2188,2017-10-25,2026-08-27
GILLANDERS,Gillanders Arbuthnot & Company Limited,EQ,,4124,2009-12-14,2026-08-27
GILLETTE,Gillette India Limited,EQ,Fast Moving Consumer Goods,5999,2002-07-01,2026-08-27
GINNIFILA,Ginni Filaments Limited,BE,,5998,2002-07-01,2026-08-27
GIPCL,Gujarat Industries Power Company Limited,EQ,,6000,2002-07-01,2026-08-27
GKB,GKB Ophthalmics Limited,EQ,,11,2026-08-11,2026-08-25
GKENERGY,GK Energy Limited,EQ,,229,2025-09-26,2026-08-27
GKSL,Gujarat Kidney And Super Speciality Limited,EQ,,166,2025-12-30,2026-08-27
GKWLIMITED,GKW Limited,EQ,,6000,2002-07-01,2026-08-27
GLAND,Gland Pharma Limited,EQ,Healthcare,1427,2020-11-20,2026-08-27
GLAXO,GlaxoSmithKline Pharmaceuticals Limited,EQ,Healthcare,6000,2002-07-01,2026-08-27
GLENMARK,Glenmark Pharmaceuticals Limited,EQ,Healthcare,6003,2002-07-01,2026-08-27
GLFL,Gujarat Lease Financing Limited,EQ,,5996,2002-07-01,2026-08-27
GLOBAL,Global Education Limited,EQ,,2336,2017-03-15,2026-08-27
GLOBALE,Globale Tessile Limited,EQ,,499,2024-08-27,2026-08-27
GLOBALVECT,Global Vectra Helicorp Limited,EQ,,4893,2006-10-27,2026-08-27
GLOBE,GLOBE ENTERPRISES (INDIA) LIMITED,EQ,,2004,2018-07-13,2026-08-27
GLOBECIVIL,Globe Civil Projects Limited,EQ,,289,2025-07-01,2026-08-27
GLOBUSSPR,Globus Spirits Limited,EQ,,4178,2009-09-23,2026-08-27
GLOSTERLTD,Gloster Limited,EQ,,581,2024-04-26,2026-08-27
GLOTTIS,Glottis Limited,EQ,,224,2025-10-07,2026-08-27
GMBREW,GM Breweries Limited,EQ,,6000,2002-07-01,2026-08-27
GMDCLTD,Gujarat Mineral Development Corporation Limited,EQ,Metals & Mining,6003,2002-07-01,2026-08-27
GMMPFAUDLR,GMM Pfaudler Limited,EQ,,2097,2018-03-05,2026-08-27
GMRAIRPORT,GMR AIRPORTS LIMITED,EQ,Services,4942,2006-08-21,2026-08-27
GMRP&UI,GMR Power and Urban Infra Limited,EQ,,1098,2022-03-23,2026-08-27
GNA,GNA Axles Limited,EQ,,2454,2016-09-26,2026-08-27
GNFC,Gujarat Narmada Valley Fertilizers and Chemicals Limited,EQ,,6000,2002-07-01,2026-08-27
GNRL,Gujarat Natural Resources Limited,EQ,,7,2026-08-18,2026-08-27
GOACARBON,Goa Carbon Limited,EQ,,4746,2007-06-05,2026-08-27
GOCLCORP,GOCL Corporation Limited,EQ,,4636,2007-11-08,2026-08-27
GOCOLORS,Go Fashion (India) Limited,EQ,,1176,2021-11-30,2026-08-27
GODAVARIB,Godavari Biorefineries Limited,EQ,,454,2024-10-30,2026-08-27
GODFRYPHLP,Godfrey Phillips India Limited,EQ,Fast Moving Consumer Goods,6650,2000-01-03,2026-08-27
GODIGIT,Go Digit General Insurance Limited,EQ,Financial Services,565,2024-05-23,2026-08-27
GODREJAGRO,Godrej Agrovet Limited,EQ,,2193,2017-10-16,2026-08-27
GODREJCP,Godrej Consumer Products Limited,EQ,Fast Moving Consumer Goods,6003,2002-07-01,2026-08-27
GODREJIND,Godrej Industries Limited,EQ,Diversified,6003,2002-07-01,2026-08-27
GODREJPROP,Godrej Properties Limited,EQ,Realty,4114,2010-01-05,2026-08-27
GOKEX,Gokaldas Exports Limited,EQ,,5269,2005-04-27,2026-08-27
GOKUL,Gokul Refoils and Solvent Limited,EQ,,4497,2008-06-04,2026-08-27
GOKULAGRO,Gokul Agro Resources Limited,EQ,,2585,2016-03-14,2026-08-27
GOLDENTOBC,Golden Tobacco Limited,BZ,,5997,2002-07-01,2026-08-27
GOLDIAM,Goldiam International Limited,EQ,,5183,2005-08-29,2026-08-27
GOLDTECH,AION-TECH SOLUTIONS LIMITED,BE,,5998,2002-07-01,2026-08-27
GOODLUCK,Goodluck India Limited,EQ,,2466,2016-09-07,2026-08-27
GOODYEAR,Goodyear India Limited,EQ,,6072,2000-01-03,2026-08-27
GOPAL,Gopal Snacks Limited,EQ,,608,2024-03-14,2026-08-27
GOYALALUM,Goyal Aluminiums Limited,EQ,,942,2022-11-04,2026-08-27
GPIL,Godawari Power And Ispat limited,EQ,Capital Goods,5024,2006-04-25,2026-08-27
GPPL,Gujarat Pipavav Port Limited,EQ,,3942,2010-09-09,2026-08-27
GPTHEALTH,GPT Healthcare Limited,EQ,,616,2024-02-29,2026-08-27
GPTINFRA,GPT Infraprojects Limited,EQ,,2505,2016-07-11,2026-08-27
GRADIENTE,Gradiente Infotainment Limited,EQ,,80,2026-05-08,2026-08-27
GRANDOAK,Grand Oak Canyons Distillery Limited,EQ,,7,2026-08-18,2026-08-27
GRANULES,Granules India Limited,EQ,Healthcare,5231,2005-06-20,2026-08-27
GRAPHITE,Graphite India Limited,EQ,Capital Goods,6000,2002-07-01,2026-08-27
GRASIM,Grasim Industries Limited,EQ,Construction Materials,6000,2002-07-01,2026-08-27
GRAUWEIL,Grauer & Weil India Limited,EQ,,675,2021-08-05,2026-08-27
GRAVISSHO,Graviss Hospitality Limited,EQ,,6,2026-08-18,2026-08-25
GRAVITA,Gravita India Limited,EQ,Metals & Mining,3895,2010-11-16,2026-08-27
GREAVESCOT,Greaves Cotton Limited,EQ,,5971,2002-08-12,2026-08-27
GREENLAM,Greenlam Industries Limited,EQ,,2838,2015-03-02,2026-08-27
GREENPANEL,Greenpanel Industries Limited,EQ,,1699,2019-10-23,2026-08-27
GREENPLY,Greenply Industries Limited,EQ,,5999,2002-07-03,2026-08-27
GREENPOWER,Orient Green Power Company Limited,EQ,,3921,2010-10-08,2026-08-27
GRINDWELL,Grindwell Norton Limited,EQ,,4925,2006-09-11,2026-08-27
GRINFRA,G R Infraprojects Limited,EQ,,1266,2021-07-19,2026-08-27
GRMOVER,GRM Overseas Limited,EQ,,984,2022-09-07,2026-08-27
GROBTEA,The Grob Tea Company Limited,EQ,,2503,2016-07-14,2026-08-27
GROWW,Billionbrains Garage Ventures Limited,EQ,Financial Services,200,2025-11-12,2026-08-27
GRPLTD,GRP Limited,EQ,,2849,2015-02-12,2026-08-27
GRSE,Garden Reach Shipbuilders & Engineers Limited,EQ,Capital Goods,1940,2018-10-24,2026-08-27
GRWRHITECH,Garware Hi-Tech Films Limited,EQ,,1131,2022-02-03,2026-08-27
GSFC,Gujarat State Fertilizers & Chemicals Limited,EQ,,6650,2000-01-03,2026-08-27
GSLSU,Global Surfaces Limited,EQ,,846,2023-03-23,2026-08-27
GSPCROP,GSP Crop Science Limited,EQ,,108,2026-03-24,2026-08-27
GSS,GSS Infotech Limited,EQ,,4554,2008-03-07,2026-08-27
GTECJAINX,G-TEC JAINX EDUCATION LIMITED,BE,,2234,2017-08-07,2026-08-27
GTL,GTL Limited,EQ,,5999,2002-07-01,2026-08-27
GTLINFRA,GTL Infrastructure Limited,EQ,,5969,2002-08-12,2026-08-27
GTPL,GTPL Hathway Limited,EQ,,2264,2017-07-04,2026-08-27
GUFICBIO,Gufic Biosciences Limited,EQ,,5401,2004-10-19,2026-08-27
GUJALKALI,Gujarat Alkalies and Chemicals Limited,EQ,,6651,2000-01-03,2026-08-27
GUJAPOLLO,Gujarat Apollo Industries Limited,EQ,,4746,2007-06-04,2026-08-27
GUJENERGY,GUJARAT ENERGY LIMITED,EQ,,2704,2015-09-15,2026-08-27
GUJRAFFIA,Gujarat Raffia Industries Limited,EQ,,1907,2017-12-06,2026-08-26
GUJTHEM,Gujarat Themis Biosyn Limited,EQ,,373,2025-02-25,2026-08-27
GULFOILLUB,Gulf Oil Lubricants India Limited,EQ,,2981,2014-07-31,2026-08-27
GULFPETRO,GP Petroleums Limited,BE,,5415,2004-09-24,2026-08-27
GULPOLY,Gulshan Polyols Limited,EQ,,2861,2015-01-28,2026-08-27
GVKPIL,GVK Power & Infrastructure Limited,BE,,5061,2006-02-27,2026-08-27
GVPIL,GE Power India Limited,EQ,,6000,2002-07-01,2026-08-27
GVPTECH,GVP Infotech Limited,EQ,,2335,2017-03-15,2026-08-27
GVT&D,GE Vernova T&D India Limited,EQ,Capital Goods,5973,2002-08-12,2026-08-27
GYFTR,Gyftr Limited,EQ,,34,2026-07-10,2026-08-27
HAL,Hindustan Aeronautics Limited,EQ,Capital Goods,2081,2018-04-02,2026-08-27
HALDER,Halder Venture Limited,EQ,,150,2026-01-19,2026-08-25
HALDYNGL,Haldyn Glass Limited,BE,,7,2026-08-18,2026-08-27
HALEOSLABS,HALEOS LABS LIMITED,EQ,,2230,2017-08-18,2026-08-27
HAMPTON,Hampton Sky Realty Limited,EQ,,7,2026-08-18,2026-08-27
HAPPSTMNDS,Happiest Minds Technologies Limited,EQ,,1474,2020-09-17,2026-08-27
HAPPYFORGE,Happy Forgings Limited,EQ,,662,2023-12-27,2026-08-27
HARDWYN,Hardwyn India Limited,EQ,,1084,2022-04-12,2026-08-27
HARIOMPIPE,Hariom Pipe Industries Limited,EQ,,1083,2022-04-13,2026-08-27
HARRMALAYA,Harrisons  Malayalam Limited,EQ,,5999,2002-07-01,2026-08-27
HARSHA,Harsha Engineers International Limited,EQ,,971,2022-09-26,2026-08-27
HATHWAY,Hathway Cable & Datacom Limited,EQ,,4078,2010-02-25,2026-08-27
HATSUN,Hatsun Agro Product Limited,EQ,,3008,2014-06-20,2026-08-27
HAVELLS,Havells India Limited,EQ,Consumer Durables,6001,2002-07-01,2026-08-27
HAVISHA,Sri Havisha Hospitality and Infrastructure Limited,EQ,,2069,2018-04-13,2026-08-27
HAWKINCOOK,Hawkins Cookers Limited,EQ,,89,2026-04-23,2026-08-27
HAZOOR,Hazoor Multi Projects Limited,EQ,,4,2026-08-21,2026-08-27
HBESD,HB Estate Developers Limited,EQ,,7,2026-08-18,2026-08-27
HBLENGINE,HBL Engineering Limited,EQ,Capital Goods,4848,2007-01-04,2026-08-27
HBPOR,HB Portfolio Limited,EQ,,7,2026-08-18,2026-08-27
HBSL,HB Stockholdings Limited,EQ,,5999,2002-07-01,2026-08-27
HCC,Hindustan Construction Company Limited,EQ,,6653,2000-01-03,2026-08-27
HCG,Healthcare Global Enterprises Limited,EQ,,2574,2016-03-31,2026-08-27
HCL-INSYS,HCL Infosystems Limited,EQ,,5969,2002-08-12,2026-08-27
HCLTECH,HCL Technologies Limited,EQ,Information Technology,5974,2002-08-12,2026-08-27
HDBFS,HDB Financial Services Limited,EQ,Financial Services,290,2025-07-02,2026-08-27
HDFCAMC,HDFC Asset Management Company Limited,EQ,Financial Services,1991,2018-08-06,2026-08-27
HDFCBANK,HDFC Bank Limited,EQ,Financial Services,6653,2000-01-03,2026-08-27
HDFCLIFE,HDFC Life Insurance Company Limited,EQ,Financial Services,2171,2017-11-17,2026-08-27
HDIL,Housing Development and Infrastructure Limited,BZ,,4710,2007-07-24,2026-08-27
HEADSUP,Heads UP Ventures Limited,EQ,,2399,2016-12-14,2026-08-27
HEALTHX,Health X Platform Limited,EQ,,3922,2010-10-05,2026-08-27
HECPROJECT,HEC Infra Projects Limited,EQ,,2332,2017-03-21,2026-08-27
HEG,HEG Limited,EQ,Capital Goods,6000,2002-07-01,2026-08-27
HEIDELBERG,HeidelbergCement India Limited,EQ,,6649,2000-01-03,2026-08-27
HEMIPROP,Hemisphere Properties India Limited,EQ,,1450,2020-10-22,2026-08-27
HERANBA,Heranba Industries Limited,EQ,,1356,2021-03-05,2026-08-27
HERITGFOOD,Heritage Foods Limited,EQ,,6000,2002-07-01,2026-08-27
HEROMOTOCO,Hero MotoCorp Limited,EQ,Automobile and Auto Components,6000,2002-07-01,2026-08-27
HESTERBIO,Hester Biosciences Limited,EQ,,2831,2015-03-13,2026-08-27
HEXAGON,Hexagon Nutrition Limited,BE,,54,2026-06-12,2026-08-27
HEXATRADEX,Hexa Tradex Limited,EQ,,3540,2012-04-20,2026-08-25
HEXT,Hexaware Technologies Limited,EQ,Information Technology,377,2025-02-19,2026-08-27
HFCL,HFCL Limited,EQ,Telecommunication,5969,2002-08-12,2026-08-27
HGINFRA,H.G. Infra Engineering Limited,EQ,,2094,2018-03-09,2026-08-27
HGM,HandsOn Global Management (HGM) Limited,EQ,,4913,2006-09-27,2026-08-27
HGS,Hinduja Global Solutions Limited,EQ,,5968,2002-08-12,2026-08-27
HIKAL,Hikal Limited,EQ,,5999,2002-07-01,2026-08-27
HILINFRA,Highway Infrastructure Limited,EQ,,260,2025-08-12,2026-08-27
HILTON,Hilton Metal Forging Limited,EQ,,4754,2007-05-24,2026-08-27
HIMATSEIDE,Himatsingka Seide Limited,EQ,,5999,2002-07-01,2026-08-27
HINDADH,Hindustan Adhesives Limited,EQ,,8,2026-08-18,2026-08-27
HINDALCO,Hindalco Industries Limited,EQ,Metals & Mining,6653,2000-01-03,2026-08-27
HINDALUMI,Hind Aluminium Industries Limited,EQ,,7,2026-08-18,2026-08-27
HINDCOMPOS,Hindustan Composites Limited,EQ,,6000,2002-07-01,2026-08-27
HINDCON,Hindcon Chemicals Limited,EQ,,2091,2018-03-12,2026-08-27
HINDCOPPER,Hindustan Copper Limited,EQ,Metals & Mining,4111,2010-01-08,2026-08-27
HINDOILEXP,Hindustan Oil Exploration Company Limited,EQ,,6649,2000-01-03,2026-08-27
HINDPETRO,Hindustan Petroleum Corporation Limited,EQ,Oil Gas & Consumable Fuels,6650,2000-01-03,2026-08-27
HINDUNILVR,Hindustan Unilever Limited,EQ,Fast Moving Consumer Goods,6653,2000-01-03,2026-08-27
HINDWAREAP,Hindware Home Innovation Limited,EQ,,1654,2019-12-26,2026-08-27
HINDZINC,Hindustan Zinc Limited,EQ,Metals & Mining,5973,2002-08-12,2026-08-27
HIRECT,Hirect Limited,EQ,,4853,2006-12-27,2026-08-27
HISARMETAL,Hisar Metal Industries Limited,EQ,,2382,2017-01-05,2026-08-25
HITECH,Hi-Tech Pipes Limited,EQ,,2596,2016-02-25,2026-08-27
HITECHCORP,Hitech Corporation Limited,BE,,4606,2007-12-20,2026-08-27
HITECHGEAR,The Hi-Tech Gears Limited,BE,,5772,2003-05-15,2026-08-27
HLEGLAS,HLE Glascoat Limited,EQ,,1365,2021-02-22,2026-08-27
HLVLTD,HLV LIMITED,EQ,,6001,2002-07-01,2026-08-27
HMAAGRO,HMA Agro Industries Limited,EQ,,781,2023-07-04,2026-08-27
HMT,HMT Limited,BZ,,5997,2002-07-01,2026-08-27
HMVL,Hindustan Media Ventures Limited,BE,,3976,2010-07-21,2026-08-27
HNDFDS,Hindustan Foods Limited,EQ,,1740,2019-08-19,2026-08-27
HOMEFIRST,Home First Finance Company India Limited,EQ,Financial Services,1377,2021-02-03,2026-08-27
HONASA,Honasa Consumer Limited,EQ,Fast Moving Consumer Goods,695,2023-11-07,2026-08-27
HONAUT,Honeywell Automation India Limited,EQ,Capital Goods,6000,2002-07-01,2026-08-27
HONDAPOWER,Honda India Power Products Limited,EQ,,5997,2002-07-01,2026-08-27
HORIZONIND,Horizon Industrial Parks Limited,EQ,,3,2026-08-24,2026-08-27
HPAL,HP Adhesives Limited,EQ,,1156,2021-12-27,2026-08-27
HPIL,Hindprakash Industries Limited,EQ,,1620,2020-02-11,2026-08-27
HPL,HPL Electric & Power Limited,EQ,,2448,2016-10-04,2026-08-27
HRYNSHP,Hariyana Ship Breakers Limited,EQ,,6,2026-08-18,2026-08-25
HSCL,Himadri Speciality Chemical Limited,EQ,Chemicals,4811,2007-03-02,2026-08-27
HTMEDIA,HT Media Limited,EQ,,5177,2005-09-01,2026-08-27
HUBTOWN,Hubtown Limited,EQ,,4826,2007-02-07,2026-08-27
HUDCO,Housing & Urban Development Corporation Limited,EQ,Financial Services,2296,2017-05-19,2026-08-27
HUHTAMAKI,Huhtamaki India Limited,EQ,,6002,2002-07-01,2026-08-27
HYBRIDFIN,Hybrid Financial Services Limited,BE,,922,2022-12-06,2026-08-27
HYUNDAI,Hyundai Motor India Limited,EQ,Automobile and Auto Components,461,2024-10-22,2026-08-27
IBULLSLTD,Indiabulls Limited,EQ,,3707,2011-08-18,2026-08-27
ICDSLTD,ICDS Limited,EQ,,1273,2021-07-06,2026-08-27
ICEMAKE,Ice Make Refrigeration Limited,EQ,,2154,2017-12-08,2026-08-27
ICICIAMC,ICICI Prudential Asset Management Company Limited,EQ,Financial Services,173,2025-12-19,2026-08-27
ICICIBANK,ICICI Bank Limited,EQ,Financial Services,6000,2002-07-01,2026-08-27
ICICIGI,ICICI Lombard General Insurance Company Limited,EQ,Financial Services,2206,2017-09-27,2026-08-27
ICICIPRULI,ICICI Prudential Life Insurance Company Limited,EQ,Financial Services,2452,2016-09-29,2026-08-27
ICIL,Indo Count Industries Limited,EQ,,5174,2005-09-12,2026-08-27
ICRA,ICRA Limited,EQ,,4780,2007-04-13,2026-08-27
IDBI,IDBI Bank Limited,EQ,Financial Services,6653,2000-01-03,2026-08-27
IDEA,Vodafone Idea Limited,EQ,Telecommunication,4806,2007-03-09,2026-08-27
IDEAFORGE,Ideaforge Technology Limited,EQ,,779,2023-07-07,2026-08-27
IDFCFIRSTB,IDFC First Bank Limited,EQ,Financial Services,2671,2015-11-06,2026-08-27
IEX,Indian Energy Exchange Limited,EQ,Financial Services,2190,2017-10-23,2026-08-27
IFBAGRO,IFB Agro Industries Limited,EQ,,5999,2002-07-01,2026-08-27
IFBIND,IFB Industries Limited,EQ,,6000,2002-07-01,2026-08-27
IFCI,IFCI Limited,EQ,Financial Services,6000,2002-07-01,2026-08-27
IFGLEXPOR,IFGL Refractories Limited,EQ,,5602,2004-01-08,2026-08-27
IGARASHI,Igarashi Motors India Limited,EQ,,6002,2002-07-01,2026-08-27
IGCL,Indogulf Cropsciences Limited,EQ,,287,2025-07-03,2026-08-27
IGIL,International Gemological Institute Limited,EQ,Services,414,2024-12-30,2026-08-27
IGL,Indraprastha Gas Limited,EQ,Oil Gas & Consumable Fuels,5612,2003-12-26,2026-08-27
IGPL,IG Petrochemicals Limited,EQ,,4830,2007-01-29,2026-08-27
IIFL,IIFL Finance Limited,EQ,Financial Services,5255,2005-05-17,2026-08-27
IIFLCAPS,IIFL Capital Services Limited,EQ,,1718,2019-09-20,2026-08-27
IITL,Industrial Investment Trust Limited,EQ,,3955,2010-08-17,2026-08-27
IKIO,IKIO Technologies Limited,EQ,,793,2023-06-16,2026-08-27
IKS,Inventurus Knowledge Solutions Limited,EQ,Information Technology,420,2024-12-19,2026-08-27
IL&FSENGG,IL&FS Engineering and Construction Company Limited,BZ,,4645,2007-10-25,2026-08-27
IL&FSTRANS,IL&FS Transportation Networks Limited,BZ,,4054,2010-03-30,2026-08-27
IMAGICAA,Imagicaaworld Entertainment Limited,EQ,,2817,2015-04-06,2026-08-27
IMFA,Indian Metals & Ferro Alloys Limited,EQ,,3976,2010-07-23,2026-08-27
IMPAL,India Motor Parts and Accessories Limited,EQ,,5154,2005-10-06,2026-08-27
IMPEXFERRO,Impex Ferro Tech Limited,BZ,,5324,2005-02-03,2026-08-27
INA,Insolation Energy Limited,EQ,,119,2026-03-09,2026-08-27
INCREDIBLE,INCREDIBLE INDUSTRIES LIMITED,EQ,,2509,2016-07-01,2026-08-27
INDBANK,Indbank Merchant Banking Services Limited,EQ,,4411,2008-10-08,2026-08-27
INDGN,Indegene Limited,EQ,Healthcare,573,2024-05-13,2026-08-27
INDHOTEL,The Indian Hotels Company Limited,EQ,Consumer Services,6002,2002-07-01,2026-08-27
INDIACEM,The India Cements Limited,EQ,Construction Materials,6650,2000-01-03,2026-08-27
INDIAGLYCO,India Glycols Limited,EQ,,5972,2002-08-12,2026-08-27
INDIAMART,Indiamart Intermesh Limited,EQ,Consumer Services,1771,2019-07-04,2026-08-27
INDIANB,Indian Bank,EQ,Financial Services,4812,2007-03-01,2026-08-27
INDIANCARD,Indian Card Clothing Company Limited,EQ,,5998,2002-07-01,2026-08-27
INDIANHUME,Indian Hume Pipe Company Limited,EQ,,6000,2002-07-01,2026-08-27
INDIASHLTR,India Shelter Finance Corporation Limited,EQ,,665,2023-12-20,2026-08-27
INDIGO,InterGlobe Aviation Limited,EQ,Services,2668,2015-11-10,2026-08-27
INDIGOPNTS,Indigo Paints Limited,EQ,,1380,2021-02-02,2026-08-27
INDIQUBE,Indiqube Spaces Limited,EQ,,267,2025-07-30,2026-08-27
INDNIPPON,India Nippon Electricals Limited,EQ,,5999,2002-07-01,2026-08-27
INDOAMIN,Indo Amines Limited,BE,,1072,2022-04-29,2026-08-27
INDOBORAX,Indo Borax & Chemicals Limited,EQ,,1093,2022-03-29,2026-08-27
INDOCO,Indoco Remedies Limited,EQ,,5338,2005-01-14,2026-08-27
INDOFARM,Indo Farm Equipment Limited,EQ,,408,2025-01-07,2026-08-27
INDOKEM,Indokem Limited,EQ,,7,2026-08-18,2026-08-27
INDOMIM,INDO-MIM Limited,EQ,,21,2026-07-30,2026-08-27
INDORAMA,Indo Rama Synthetics (India) Limited,EQ,,5968,2002-08-12,2026-08-27
INDOSTAR,IndoStar Capital Finance Limited,EQ,,2046,2018-05-21,2026-08-27
INDOTECH,Indo Tech Transformers Limited,EQ,,5047,2006-03-16,2026-08-27
INDOTHAI,Indo Thai Securities Limited,EQ,,3656,2011-11-02,2026-08-27
INDOUS,Indo Us Biotech Limited,EQ,,476,2024-09-27,2026-08-27
INDOWIND,Indowind Energy Limited,EQ,,4674,2007-09-14,2026-08-27
INDPRUD,Industrial & Prudential Investment Company Limited,EQ,,7,2026-08-18,2026-08-27
INDRAMEDCO,Indraprastha Medical Corporation Limited,EQ,,6652,2000-01-03,2026-08-27
INDSWFTLAB,Ind-Swift Laboratories Limited,EQ,,5999,2002-07-01,2026-08-27
INDTERRAIN,Indian Terrain Fashions Limited,EQ,,3814,2011-03-11,2026-08-27
INDUSINDBK,IndusInd Bank Limited,EQ,Financial Services,6001,2002-07-01,2026-08-27
INDUSTOWER,Indus Towers Limited,EQ,Telecommunication,3375,2012-12-28,2026-08-27
INFOBEAN,InfoBeans Technologies Limited,EQ,,2251,2017-07-24,2026-08-27
INFOMEDIA,Infomedia Press Limited,EQ,,5998,2002-07-01,2026-08-27
INFY,Infosys Limited,EQ,Information Technology,6653,2000-01-03,2026-08-27
INGERRAND,Ingersoll Rand (India) Limited,EQ,,5999,2002-07-01,2026-08-27
INNOVACAP,Innova Captab Limited,EQ,,659,2023-12-29,2026-08-27
INNOVANA,Innovana Thinklabs Limited,EQ,,2149,2017-12-12,2026-08-27
INNOVISION,Innovision Limited,EQ,,109,2026-03-23,2026-08-27
INOXGREEN,Inox Green Energy Services Limited,EQ,,932,2022-11-23,2026-08-27
INOXINDIA,INOX India Limited,EQ,,664,2023-12-21,2026-08-27
INOXWIND,Inox Wind Limited,EQ,Capital Goods,2816,2015-04-09,2026-08-27
INSECTICID,Insecticides (India) Limited,EQ,,4750,2007-05-30,2026-08-27
INSPIRISYS,Inspirisys Solutions Limited,BE,,4892,2006-10-30,2026-08-27
INTELLECT,Intellect Design Arena Limited,EQ,Information Technology,2890,2014-12-18,2026-08-27
INTENTECH,Intense Technologies Limited,EQ,,2331,2017-03-23,2026-08-27
INTERARCH,Interarch Building Solutions Limited,EQ,,499,2024-08-26,2026-08-27
INTLCONV,International Conveyors Limited,EQ,,1226,2021-09-16,2026-08-27
INVENTURE,Inventure Growth & Securities Limited,EQ,,3714,2011-08-04,2026-08-27
INVPRECQ,Investment & Precision Castings Limited,BE,,7,2026-08-18,2026-08-27
IOB,Indian Overseas Bank,EQ,Financial Services,5999,2002-07-01,2026-08-27
IOC,Indian Oil Corporation Limited,EQ,Oil Gas & Consumable Fuels,6650,2000-01-03,2026-08-27
IOLCP,IOL Chemicals and Pharmaceuticals Limited,EQ,,3902,2010-11-08,2026-08-27
IONEXCHANG,ION Exchange (India) Limited,EQ,,1117,2022-02-22,2026-08-27
IPCALAB,IPCA Laboratories Limited,EQ,Healthcare,6649,2000-01-03,2026-08-27
IPL,India Pesticides Limited,EQ,,1275,2021-07-05,2026-08-27
IPRINGLTD,IP Rings Limited,EQ,,12,2026-08-11,2026-08-27
IRB,IRB Infrastructure Developers Limited,EQ,Construction,4563,2008-02-25,2026-08-27
IRCON,Ircon International Limited,EQ,Construction,1957,2018-09-28,2026-08-27
IRCTC,Indian Railway Catering And Tourism Corporation Limited,EQ,Consumer Services,1706,2019-10-14,2026-08-27
IREDA,Indian Renewable Energy Development Agency Limited,EQ,Financial Services,682,2023-11-29,2026-08-27
IRFC,Indian Railway Finance Corporation Limited,EQ,Financial Services,1381,2021-01-29,2026-08-27
IRIS,IRIS RegTech Solutions Limited,EQ,,1189,2021-11-08,2026-08-27
IRISDOREME,Iris Clothings Limited,EQ,,1921,2018-11-16,2026-08-27
IRMENERGY,IRM Energy Limited,EQ,,703,2023-10-26,2026-08-27
ISFT,Intrasoft Technologies Limited,EQ,,4046,2010-04-12,2026-08-27
ISGEC,Isgec Heavy Engineering Limited,EQ,,1317,2021-05-05,2026-08-27
ISHANCH,Ishan Dyes and Chemicals Limited,EQ,,355,2025-03-25,2026-08-27
ISTLTD,I S T Limited,EQ,,7,2026-08-18,2026-08-27
ITC,ITC Limited,EQ,Fast Moving Consumer Goods,6650,2000-01-03,2026-08-27
ITCHOTELS,ITC Hotels Limited,EQ,Consumer Services,393,2025-01-29,2026-08-27
ITDC,India Tourism Development Corporation Limited,EQ,,2389,2016-12-30,2026-08-27
ITI,ITI Limited,EQ,Telecommunication,5999,2002-07-01,2026-08-27
ITL,ITL Industries Limited,EQ,,7,2026-08-18,2026-08-27
IVALUE,Ivalue Infosolutions Limited,EQ,,229,2025-09-25,2026-08-27
IVC,IL&FS Investment Managers Limited,EQ,,6003,2002-07-01,2026-08-27
IVP,IVP Limited,BE,,5996,2002-07-04,2026-08-27
IWP,The Indian Wood Products Company Limited,EQ,,8,2026-08-18,2026-08-27
IXIGO,Le Travenues Technology Limited,EQ,,548,2024-06-18,2026-08-27
IZMO,IZMO Limited,EQ,,4827,2007-02-05,2026-08-27
J&KBANK,The Jammu & Kashmir Bank Limited,EQ,Financial Services,5969,2002-08-12,2026-08-27
JAGRAN,Jagran Prakashan Limited,EQ,,5063,2006-02-22,2026-08-27
JAGSNPHARM,Jagsonpal Pharmaceuticals Limited,EQ,,6002,2002-07-01,2026-08-27
JAIBALAJI,Jai Balaji Industries Limited,EQ,,5624,2003-12-09,2026-08-27
JAICORPLTD,Jai Corp Limited,EQ,,6003,2002-07-01,2026-08-27
JAINREC,Jain Resource Recycling Limited,EQ,Metals & Mining,225,2025-10-06,2026-08-27
JAIPURKURT,Nandani Creation Limited,EQ,,2333,2017-03-16,2026-08-27
JAMNAAUTO,Jamna Auto Industries Limited,EQ,,3878,2010-12-10,2026-08-27
JARO,Jaro Institute of Technology Management and Research Limited,EQ,,225,2025-09-30,2026-08-27
JASH,Jash Engineering Limited,EQ,,2192,2017-10-12,2026-08-27
JAYAGROGN,Jayant Agro Organics Limited,EQ,,6000,2002-07-01,2026-08-27
JAYBARMARU,Jay Bharat Maruti Limited,EQ,,6001,2002-07-01,2026-08-27
JAYKAY,Jaykay Enterprises Limited,EQ,,185,2025-12-03,2026-08-27
JAYNECOIND,Jayaswal Neco Industries Limited,EQ,,6000,2002-07-01,2026-08-27
JAYSREETEA,Jayshree Tea & Industries Limited,EQ,,5997,2002-07-01,2026-08-27
JBMA,JBM Auto Limited,EQ,Automobile and Auto Components,5359,2004-12-17,2026-08-27
JENBURPH,Jenburkt Pharmaceuticals Limited,EQ,,6,2026-08-18,2026-08-25
JETFREIGHT,Jet Freight Logistics Limited,EQ,,2337,2017-03-15,2026-08-27
JGCHEM,J.G.Chemicals Limited,EQ,,610,2024-03-13,2026-08-27
JHS,JHS Svendgaard Laboratories Limited,EQ,,4896,2006-10-23,2026-08-27
JINDALPHOT,Jindal Photo Limited,EQ,,5280,2005-04-07,2026-08-27
JINDALPOLY,Jindal Poly Films Limited,EQ,,5999,2002-07-01,2026-08-27
JINDALSAW,Jindal Saw Limited,EQ,Capital Goods,6000,2002-07-01,2026-08-27
JINDALSTEL,JINDAL STEEL LIMITED,EQ,Metals & Mining,6653,2000-01-03,2026-08-27
JINDRILL,Jindal Drilling And Industries Limited,EQ,,5420,2004-09-23,2026-08-27
JINDWORLD,Jindal Worldwide Limited,EQ,,3890,2010-11-25,2026-08-27
JIOFIN,Jio Financial Services Limited,EQ,Financial Services,749,2023-08-21,2026-08-27
JISLDVREQS,Jain Irrigation Systems Limited,EQ,,3638,2011-11-30,2026-08-27
JISLJALEQS,Jain Irrigation Systems Limited,EQ,,6119,2002-01-18,2026-08-27
JITFINFRA,JITF Infralogistics Limited,EQ,,2349,2017-02-27,2026-08-27
JKCEMENT,JK Cement Limited,EQ,Construction Materials,5049,2006-03-14,2026-08-27
JKIL,J.Kumar Infraprojects Limited,EQ,,4572,2008-02-12,2026-08-27
JKIPL,Jinkushal Industries Limited,EQ,,225,2025-10-03,2026-08-27
JKLAKSHMI,JK Lakshmi Cement Limited,EQ,,4985,2006-06-19,2026-08-27
JKPAPER,JK Paper Limited,EQ,,5232,2005-06-16,2026-08-27
JKTYRE,JK Tyre & Industries Limited,EQ,Automobile and Auto Components,5493,2004-06-14,2026-08-27
JLHL,Jupiter Life Line Hospitals Limited,EQ,,728,2023-09-18,2026-08-27
JMA,Jullundur Motor Agency (Delhi) Limited,EQ,,2829,2015-03-16,2026-08-27
JMFINANCIL,JM Financial Limited,EQ,Financial Services,4907,2006-10-10,2026-08-27
JNKINDIA,JNK India Limited,EQ,,579,2024-04-30,2026-08-27
JNPR,Juniper Green Energy Limited,EQ,,16,2026-08-06,2026-08-27
JOCIL,Jocil Limited,BE,,4409,2008-10-08,2026-08-27
JPOLYINVST,Jindal Poly Investment and Finance Company Limited,EQ,,3156,2013-11-11,2026-08-27
JPPOWER,Jaiprakash Power Ventures Limited,EQ,Power,5277,2005-04-18,2026-08-27
JSFB,Jana Small Finance Bank Limited,EQ,,630,2024-02-14,2026-08-27
JSL,Jindal Stainless Limited,EQ,Metals & Mining,5641,2003-11-17,2026-08-27
JSLL,Jeena Sikho Lifecare Limited,EQ,,1071,2022-05-04,2026-08-27
JSWCEMENT,JSW Cement Limited,EQ,Construction Materials,259,2025-08-14,2026-08-27
JSWDULUX,JSW Dulux Limited,EQ,Consumer Durables,6000,2002-07-01,2026-08-27
JSWENERGY,JSW Energy Limited,EQ,Power,4113,2010-01-04,2026-08-27
JSWHL,JSW Holdings Limited,EQ,,5230,2005-06-21,2026-08-27
JSWINFRA,JSW Infrastructure Limited,EQ,Services,720,2023-10-03,2026-08-27
JSWSTEEL,JSW Steel Limited,EQ,Metals & Mining,5780,2003-05-08,2026-08-27
JTEKTINDIA,Jtekt India Limited,EQ,,5602,2004-01-12,2026-08-27
JTLIND,JTL INDUSTRIES LIMITED,EQ,,1159,2021-12-23,2026-08-27
JUBLCPL,Jubilant Agri and Consumer Products Limited,EQ,,379,2025-02-14,2026-08-27
JUBLFOOD,Jubilant Foodworks Limited,EQ,Consumer Services,4090,2010-02-08,2026-08-27
JUBLINGREA,Jubilant Ingrevia Limited,EQ,Chemicals,1347,2021-03-19,2026-08-27
JUBLPHARMA,Jubilant Pharmova Limited,EQ,Healthcare,6002,2002-07-01,2026-08-27
JUNIPER,Juniper Hotels Limited,EQ,,619,2024-02-28,2026-08-27
JUSTDIAL,Just Dial Limited,EQ,,3267,2013-06-05,2026-08-27
JWL,Jupiter Wagons Limited,EQ,Capital Goods,3915,2010-10-18,2026-08-27
JYOTHYLAB,Jyothy Labs Limited,EQ,,4609,2007-12-19,2026-08-27
JYOTICNC,Jyoti CNC Automation Limited,EQ,Capital Goods,649,2024-01-16,2026-08-27
JYOTIRES,Jyoti Resins & Adhesives Limited,EQ,,7,2026-08-18,2026-08-27
JYOTISTRUC,Jyoti Structures Limited,EQ,,6652,2000-01-03,2026-08-27
KABRAEXTRU,Kabra Extrusion Technik Limited,EQ,,6001,2002-07-01,2026-08-27
KAJARIACER,Kajaria Ceramics Limited,EQ,Consumer Durables,5999,2002-07-01,2026-08-27
KAKATCEM,Kakatiya Cement Sugar & Industries Limited,EQ,,5998,2002-07-01,2026-08-27
KALAMANDIR,Sai Silks (Kalamandir) Limited,EQ,,722,2023-09-27,2026-08-27
KALPATARU,Kalpataru Limited,EQ,,289,2025-07-01,2026-08-27
KALYANI,Kalyani Commercials Limited,BE,,288,2025-07-02,2026-08-25
KALYANIFRG,Kalyani Forge Limited,EQ,,4606,2007-12-20,2026-08-27
KALYANKJIL,Kalyan Jewellers India Limited,EQ,Consumer Durables,1343,2021-03-26,2026-08-27
KAMAHOLD,Kama Holdings Limited,EQ,,7,2026-08-18,2026-08-27
KAMANWALA,Kamanwala Housing Construction Limited,EQ,,7,2026-08-18,2026-08-27
KAMATHOTEL,Kamat Hotels (I) Limited,EQ,,5997,2002-07-02,2026-08-27
KAMDHENU,Kamdhenu Limited,BE,,5014,2006-05-09,2026-08-27
KAMOPAINTS,Kamdhenu Ventures Limited,EQ,,887,2023-01-24,2026-08-27
KANANIIND,Kanani Industries Limited,EQ,,3628,2011-12-14,2026-08-27
KANCHI,Kanchi Karpooram Limited,EQ,,7,2026-08-18,2026-08-27
KANCOTEA,Kanco Tea & Industries Limited,EQ,,7,2026-08-18,2026-08-27
KANORICHEM,Kanoria Chemicals & Industries Limited,BE,,6002,2002-07-01,2026-08-27
KANPRPLA,Kanpur Plastipack Limited,EQ,,1397,2021-01-04,2026-08-27
KANSAINER,Kansai Nerolac Paints Limited,EQ,,5997,2002-07-01,2026-08-27
KAPSTON,Kapston Services Limited,EQ,,2067,2018-04-18,2026-08-27
KARMAENG,Karma Energy Limited,EQ,,3740,2011-06-28,2026-08-27
KARURVYSYA,Karur Vysya Bank Limited,EQ,Financial Services,6650,2000-01-03,2026-08-27
KAUSHALYA,Kaushalya Infrastructure Development Corporation Limited,BE,,4610,2007-12-14,2026-08-27
KAVDEFENCE,Kavveri Defence & Wireless Technologies Limited,EQ,,4580,2008-01-29,2026-08-27
KAYA,Kaya Limited,BE,,2725,2015-08-14,2026-08-27
KAYNES,Kaynes Technology India Limited,EQ,Capital Goods,934,2022-11-22,2026-08-27
KCP,KCP Limited,EQ,,5998,2002-07-01,2026-08-27
KCPSUGIND,KCP Sugar and Industries Corporation Limited,BE,,5998,2002-07-01,2026-08-27
KDDL,KDDL Limited,EQ,,2564,2016-04-12,2026-08-27
KEC,KEC International Limited,EQ,Construction,5969,2002-08-12,2026-08-27
KECL,Kirloskar Electric Company Limited,EQ,,4070,2010-03-09,2026-08-27
KEEPLEARN,DSJ Keep Learning Limited,EQ,,1341,2021-03-25,2026-08-27
KEI,KEI Industries Limited,EQ,Capital Goods,5044,2006-03-23,2026-08-27
KELLTONTEC,Kellton Tech Solutions Limited,EQ,,2592,2016-03-02,2026-08-27
KENNAMET,Kennametal India Limited,EQ,,1162,2019-08-19,2026-08-27
KERNEX,Kernex Microsystems (India) Limited,EQ,,5107,2005-12-20,2026-08-27
KESORAMIND,Kesoram Industries Limited,BE,,6652,2000-01-03,2026-08-27
KEYFINSERV,Keynote Financial Services Limited,EQ,,5997,2002-07-01,2026-08-25
KFINTECH,Kfin Technologies Limited,EQ,Financial Services,906,2022-12-29,2026-08-27
KHADIM,Khadim India Limited,BE,,2173,2017-11-14,2026-08-27
KHAICHEM,Khaitan Chemicals & Fertilizers Limited,EQ,,1442,2020-10-30,2026-08-27
KHAITANLTD,Khaitan (India) Limited,EQ,,5996,2002-07-02,2026-08-27
KHANDSE,Khandwala Securities Limited,EQ,,5997,2002-07-01,2026-08-27
KICL,Kalyani Investment Company Limited,EQ,,4402,2008-10-21,2026-08-27
KILITCH,Kilitch Drugs (India) Limited,BE,,3927,2010-09-29,2026-08-27
KIMS,Krishna Institute of Medical Sciences Limited,EQ,Healthcare,1282,2021-06-28,2026-08-27
KINGFA,Kingfa Science & Technology (India) Limited,EQ,,4108,2010-01-08,2026-08-27
KIOCL,KIOCL Limited,EQ,,2411,2016-11-30,2026-08-27
KIRANVYPAR,Kiran Vyapar Limited,EQ,,7,2026-08-18,2026-08-27
KIRIINDUS,Kiri Industries Limited,EQ,,4528,2008-04-22,2026-08-27
KIRLFER,Kirloskar Ferrous Industries Limited,EQ,,1106,2019-11-13,2026-08-27
KIRLOSBROS,Kirloskar Brothers Limited,EQ,,5033,2006-04-07,2026-08-27
KIRLOSENG,Kirloskar Oil Engines Limited,EQ,Capital Goods,5968,2002-08-12,2026-08-27
KIRLOSIND,Kirloskar Industries Limited,EQ,,5999,2002-07-01,2026-08-27
KIRLPNU,Kirloskar Pneumatic Company Limited,EQ,,828,2023-04-26,2026-08-27
KISSHT,OnEMI Technology Solutions Limited,EQ,,80,2026-05-08,2026-08-27
KITEX,Kitex Garments Limited,EQ,,3436,2012-09-25,2026-08-27
KJMCFIN,KJMC Financial Services Limited,EQ,,7,2026-08-18,2026-08-27
KKCL,Kewal Kiran Clothing Limited,EQ,,5028,2006-04-13,2026-08-27
KLBRENG-B,Kilburn Engineering Limited,EQ,,7,2026-08-18,2026-08-27
KMCSHIL,K M C Speciality Hospitals (India) Limited,EQ,,7,2026-08-18,2026-08-27
KMEW,Knowledge Marine & Engineering Works Limited,EQ,,430,2024-12-06,2026-08-27
KMSUGAR,K.M.Sugar Mills Limited,EQ,,4602,2008-01-01,2026-08-27
KNACK,Knack Packaging Limited,EQ,,37,2026-07-08,2026-08-27
KNAGRI,KN Agri Resources Limited,EQ,,1082,2022-04-11,2026-08-27
KNRCON,KNR Constructions Limited,EQ,,4568,2008-02-18,2026-08-27
KOHINOOR,Kohinoor Foods Limited,EQ,,5997,2002-07-01,2026-08-27
KOKUYOCMLN,Kokuyo Camlin Limited,EQ,,4459,2008-07-28,2026-08-27
KOLTEPATIL,Kolte - Patil Developers Limited,EQ,,4611,2007-12-13,2026-08-27
KOPRAN,Kopran Limited,BE,,5999,2002-07-01,2026-08-27
KOTAKBANK,Kotak Mahindra Bank Limited,EQ,Financial Services,6262,2001-07-02,2026-08-27
KOTARISUG,Kothari Sugars And Chemicals Limited,BE,,5363,2004-12-13,2026-08-27
KOTHARIPET,Kothari Petrochemicals Limited,EQ,,6000,2002-07-01,2026-08-27
KOTHARIPRO,Kothari Products Limited,EQ,,5999,2002-07-01,2026-08-27
KOTIC,Kothari Industrial Corporation Limited,EQ,,7,2026-08-18,2026-08-27
KOTYARK,Kotyark Industries Limited,BE,,1184,2021-11-17,2026-08-27
KOVAI,Kovai Medical Center & Hospital Limited,EQ,,3494,2010-03-02,2026-08-27
KPEL,K.P. Energy Limited,EQ,,440,2024-11-21,2026-08-27
KPIGREEN,KPI Green Energy Limited,EQ,,1261,2021-07-27,2026-08-27
KPIL,Kalpataru Projects International Limited,EQ,Construction,5999,2002-07-01,2026-08-27
KPITTECH,KPIT Technologies Limited,EQ,Information Technology,1821,2019-04-22,2026-08-27
KPL,Kwality Pharmaceuticals Limited,EQ,,7,2026-08-18,2026-08-27
KPRMILL,K.P.R. Mill Limited,EQ,Textiles,4688,2007-08-28,2026-08-27
KRBL,KRBL Limited,EQ,,6110,2002-01-24,2026-08-27
KREBSBIO,Krebs Biochemicals and Industries Limited,EQ,,2431,2016-10-27,2026-08-27
KRIDHANINF,Kridhan Infra Limited,BE,,2647,2015-12-11,2026-08-27
KRISHANA,Krishana Phoschem Limited,EQ,,2348,2017-02-27,2026-08-27
KRISHIVAL,Krishival Foods Limited,EQ,,1080,2022-04-18,2026-08-27
KRISHNADEF,Krishna Defence And Allied Industries Limited,EQ,,1077,2022-04-22,2026-08-27
KRITI,Kriti Industries (India) Limited,EQ,,3648,2011-11-11,2026-08-27
KRITIKA,Kritika Wires Limited,EQ,,1934,2018-10-26,2026-08-27
KRITINUT,Kriti Nutrients Limited,EQ,,961,2022-10-07,2026-08-27
KRN,KRN Heat Exchanger and Refrigeration Limited,EQ,,475,2024-10-03,2026-08-27
KRONOX,Kronox Lab Sciences Limited,BE,,552,2024-06-10,2026-08-27
KROSS,Kross Limited,EQ,,487,2024-09-16,2026-08-27
KRSNAA,Krsnaa Diagnostics Limited,EQ,,1247,2021-08-16,2026-08-27
KRYSTAL,Krystal Integrated Services Limited,EQ,,603,2024-03-21,2026-08-27
KSB,Ksb Limited,EQ,,6000,2002-07-01,2026-08-27
KSCL,Kaveri Seed Company Limited,EQ,,4661,2007-10-04,2026-08-27
KSE,KSE Limited,EQ,,12,2026-08-11,2026-08-27
KSHINTL,KSH International Limited,EQ,,171,2025-12-23,2026-08-27
KSHITIJ-RE,Kshitij Polyline Ltd-RE,BE,,1,2026-08-27,2026-08-27
KSHITIJPOL,Kshitij Polyline Limited,EQ,,1938,2018-10-23,2026-08-27
KSL,Kalyani Steels Limited,EQ,,4405,2008-10-21,2026-08-27
KSOLVES,Ksolves India Limited,EQ,,1502,2020-08-07,2026-08-27
KSR,KSR Footwear Limited,EQ,,186,2025-11-27,2026-08-27
KTKBANK,The Karnataka Bank Limited,EQ,,6558,2000-05-10,2026-08-27
KUANTUM,Kuantum Papers Limited,EQ,,1697,2019-10-23,2026-08-27
KUSUMGAR,Kusumgar Limited,EQ,,32,2026-07-15,2026-08-27
KWIL,Kwality Wall's (India) Limited,EQ,,134,2026-02-16,2026-08-27
LADDERUP,Ladderup Finance Limited,EQ,,6,2026-08-18,2026-08-25
LAGNAM,Lagnam Spintex Limited,EQ,,1950,2018-10-04,2026-08-27
LAHOTIOV,Lahoti Overseas Limited,EQ,,7,2026-08-18,2026-08-27
LAKPRE,Lakshmi Precision Screws Limited,BZ,,4913,2006-09-26,2026-08-27
LAKSHMIMIL,Lakshmi Mills Company Limited,EQ,,3,2026-08-21,2026-08-25
LAL,Lorenzini Apparels Limited,EQ,,837,2023-04-10,2026-08-27
LALITHAA,Lalithaa Jewellery Mart Limited,EQ,,4,2026-08-24,2026-08-27
LALPATHLAB,Dr. Lal Path Labs Ltd.,EQ,Healthcare,2640,2015-12-23,2026-08-27
LAMBODHARA,Lambodhara Textiles Limited,EQ,,2856,2015-02-04,2026-08-27
LANCER,Lancer Container Lines Limited,EQ,,13,2026-08-11,2026-08-27
LANCORHOL,Lancor Holdings Limited,EQ,,610,2024-03-12,2026-08-27
LANDMARK,Landmark Cars Limited,EQ,,910,2022-12-23,2026-08-27
LANDSMILL,Landsmill Green Limited,EQ,,4214,2009-08-03,2026-08-27
LAOPALA,La Opala RG Limited,EQ,,4801,2007-03-16,2026-08-27
LASA,Lasa Supergenerics Limited,EQ,,2207,2017-09-21,2026-08-27
LASERPOWER,Laser Power & Infra Limited,EQ,,30,2026-07-16,2026-08-27
LATENTVIEW,Latent View Analytics Limited,EQ,Information Technology,1181,2021-11-23,2026-08-27
LATTEYS,Latteys Industries Limited,EQ,,2020,2018-06-20,2026-08-27
LAURUSLABS,Laurus Labs Limited,EQ,Healthcare,2399,2016-12-19,2026-08-27
LAXMICOT,Laxmi Cotspin Limited,EQ,,2245,2017-07-25,2026-08-27
LAXMIDENTL,Laxmi Dental Limited,EQ,,400,2025-01-20,2026-08-27
LAXMIINDIA,Laxmi India Finance Limited,EQ,,264,2025-08-05,2026-08-27
LCCINFOTEC,LCC Infotech Limited,EQ,,5994,2002-07-01,2026-08-27
LCL,Lohia Corp Limited,EQ,,21,2026-07-30,2026-08-27
LEAPIND,LEAP India Limited,EQ,,9,2026-08-14,2026-08-27
LEENEE,Lee & Nee Softwares Exports Limited,EQ,,7,2026-08-18,2026-08-27
LEMERITE,Le Merite Exports Limited,EQ,,1058,2022-05-23,2026-08-27
LEMONTREE,Lemon Tree Hotels Limited,EQ,Consumer Services,2076,2018-04-09,2026-08-27
LENSKART,Lenskart Solutions Limited,EQ,Consumer Services,202,2025-11-10,2026-08-27
LEXUS,Lexus Granito (India) Limited,EQ,,2226,2017-08-23,2026-08-27
LFIC,Lakshmi Finance & Industrial Corporation Limited,EQ,,3990,2010-06-30,2026-08-27
LGBBROSLTD,LG Balakrishnan & Bros Limited,EQ,,4602,2008-01-01,2026-08-27
LGEINDIA,LG Electronics India Limited,EQ,Consumer Durables,218,2025-10-14,2026-08-27
LGHL,Laxmi Goldorna House Limited,EQ,,1567,2020-05-05,2026-08-27
LIBAS,Libas Consumer Products Limited,EQ,,2337,2017-03-15,2026-08-27
LIBERTSHOE,Liberty Shoes Limited,EQ,,5999,2002-07-01,2026-08-27
LICHSGFIN,LIC Housing Finance Limited,EQ,Financial Services,6000,2002-07-01,2026-08-27
LICI,Life Insurance Corporation Of India,EQ,Financial Services,1063,2022-05-17,2026-08-27
LIKHITHA,Likhitha Infrastructure Limited,EQ,,1454,2020-10-15,2026-08-27
LINC,Linc Limited,EQ,,2835,2015-03-09,2026-08-27
LINCOLN,Lincoln Pharmaceuticals Limited,EQ,,2642,2015-12-17,2026-08-27
LINDEINDIA,Linde India Limited,EQ,Chemicals,6545,2000-05-31,2026-08-27
LKPSEC,LKP Securities Limited,EQ,,7,2026-08-18,2026-08-27
LLOYDSENGG,LLOYDS ENGINEERING WORKS LIMITED,EQ,,2500,2016-07-20,2026-08-27
LLOYDSENT,Lloyds Enterprises Limited,EQ,,463,2024-10-17,2026-08-27
LLOYDSME,Lloyds Metals And Energy Limited,EQ,Metals & Mining,772,2023-07-17,2026-08-27
LMW,LMW Limited,EQ,,6000,2002-07-01,2026-08-27
LODHA,Lodha Developers Limited,EQ,Realty,1330,2021-04-19,2026-08-27
LOKESHMACH,Lokesh Machines Limited,BE,,5015,2006-05-05,2026-08-27
LORDSCHLO,Lords Chloro Alkali Limited,EQ,,740,2023-08-28,2026-08-27
LOTUSCHO,Lotus Chocolate Company Limited,EQ,,7,2026-08-18,2026-08-27
LOTUSDEV,Sri Lotus Developers and Realty Limited,BE,,265,2025-08-06,2026-08-27
LOTUSEYE,Lotus Eye Hospital and Institute Limited,EQ,,4469,2008-07-11,2026-08-27
LOVABLE,Lovable Lingerie Limited,EQ,,3806,2011-03-24,2026-08-27
LOYALTEX,Loyal Textile Mills Limited,EQ,,998,2022-08-11,2026-08-25
LPDC,Landmark Property Development Company Limited,EQ,,4448,2008-08-12,2026-08-27
LT,Larsen & Toubro Limited,EQ,Construction,6003,2002-07-01,2026-08-27
LTF,L&T Finance Limited,EQ,Financial Services,3709,2011-08-12,2026-08-27
LTFOODS,LT Foods Limited,EQ,Fast Moving Consumer Goods,4858,2006-12-19,2026-08-27
LTM,LTM Limited,EQ,Information Technology,2498,2016-07-21,2026-08-27
LTTS,L&T Technology Services Limited,EQ,Information Technology,2456,2016-09-23,2026-08-27
LUMAXIND,Lumax Industries Limited,EQ,,5999,2002-07-01,2026-08-27
LUMAXTECH,Lumax Auto Technologies Limited,EQ,,4840,2007-01-16,2026-08-27
LUPIN,Lupin Limited,EQ,Healthcare,6211,2001-09-10,2026-08-27
LUXIND,Lux Industries Limited,EQ,,2656,2015-12-01,2026-08-27
LXCHEM,Laxmi Organic Industries Limited,EQ,,1344,2021-03-25,2026-08-27
LYKALABS,Lyka Labs Limited,BE,,6650,2000-01-03,2026-08-27
M&M,Mahindra & Mahindra Limited,EQ,Automobile and Auto Components,6650,2000-01-03,2026-08-27
M&MFIN,Mahindra & Mahindra Financial Services Limited,EQ,Financial Services,5048,2006-03-17,2026-08-27
MAANALU,Maan Aluminium Limited,EQ,,5226,2005-06-24,2026-08-27
MACPOWER,Macpower CNC Machines Limited,EQ,,2084,2018-03-22,2026-08-27
MADHAV,Madhav Marbles and Granites Limited,EQ,,4607,2007-12-20,2026-08-27
MADHAVIPL,Madhav Infra Projects Limited,EQ,,8,2026-08-18,2026-08-27
MADHUCON,Madhucon Projects Limited,BE,,4907,2006-10-05,2026-08-27
MADRASFERT,Madras Fertilizers Limited,EQ,,5997,2002-07-01,2026-08-27
MAFATIND,Mafatlal Industries Limited,EQ,,89,2026-04-23,2026-08-27
MAGADSUGAR,Magadh Sugar & Energy Limited,EQ,,2246,2017-07-28,2026-08-27
MAGNUM,Magnum Ventures Limited,EQ,,4669,2007-09-20,2026-08-27
MAHABANK,Bank of Maharashtra,EQ,Financial Services,5536,2004-04-12,2026-08-27
MAHAPEXLTD,Maha Rashtra Apex Corporation Limited,EQ,,2075,2018-04-05,2026-08-27
MAHASTEEL,Mahamaya Steel Industries Limited,BE,,2509,2016-07-01,2026-08-27
MAHEPC,Mahindra EPC Irrigation Limited,EQ,,1619,2020-02-14,2026-08-27
MAHESHWARI,Maheshwari Logistics Limited,BE,,2337,2017-03-15,2026-08-27
MAHLIFE,Mahindra Lifespace Developers Limited,EQ,,5999,2002-07-01,2026-08-27
MAHLOG,Mahindra Logistics Limited,EQ,,2175,2017-11-10,2026-08-27
MAHSCOOTER,Maharashtra Scooters Limited,EQ,,5998,2002-07-01,2026-08-27
MAHSEAMLES,Maharashtra Seamless Limited,EQ,,6003,2002-07-01,2026-08-27
MAITHANALL,Maithan Alloys Limited,EQ,,3737,2011-07-05,2026-08-27
MAJESAUT,Majestic Auto Limited,BE,,90,2026-04-23,2026-08-27
MAKERSL,Makers Laboratories Limited,EQ,,7,2026-08-18,2026-08-27
MALLCOM,Mallcom (India) Limited,EQ,,1129,2022-02-02,2026-08-27
MALUPAPER,Malu Paper Mills Limited,EQ,,5033,2006-04-05,2026-08-27
MAMATA,Mamata Machinery Limited,EQ,,417,2024-12-27,2026-08-27
MANAKALUCO,Manaksia Aluminium Company Limited,EQ,,2821,2015-03-30,2026-08-27
MANAKCOAT,Manaksia Coated Metals & Industries Limited,EQ,,2819,2015-03-30,2026-08-27
MANAKSIA,Manaksia Limited,EQ,,4596,2008-01-08,2026-08-27
MANAKSTEEL,Manaksia Steels Limited,EQ,,2820,2015-03-30,2026-08-27
MANALIPETC,Manali Petrochemicals Limited,EQ,,6003,2002-07-01,2026-08-27
MANAPPURAM,Manappuram Finance Limited,EQ,Financial Services,3993,2010-06-30,2026-08-27
MANBA,Manba Finance Limited,EQ,,474,2024-09-30,2026-08-27
MANBRO,Manbro Industries Limited,EQ,,7,2026-08-18,2026-08-27
MANCREDIT,Mangal Credit and Fincorp Limited,EQ,,506,2024-08-16,2026-08-27
MANGALAM,Mangalam Drugs And Organics Limited,EQ,,5250,2005-05-23,2026-08-27
MANGLMCEM,Mangalam Cement Limited,EQ,,5998,2002-07-01,2026-08-27
MANINDS,Man Industries (India) Limited,EQ,,5227,2005-06-24,2026-08-27
MANINFRA,Man Infraconstruction Limited,EQ,,4067,2010-03-11,2026-08-27
MANIPALHOS,Manipal Health Enterprises Limited,EQ,,17,2026-08-05,2026-08-27
MANKIND,Mankind Pharma Limited,EQ,Healthcare,820,2023-05-09,2026-08-27
MANOMAY,Manomay Tex India Limited,EQ,,890,2023-01-18,2026-08-27
MANORAMA,Manorama Industries Limited,EQ,,1029,2022-07-01,2026-08-27
MANORG,Mangalam Organics Limited,EQ,,1193,2021-11-02,2026-08-27
MANUGRAPH,Manugraph India Limited,BE,,4921,2006-09-14,2026-08-27
MANYAVAR,Vedant Fashions Limited,EQ,,1120,2022-02-16,2026-08-27
MAPMYINDIA,C.E. Info Systems Limited,EQ,Information Technology,1161,2021-12-21,2026-08-27
MARALOVER,Maral Overseas Limited,EQ,,5997,2002-07-01,2026-08-27
MARATHON,Marathon Nextgen Realty Limited,EQ,,2452,2016-09-29,2026-08-27
MARICO,Marico Limited,EQ,Fast Moving Consumer Goods,6652,2000-01-03,2026-08-27
MARINE,Marine Electricals (India) Limited,EQ,,1939,2018-10-26,2026-08-27
MARKOLINES,Markolines Pavement Technologies Limited,EQ,,216,2025-10-14,2026-08-27
MARKSANS,Marksans Pharma Limited,EQ,,5985,2002-07-19,2026-08-27
MARSONS,Marsons Limited,EQ,,116,2026-03-13,2026-08-27
MARUTI,Maruti Suzuki India Limited,EQ,Automobile and Auto Components,5736,2003-07-09,2026-08-27
MASFIN,MAS Financial Services Limited,EQ,,2191,2017-10-18,2026-08-27
MASKINVEST,Mask Investments Limited,EQ,,2438,2016-10-14,2026-08-25
MASTEK,Mastek Limited,EQ,,6002,2002-07-01,2026-08-27
MASTERTR,Master Trust Limited,EQ,,429,2024-12-06,2026-08-27
MATRIMONY,Matrimony.Com Limited,EQ,,2208,2017-09-21,2026-08-27
MAWANASUG,Mawana Sugars Limited,EQ,,4308,2009-03-20,2026-08-27
MAXESTATES,Max Estates Limited,EQ,,700,2023-10-30,2026-08-27
MAXHEALTH,Max Healthcare Institute Limited,EQ,Healthcare,1493,2020-08-21,2026-08-27
MAXIND,Max India Limited,EQ,,1485,2020-08-28,2026-08-27
MAYURUNIQ,Mayur Uniquoters Ltd,EQ,,3434,2012-09-25,2026-08-27
MAZDA,Mazda Limited,BE,,2430,2016-11-02,2026-08-27
MAZDOCK,Mazagon Dock Shipbuilders Limited,EQ,Capital Goods,1458,2020-10-12,2026-08-27
MBAPL,Madhya Bharat Agro Products Limited,EQ,,2462,2016-09-12,2026-08-27
MBEL,M & B Engineering Limited,EQ,,264,2025-08-06,2026-08-27
MBLINFRA,MBL Infrastructure Limited,EQ,,4107,2010-01-11,2026-08-27
MCCHRLS-B,Mac Charles India Limited,EQ,,7,2026-08-18,2026-08-27
MCL,M TEK COPPER LIMITED,EQ,,2339,2017-03-15,2026-08-27
MCLEODRUSS,Mcleod Russel India Limited,EQ,,5967,2002-08-12,2026-08-27
MCLOUD,Magellanic Cloud Limited,EQ,,385,2025-02-07,2026-08-27
MCX,Multi Commodity Exchange of India Limited,EQ,Financial Services,3572,2012-03-09,2026-08-27
MEDANTA,Global Health Limited,EQ,Healthcare,934,2022-11-18,2026-08-27
MEDIASSIST,Medi Assist Healthcare Services Limited,EQ,,643,2024-01-23,2026-08-27
MEDICAMEQ,Medicamen Biotech Limited,EQ,,1197,2021-10-27,2026-08-27
MEDICAPQ,Medi Caps Limited,EQ,,7,2026-08-18,2026-08-27
MEDICO,Medico Remedies Limited,EQ,,1054,2022-05-26,2026-08-27
MEDPLUS,Medplus Health Services Limited,EQ,,1157,2021-12-23,2026-08-27
MEESHO,Meesho Limited,EQ,Consumer Services,180,2025-12-10,2026-08-27
MEGASTAR,Megastar Foods Limited,EQ,,1120,2022-02-16,2026-08-27
MEIL,Mangal Electrical Industries Limited,EQ,,249,2025-08-28,2026-08-27
MENNPIS,Menon Pistons Limited,EQ,,7,2026-08-18,2026-08-27
MENONBE,Menon Bearings Limited,BE,,2835,2015-03-09,2026-08-27
MEP,MEP Infrastructure Developers Limited,BZ,,2797,2015-05-06,2026-08-27
MERCANTILE,Mercantile Ventures Limited,EQ,,6,2026-08-19,2026-08-27
MERCURYEV,Mercury Ev-Tech Limited,EQ,,62,2026-06-02,2026-08-27
METROBRAND,Metro Brands Limited,EQ,,1158,2021-12-22,2026-08-27
METROGLOBL,Metroglobal Limited,EQ,,90,2026-04-22,2026-08-27
METROPOLIS,Metropolis Healthcare Limited,EQ,,1824,2019-04-15,2026-08-27
MFML,Mahalaxmi Fabric Mills Limited,EQ,,498,2024-08-27,2026-08-27
MFSL,Max Financial Services Limited,EQ,Financial Services,6650,2000-01-03,2026-08-27
MGEL,Mangalam Global Enterprise Limited,BE,,1664,2019-12-11,2026-08-27
MGL,Mahanagar Gas Limited,EQ,Oil Gas & Consumable Fuels,2511,2016-07-01,2026-08-27
MHLXMIRU,Mahalaxmi Rubtech Limited,BE,,1133,2022-01-27,2026-08-27
MHRIL,Mahindra Holidays & Resorts India Limited,EQ,,4227,2009-07-16,2026-08-27
MICEL,MIC Electronics Limited,BE,,4751,2007-05-30,2026-08-27
MIDHANI,Mishra Dhatu Nigam Limited,EQ,,2079,2018-04-04,2026-08-27
MIDWESTLTD,Midwest Limited,EQ,,210,2025-10-24,2026-08-27
MIIL,Meghna Infracon Infrastructure Limited,EQ,,7,2026-08-18,2026-08-27
MILKYMIST,Milky Mist Dairy Food Limited,EQ,,8,2026-08-18,2026-08-27
MINALIND,Minal Industries Limited,BE,,7,2026-08-18,2026-08-27
MINDACORP,Minda Corporation Limited,EQ,Automobile and Auto Components,3565,2012-03-19,2026-08-27
MINDTECK,Mindteck (India) Limited,EQ,,2489,2016-08-02,2026-08-27
MIRZAINT,Mirza International Limited,EQ,,6001,2002-07-01,2026-08-27
MITCON,MITCON Consultancy & Engineering Services Limited,BE,,2335,2017-03-15,2026-08-27
MITTAL,Mittal Life Style Limited,EQ,,2069,2018-04-16,2026-08-27
MKEXIM,M.K. Exim (India) Limited,EQ,,7,2026-08-18,2026-08-27
MKPL,M K Proteins Limited,EQ,,2244,2017-07-27,2026-08-27
MLKFOOD,Milkfood Limited,EQ,,7,2026-08-18,2026-08-27
MMFL,MM Forgings Limited,EQ,,4857,2006-12-20,2026-08-27
MMP,MMP Industries Limited,EQ,,2059,2018-04-26,2026-08-27
MMTC,MMTC Limited,EQ,Services,4110,2010-01-08,2026-08-27
MMWL,Media Matrix Worldwide Limited,EQ,,91,2026-04-22,2026-08-27
MOBIKWIK,One Mobikwik Systems Limited,EQ,,423,2024-12-18,2026-08-27
MODINATUR,Modi Naturals Limited,BE,,176,2025-12-11,2026-08-27
MODIRUBBER,Modi Rubber Limited,EQ,,2022,2018-06-20,2026-08-27
MODIS,Modis Navnirman Limited,EQ,,195,2025-11-14,2026-08-27
MODISONLTD,MODISON LIMITED,BE,,1319,2021-05-03,2026-08-27
MODTHREAD,Modern Threads (India) Limited,EQ,,625,2024-02-16,2026-08-27
MOHITE,Mohite Industries Limited,EQ,,7,2026-08-18,2026-08-27
MOHITIND,Mohit Industries Limited,EQ,,3317,2013-03-14,2026-08-27
MOIL,MOIL Limited,EQ,,3876,2010-12-15,2026-08-27
MOKSH,Moksh Ornaments Limited,EQ,,2135,2018-01-03,2026-08-27
MOL,Meghmani Organics Limited,EQ,,1246,2021-08-18,2026-08-27
MOLBIO,Molbio Diagnostics Limited,EQ,,8,2026-08-17,2026-08-27
MOLDTECH,Mold-Tek Technologies Limited,BE,,2506,2016-07-07,2026-08-27
MOLDTKPAC,Mold-Tek Packaging Limited,EQ,,2844,2015-02-23,2026-08-27
MONARCH,Monarch Networth Capital Limited,EQ,,1148,2022-01-06,2026-08-27
MONEYBOXX,Moneyboxx Finance Limited,EQ,,215,2025-10-15,2026-08-27
MONTECARLO,Monte Carlo Fashions Limited,EQ,,2887,2014-12-19,2026-08-27
MOREPENLAB,Morepen Laboratories Limited,EQ,,6650,2000-01-03,2026-08-27
MOSCHIP,Moschip Technologies Limited,EQ,,388,2025-02-05,2026-08-27
MOTHERSON,Samvardhana Motherson International Limited,EQ,Automobile and Auto Components,6000,2002-07-01,2026-08-27
MOTILALOFS,Motilal Oswal Financial Services Limited,EQ,Financial Services,4679,2007-09-11,2026-08-27
MOTISONS,Motisons Jewellers Limited,EQ,,664,2023-12-26,2026-08-27
MOTOGENFIN,The Motor & General Finance Limited,BE,,5985,2002-07-23,2026-08-27
MPDL,MPDL Limited,BE,,7,2026-08-18,2026-08-27
MPHASIS,MphasiS Limited,EQ,Information Technology,5999,2002-07-01,2026-08-27
MPSLTD,MPS Limited,EQ,,5998,2002-07-01,2026-08-27
MRF,MRF Limited,EQ,Automobile and Auto Components,5998,2002-07-01,2026-08-27
MRPL,Mangalore Refinery and Petrochemicals Limited,EQ,Oil Gas & Consumable Fuels,6650,2000-01-03,2026-08-27
MSL,Mangalam Seeds Limited,EQ,,7,2026-08-18,2026-08-27
MSPL,MSP Steel & Power Limited,EQ,,5209,2005-07-18,2026-08-27
MSTCLTD,Mstc Limited,EQ,,1835,2019-04-01,2026-08-27
MSUMI,Motherson Sumi Wiring India Limited,EQ,Automobile and Auto Components,1096,2022-03-28,2026-08-27
MTARTECH,Mtar Technologies Limited,BE,,1351,2021-03-15,2026-08-27
MTEDUCARE,MT Educare Limited,BE,,3548,2012-04-12,2026-08-27
MTNL,Mahanagar Telephone Nigam Limited,EQ,,6651,2000-01-03,2026-08-27
MUFIN,Mufin Green Finance Limited,EQ,,696,2023-11-06,2026-08-27
MUFTI,Credo Brands Marketing Limited,EQ,,661,2023-12-27,2026-08-27
MUKANDLTD,Mukand Limited,EQ,,6000,2002-07-01,2026-08-27
MUKESHB,Mukesh Babu Financial Services Limited,EQ,,6,2026-08-18,2026-08-25
MUKKA,Mukka Proteins Limited,EQ,,612,2024-03-07,2026-08-27
MUKTAARTS,Mukta Arts Limited,BE,,5998,2002-07-01,2026-08-27
MUNJALAU,Munjal Auto Industries Limited,EQ,,5695,2003-09-03,2026-08-27
MUNJALSHOW,Munjal Showa Limited,EQ,,6000,2002-07-01,2026-08-27
MURUDCERA,Murudeshwar Ceramics Limited,EQ,,5501,2004-05-28,2026-08-27
MUTHOOTCAP,Muthoot Capital Services Limited,EQ,,2719,2015-08-24,2026-08-27
MUTHOOTFIN,Muthoot Finance Limited,EQ,Financial Services,3780,2011-05-06,2026-08-27
MUTHOOTMF,Muthoot Microfin Limited,EQ,,662,2023-12-26,2026-08-27
MVELECTRO,MV Electrosystems Limited,EQ,,15,2026-08-06,2026-08-27
MVGJL,Manoj Vaibhav Gems N Jewellers Limited,EQ,,717,2023-10-03,2026-08-27
MWL,Mangalam Worldwide Limited,EQ,,1013,2022-07-25,2026-08-27
MYSORPETRO,Mysore Petro Chemicals Limited,BE,,7,2026-08-18,2026-08-27
NACLIND,NACL Industries Limited,EQ,,2322,2017-04-10,2026-08-27
NAGREEKCAP,Nagreeka Capital & Infrastructure Limited,EQ,,5100,2005-12-23,2026-08-27
NAGREEKEXP,Nagreeka Exports Limited,EQ,,5102,2005-12-22,2026-08-27
NAHARCAP,Nahar Capital and Financial Services Limited,EQ,,4551,2008-03-11,2026-08-27
NAHARINDUS,Nahar Industrial Enterprises Limited,EQ,,5108,2005-12-15,2026-08-27
NAHARPOLY,Nahar Poly Films Limited,EQ,,6000,2002-07-01,2026-08-27
NAHARSPING,Nahar Spinning Mills Limited,EQ,,6001,2002-07-01,2026-08-27
NAM-INDIA,Nippon Life India Asset Management Limited,EQ,Financial Services,2180,2017-11-06,2026-08-27
NARMADA,Narmada Agrobase Limited,EQ,,2055,2018-05-04,2026-08-27
NATCAPSUQ,Natural Capsules Limited,EQ,,378,2025-02-14,2026-08-27
NATCOPHARM,Natco Pharma Limited,EQ,Healthcare,6651,2000-01-03,2026-08-27
NATHBIOGEN,Nath Bio-Genes (India) Limited,EQ,,3105,2014-01-28,2026-08-27
NATIONALUM,National Aluminium Company Limited,EQ,Metals & Mining,6650,2000-01-03,2026-08-27
NATIONSTD,National Standard (India) Limited,EQ,,7,2026-08-18,2026-08-27
NAUKRI,Info Edge (India) Limited,EQ,Consumer Services,4879,2006-11-21,2026-08-27
NAVA,NAVA LIMITED,EQ,Power,5999,2002-07-01,2026-08-27
NAVINFLUOR,Navin Fluorine International Limited,EQ,Chemicals,4749,2007-06-01,2026-08-27
NAVKARCORP,Navkar Corporation Limited,EQ,,2708,2015-09-09,2026-08-27
NAVKARURB,Navkar Urbanstructure Limited,BE,,399,2025-01-17,2026-08-27
NAVNETEDUL,Navneet Education Limited,EQ,,6002,2002-07-01,2026-08-27
NAZARA,Nazara Technologies Limited,EQ,,1341,2021-03-30,2026-08-27
NBCC,NBCC (India) Limited,EQ,Construction,3550,2012-04-12,2026-08-27
NBIFIN,N. B. I. Industrial Finance Company Limited,EQ,,2404,2016-12-07,2026-08-27
NCC,NCC Limited,EQ,Construction,5971,2002-08-12,2026-08-27
NCLIND,NCL Industries Limited,EQ,,4788,2007-04-03,2026-08-27
NDGL,Naga Dhunseri Group Limited,EQ,,2468,2016-08-30,2026-08-27
NDL,Nandan Denim Limited,EQ,,5099,2005-12-29,2026-08-27
NDLVENTURE,NDL Ventures Limited,EQ,,5998,2002-07-01,2026-08-27
NDRAUTO,Ndr Auto Components Limited,EQ,,1507,2020-07-30,2026-08-27
NDTV,New Delhi Television Limited,EQ,,5510,2004-05-19,2026-08-27
NEAGI,Neelamalai Agro Industries Limited,EQ,,6,2026-08-18,2026-08-25
NECCLTD,North Eastern Carrying Corporation Limited,BE,,2591,2016-03-02,2026-08-27
NECLIFE,Nectar Lifesciences Limited,EQ,,5211,2005-07-18,2026-08-27
NELCAST,Nelcast Limited,EQ,,4731,2007-06-27,2026-08-27
NELCO,NELCO Limited,EQ,,5999,2002-07-01,2026-08-27
NEOGEN,Neogen Chemicals Limited,EQ,,1811,2019-05-08,2026-08-27
NEPHROPLUS,Nephrocare Health Services Limited,EQ,,174,2025-12-17,2026-08-27
NESCO,Nesco Limited,EQ,,4533,2008-04-08,2026-08-27
NESTLEIND,Nestle India Limited,EQ,Fast Moving Consumer Goods,5973,2002-08-12,2026-08-27
NETWEB,Netweb Technologies India Limited,EQ,Information Technology,765,2023-07-27,2026-08-27
NETWORK18,Network18 Media & Investments Limited,EQ,,5973,2002-08-12,2026-08-27
NEUEON,Neueon Corporation Limited,BE,,4410,2008-10-13,2026-08-27
NEULANDLAB,Neuland Laboratories Limited,EQ,Healthcare,4409,2008-10-13,2026-08-27
NEWGEN,Newgen Software Technologies Limited,EQ,Information Technology,2122,2018-01-29,2026-08-27
NEXTMEDIA,Next Mediaworks Limited,EQ,,5997,2002-07-01,2026-08-27
NFL,National Fertilizers Limited,EQ,,4853,2006-12-28,2026-08-27
NGIL,Nakoda Group of Industries Limited,EQ,,1243,2021-08-20,2026-08-27
NGLFINE,NGL Fine-Chem Limited,EQ,,1024,2022-07-08,2026-08-27
NH,Narayana Hrudayalaya Ltd.,EQ,Healthcare,2631,2016-01-06,2026-08-27
NHPC,NHPC Limited,EQ,Power,4195,2009-09-01,2026-08-27
NIACL,The New India Assurance Company Limited,EQ,Financial Services,2174,2017-11-13,2026-08-27
NIBE,NIBE Limited,EQ,,385,2025-02-07,2026-08-27
NIBL,NRB Industrial Bearings Limited,EQ,,3299,2013-04-16,2026-08-27
NICCOPAR,Nicco Parks & Resorts Limited,EQ,,7,2026-08-18,2026-08-27
NIITLTD,NIIT Limited,EQ,,6131,2002-01-01,2026-08-27
NIITMTS,NIIT Learning Systems Limited,EQ,,753,2023-08-08,2026-08-27
NILAINFRA,Nila Infrastructures Limited,EQ,,2787,2015-05-21,2026-08-27
NILASPACES,Nila Spaces Limited,EQ,,1896,2018-12-28,2026-08-27
NILE,Nile Limited,EQ,,7,2026-08-18,2026-08-27
NILKAMAL,Nilkamal Limited,EQ,,6647,2000-01-03,2026-08-27
NIMBSPROJ,Nimbus Projects Limited,EQ,,101,2026-04-06,2026-08-27
NINSYS,NINtec Systems Limited,EQ,,868,2023-02-21,2026-08-27
NIPPOBATRY,Indo-National Limited,EQ,,5997,2002-07-01,2026-08-27
NIRAJ,Niraj Cement Structurals Limited,EQ,,1462,2020-10-01,2026-08-27
NIRAJISPAT,Niraj Ispat Industries Limited,EQ,,608,2024-03-11,2026-08-25
NIRLON,Nirlon Limited,EQ,,89,2026-04-23,2026-08-27
NITCO,Nitco Limited,EQ,,5044,2006-03-21,2026-08-27
NITINSPIN,Nitin Spinners Limited,EQ,,5075,2006-02-02,2026-08-27
NITIRAJ,Nitiraj Engineers Limited,EQ,,2335,2017-03-16,2026-08-27
NITTAGELA,Nitta Gelatin India Limited,EQ,,90,2026-04-23,2026-08-27
NIVABUPA,Niva Bupa Health Insurance Company Limited,EQ,Financial Services,443,2024-11-14,2026-08-27
NKIND,NK Industries Limited,EQ,,2571,2016-03-31,2026-08-27
NLCINDIA,NLC India Limited,EQ,Power,6485,2000-08-23,2026-08-27
NMDC,NMDC Limited,EQ,Metals & Mining,4559,2008-03-03,2026-08-27
NOCIL,NOCIL Limited,EQ,,6000,2002-07-01,2026-08-27
NOIDATOLL,Noida Toll Bridge Company Limited,EQ,,5884,2002-12-06,2026-08-27
NORBTEAEXP,Norben Tea & Exports Limited,EQ,,5997,2002-07-01,2026-08-27
NORTHARC,Northern Arc Capital Limited,EQ,,481,2024-09-24,2026-08-27
NOVAAGRI,Nova Agritech Limited,BE,,637,2024-01-31,2026-08-27
NOVARTIND,Novartis India Limited,EQ,,880,2020-10-07,2026-08-27
NPST,Network People Services Technologies Limited,EQ,,1223,2021-09-16,2026-08-27
NRAIL,N R Agarwal Industries Limited,EQ,,2324,2017-04-05,2026-08-27
NRBBEARING,NRB Bearing Limited,EQ,,6002,2002-07-01,2026-08-27
NRL,Nupur Recyclers Limited,BE,,1148,2022-01-06,2026-08-27
NSIL,Nalwa Sons Investments Limited,EQ,,6001,2002-07-01,2026-08-27
NSLNISP,NMDC Steel Limited,EQ,Metals & Mining,870,2023-02-20,2026-08-27
NTCIND,NTC Industries Limited,EQ,,7,2026-08-18,2026-08-27
NTPC,NTPC Limited,EQ,Power,5389,2004-11-05,2026-08-27
NTPCGREEN,NTPC Green Energy Limited,EQ,Power,438,2024-11-27,2026-08-27
NUCLEUS,Nucleus Software Exports Limited,EQ,,5875,2002-12-19,2026-08-27
NURECA,Nureca Limited,BE,,1361,2021-02-25,2026-08-27
NUVAMA,Nuvama Wealth Management Limited,EQ,Financial Services,723,2023-09-26,2026-08-27
NUVOCO,Nuvoco Vistas Corporation Limited,EQ,Construction Materials,1244,2021-08-23,2026-08-27
NYKAA,FSN E-Commerce Ventures Limited,EQ,Consumer Services,1189,2021-11-10,2026-08-27
OAL,Oriental Aromatics Limited,EQ,,1581,2020-04-15,2026-08-27
OBCL,OBCL Limited,EQ,,1085,2022-04-07,2026-08-27
OBEROIRLTY,Oberoi Realty Limited,EQ,Realty,3912,2010-10-20,2026-08-27
OCCLLTD,OCCL Limited,BE,,453,2024-10-29,2026-08-27
ODIGMA,Odigma Consultancy Solutions Limited,EQ,,424,2024-12-12,2026-08-27
ODYCORP,Odyssey Corporation Limited,EQ,,7,2026-08-18,2026-08-27
OFSS,Oracle Financial Services Software Limited,EQ,Information Technology,6001,2002-06-28,2026-08-27
OIL,Oil India Limited,EQ,Oil Gas & Consumable Fuels,4176,2009-09-30,2026-08-27
OILCOUNTUB,Oil Country Tubular Limited,BE,,5998,2002-07-01,2026-08-27
OLAELEC,Ola Electric Mobility Limited,EQ,Automobile and Auto Components,512,2024-08-09,2026-08-27
OLECTRA,Olectra Greentech Limited,EQ,Automobile and Auto Components,6000,2002-07-01,2026-08-27
OMAXAUTO,Omax Autos Limited,EQ,,5828,2003-02-24,2026-08-27
OMAXE,Omaxe Limited,EQ,,4700,2007-08-09,2026-08-27
OMFREIGHT,Om Freight Forwarders Limited,BE,,222,2025-10-08,2026-08-27
OMINFRAL,OM INFRA LIMITED,EQ,,3748,2011-06-17,2026-08-27
OMNI,Omnitech Engineering Limited,EQ,,122,2026-03-05,2026-08-27
OMPOWER,Om Power Transmission Limited,EQ,,94,2026-04-17,2026-08-27
ONEGLOBAL,One Global Service Provider Limited,EQ,,7,2026-08-18,2026-08-27
ONELIFECAP,Onelife Capital Advisors Limited,BE,,3666,2011-10-17,2026-08-27
ONEPOINT,One Point One Solutions Limited,EQ,,2143,2017-12-26,2026-08-27
ONESOURCE,Onesource Specialty Pharma Limited,EQ,Healthcare,396,2025-01-24,2026-08-27
ONGC,Oil & Natural Gas Corporation Limited,EQ,Oil Gas & Consumable Fuels,6650,2000-01-03,2026-08-27
ONIDA,Onida Electronics Limited,EQ,,6001,2002-07-01,2026-08-27
ONIXSOLAR,Onix Solar Energy Limited,EQ,,8,2026-08-18,2026-08-27
ONMOBILE,OnMobile Global Limited,BE,,4567,2008-02-19,2026-08-27
ONWARDTEC,Onward Technologies Limited,EQ,,5997,2002-07-01,2026-08-27
OPTIEMUS,Optiemus Infracom Limited,EQ,,2238,2017-08-08,2026-08-27
OPTIFIN,Optimus Finance Limited,EQ,,7,2026-08-18,2026-08-27
ORBTEXP,Orbit Exports Limited,BE,,3161,2013-11-05,2026-08-27
ORCHASP,Orchasp Limited,EQ,,384,2025-02-07,2026-08-27
ORCHPHARMA,Orchid Pharma Limited,EQ,,5999,2002-07-01,2026-08-27
ORICONENT,Oricon Enterprises Limited,EQ,,2740,2015-07-24,2026-08-27
ORIENTALTL,Oriental Trimex Limited,EQ,,4807,2007-03-07,2026-08-27
ORIENTBELL,Orient Bell Limited,EQ,,4820,2007-02-14,2026-08-27
ORIENTCEM,Orient Cement Limited,EQ,,3239,2013-07-12,2026-08-27
ORIENTCER,ORIENT CERATECH LIMITED,EQ,,5108,2005-12-15,2026-08-27
ORIENTELEC,Orient Electric Limited,EQ,,2051,2018-05-14,2026-08-27
ORIENTHOT,Oriental Hotels Limited,EQ,,5999,2002-07-01,2026-08-27
ORIENTLTD,Orient Press Limited,BE,,6000,2002-07-01,2026-08-27
ORIENTPPR,Orient Paper & Industries Limited,EQ,,6001,2002-07-01,2026-08-27
ORIENTTECH,Orient Technologies Limited,EQ,,499,2024-08-28,2026-08-27
ORIRAIL,Oriental Rail Infrastructure Limited,EQ,,8,2026-08-18,2026-08-27
ORISSAMINE,The Orissa Minerals Development Company Limited,EQ,,3928,2010-09-29,2026-08-27
ORKLAINDIA,Orkla India Limited,EQ,,203,2025-11-06,2026-08-27
ORTINGLOBE,ORTIN GLOBAL LIMITED,EQ,,2718,2015-08-21,2026-08-27
OSIAHYPER,Osia Hyper Retail Limited,BE,,1818,2019-04-23,2026-08-27
OSWALAGRO,Oswal Agro Mills Limited,EQ,,1965,2018-09-14,2026-08-27
OSWALGREEN,Oswal Greentech Limited,EQ,,5999,2002-07-01,2026-08-27
OSWALPUMPS,Oswal Pumps Limited,EQ,,297,2025-06-20,2026-08-27
OSWALSEEDS,ShreeOswal Seeds And Chemicals Limited,EQ,,2012,2018-07-04,2026-08-27
PACEDIGITK,Pace Digitek Limited,EQ,,225,2025-10-06,2026-08-27
PACIFICI,Pacific Industries Limited,EQ,,7,2026-08-18,2026-08-27
PAGEIND,Page Industries Limited,EQ,Textiles,4799,2007-03-16,2026-08-27
PAISALO,Paisalo Digital Limited,EQ,,4250,2009-06-16,2026-08-27
PAKKA,PAKKA LIMITED,EQ,,776,2023-07-11,2026-08-27
PALASHSECU,Palash Securities Limited,EQ,,2244,2017-07-31,2026-08-27
PALREDTEC,Palred Technologies Limited,BE,,5553,2004-03-15,2026-08-27
PANACEABIO,Panacea Biotec Limited,EQ,,6003,2002-07-01,2026-08-27
PANACHE,Panache Digilife Limited,BE,,2306,2017-04-28,2026-08-27
PANAMAPET,Panama Petrochem Limited,EQ,,3677,2011-09-30,2026-08-27
PANCHMAHQ,Panchmahal Steel Limited,EQ,,6,2026-08-18,2026-08-25
PANORAMA,Panorama Studios International Limited,EQ,,7,2026-08-18,2026-08-27
PANSARI,Pansari Developers Limited,EQ,,2330,2017-03-22,2026-08-27
PAR,Par Drugs And Chemicals Limited,EQ,,1793,2019-05-30,2026-08-27
PARACABLES,Paramount Communications Limited,EQ,,4849,2007-01-03,2026-08-27
PARADEEP,Paradeep Phosphates Limited,EQ,Chemicals,1055,2022-05-27,2026-08-27
PARAGMILK,Parag Milk Foods Limited,EQ,,2542,2016-05-19,2026-08-27
PARAS,Paras Defence and Space Technologies Limited,EQ,,1216,2021-10-01,2026-08-27
PARASPETRO,Paras Petrofils Limited,EQ,,5973,2002-08-02,2026-08-27
PARKHOSPS,Park Medi World Limited,EQ,,175,2025-12-17,2026-08-27
PARKHOTELS,Apeejay Surrendra Park Hotels Limited,EQ,,632,2024-02-12,2026-08-27
PARNAXLAB,Parnax Lab Limited,EQ,,6,2026-08-18,2026-08-25
PARSVNATH,Parsvnath Developers Limited,BE,,4871,2006-11-30,2026-08-27
PASHUPATI,Pashupati Cotspin Limited,EQ,,2215,2017-09-08,2026-08-27
PASUPTAC,Pasupati Acrylon Limited,BE,,1207,2021-10-12,2026-08-27
PATANJALI,Patanjali Foods Limited,EQ,Fast Moving Consumer Goods,6000,2002-07-01,2026-08-27
PATELENG,Patel Engineering Limited,EQ,,5312,2005-02-24,2026-08-27
PATELRMART,Patel Retail Limited,EQ,,251,2025-08-26,2026-08-27
PATINTLOG,Patel Integrated Logistics Limited,BE,,4592,2008-01-11,2026-08-27
PAUSHAKLTD,Paushak Limited,EQ,,185,2025-12-01,2026-08-27
PAVNAIND,Pavna Industries Limited,EQ,,1343,2021-03-24,2026-08-27
PAYTM,One 97 Communications Limited,EQ,Financial Services,1184,2021-11-18,2026-08-27
PBMPOLY,PBM Polytex Limited,EQ,,7,2026-08-18,2026-08-27
PCBL,PCBL Chemical Limited,EQ,Chemicals,6000,2002-07-01,2026-08-27
PCJEWELLER,PC Jeweller Limited,EQ,,3376,2012-12-27,2026-08-27
PDMJEPAPER,Pudumjee Paper Products Limited,EQ,,2575,2016-03-30,2026-08-27
PDSL,PDS Limited,EQ,,2926,2014-10-21,2026-08-27
PEARLPOLY,Pearl Polymers Limited,EQ,,6000,2002-07-01,2026-08-27
PENIND,Pennar Industries Limited,EQ,,3888,2010-11-25,2026-08-27
PENINLAND,Peninsula Land Limited,BE,,6002,2002-07-01,2026-08-27
PERMAGN,Permanent Magnets Limited,EQ,,7,2026-08-18,2026-08-27
PERSISTENT,Persistent Systems Limited,EQ,Information Technology,4053,2010-04-06,2026-08-27
PETRONET,Petronet LNG Limited,EQ,Oil Gas & Consumable Fuels,5549,2004-03-26,2026-08-27
PFC,Power Finance Corporation Limited,EQ,Financial Services,4816,2007-02-23,2026-08-27
PFIZER,Pfizer Limited,EQ,Healthcare,5998,2002-07-01,2026-08-27
PFOCUS,Prime Focus Limited,EQ,Media Entertainment & Publication,4984,2006-06-20,2026-08-27
PFS,PTC India Financial Services Limited,EQ,,3804,2011-03-30,2026-08-27
PGEL,PG Electroplast Limited,EQ,Consumer Durables,3682,2011-09-26,2026-08-27
PGHH,Procter & Gamble Hygiene and Health Care Limited,EQ,,5969,2002-08-12,2026-08-27
PGHL,Procter & Gamble Health Limited,EQ,,5997,2002-07-01,2026-08-27
PGIL,Pearl Global Industries Limited,EQ,,4820,2007-02-15,2026-08-27
PHOENIXLTD,The Phoenix Mills Limited,EQ,Realty,4774,2007-04-23,2026-08-27
PHOENXINTL,Phoenix International Limited,EQ,,7,2026-08-18,2026-08-27
PICCADIL,Piccadily Agro Industries Limited,EQ,,289,2025-07-02,2026-08-27
PIDILITIND,Pidilite Industries Limited,EQ,Chemicals,5999,2002-07-01,2026-08-27
PIGL,Power & Instrumentation (Gujarat) Limited,EQ,,2053,2018-05-08,2026-08-27
PIIND,PI Industries Limited,EQ,Chemicals,3752,2011-06-15,2026-08-27
PILANIINVS,Pilani Investment and Industries Corporation Limited,EQ,,3659,2011-10-25,2026-08-27
PILITA,PIL ITALICA LIFESTYLE LIMITED,EQ,,5966,2002-08-12,2026-08-27
PINELABS,Pine Labs Limited,EQ,Financial Services,198,2025-11-14,2026-08-27
PIONEEREMB,Pioneer Embroideries Limited,EQ,,5008,2006-05-16,2026-08-27
PIONRINV,Pioneer Investcorp Limited,BE,,7,2026-08-18,2026-08-27
PIRAMALFIN,Piramal Finance Limited,EQ,Financial Services,203,2025-11-07,2026-08-27
PITTIENG,Pitti Engineering Limited,EQ,,4828,2007-02-02,2026-08-27
PIXTRANS,Pix Transmissions Limited,EQ,,1072,2022-04-28,2026-08-27
PKTEA,The Peria Karamalai Tea & Produce Company Limited,EQ,,3990,2010-06-30,2026-08-27
PLASTIBLEN,Plastiblends India Limited,EQ,,4852,2006-12-28,2026-08-27
PLATIND,Platinum Industries Limited,EQ,,615,2024-03-05,2026-08-27
PLAZACABLE,Plaza Wires Limited,EQ,,711,2023-10-12,2026-08-27
PML,Paul Merchants Limited,EQ,,6,2026-08-19,2026-08-27
PNB,Punjab National Bank,EQ,Financial Services,6002,2002-07-01,2026-08-27
PNBGILTS,PNB Gilts Limited,EQ,,6003,2002-07-01,2026-08-27
PNBHOUSING,PNB Housing Finance Limited,EQ,Financial Services,2427,2016-11-07,2026-08-27
PNC,Pritish Nandy Communications Limited,EQ,,5998,2002-07-01,2026-08-27
PNCINFRA,PNC Infratech Limited,EQ,,2784,2015-05-26,2026-08-27
PNGJL,P N Gadgil Jewellers Limited,EQ,,486,2024-09-17,2026-08-27
PNGSREVA,PNGS Reva Diamond Jewellery Limited,EQ,,122,2026-03-04,2026-08-27
POCL,Pondy Oxides & Chemicals Limited,EQ,,3924,2010-10-01,2026-08-27
PODDARMENT,Poddar Pigments Limited,EQ,,2415,2016-11-22,2026-08-27
POEL,POCL Enterprises Limited,EQ,,8,2026-08-18,2026-08-27
POKARNA,Pokarna Limited,EQ,,2508,2016-07-07,2026-08-27
POLICYBZR,PB Fintech Limited,EQ,Financial Services,1185,2021-11-15,2026-08-27
POLYCAB,Polycab India Limited,EQ,Capital Goods,1824,2019-04-16,2026-08-27
POLYMED,Poly Medicure Limited,EQ,Healthcare,3636,2011-12-07,2026-08-27
POLYPLEX,Polyplex Corporation Limited,EQ,,5999,2002-07-01,2026-08-27
POLYSPIN,Polyspin Exports Limited,EQ,,7,2026-08-18,2026-08-27
PONNIERODE,Ponni Sugars (Erode) Limited,EQ,,5997,2002-07-01,2026-08-27
POONAWALLA,Poonawalla Fincorp Limited,EQ,Financial Services,5526,2004-04-27,2026-08-27
POWERGRID,Power Grid Corporation of India Limited,EQ,Power,4662,2007-10-05,2026-08-27
POWERICA,Powerica Limited,EQ,,103,2026-04-02,2026-08-27
POWERINDIA,Hitachi Energy India Limited,EQ,Capital Goods,1590,2020-03-30,2026-08-27
POWERMECH,Power Mech Projects Limited,EQ,,2717,2015-08-26,2026-08-27
PPAP,PPAP Automotive Limited,BE,,4592,2008-01-11,2026-08-27
PPL,Prakash Pipes Limited,BE,,1783,2019-06-17,2026-08-27
PPLPHARMA,Piramal Pharma Limited,EQ,Healthcare,955,2022-10-19,2026-08-27
PRABHA,Prabha Energy Limited,EQ,,358,2025-03-19,2026-08-27
PRADPME,Pradeep Metals Limited,BE,,7,2026-08-18,2026-08-27
PRAENG,Prajay Engineers Syndicate Limited,EQ,,4847,2007-01-03,2026-08-27
PRAJIND,Praj Industries Limited,EQ,,6000,2002-07-01,2026-08-27
PRAKASH,Prakash Industries Limited,EQ,,5999,2002-07-01,2026-08-27
PRAKASHSTL,Prakash Steelage Limited,EQ,,3951,2010-08-25,2026-08-27
PRAVEG,Praveg Limited,EQ,,7,2026-08-18,2026-08-27
PRAXIS,Praxis Home Retail Limited,EQ,,2118,2018-01-31,2026-08-27
PRECAM,Precision Camshafts Limited,EQ,,2609,2016-02-08,2026-08-27
PRECOT,Precot Limited,EQ,,5186,2005-08-19,2026-08-27
PRECWIRE,Precision Wires India Limited,EQ,,6000,2002-07-01,2026-08-27
PREMCO,Premco Global Limited,EQ,,7,2026-08-18,2026-08-27
PREMEXPLN,Premier Explosives Limited,EQ,,2521,2016-06-17,2026-08-27
PREMIER,Premier Limited,BE,,6165,2001-11-09,2026-08-27
PREMIERENE,Premier Energies Limited,EQ,Capital Goods,496,2024-09-03,2026-08-27
PREMIERPOL,Premier Polyfilm Limited,EQ,,3460,2012-08-16,2026-08-27
PRESTIGE,Prestige Estates Projects Limited,EQ,Realty,3909,2010-10-27,2026-08-27
PRICOLLTD,Pricol Limited,EQ,,6001,2002-07-01,2026-08-27
PRIMESECU,Prime Securities Limited,EQ,,6000,2002-07-01,2026-08-27
PRIMO,Primo Chemicals Limited,EQ,,337,2025-04-22,2026-08-27
PRINCEPIPE,Prince Pipes And Fittings Limited,EQ,,1652,2019-12-30,2026-08-27
PRISMX,Prismx Global Ventures Limited,EQ,,7,2026-08-18,2026-08-27
PRITI,Priti International Limited,BE,,2009,2018-07-05,2026-08-27
PRITIKAUTO,Pritika Auto Industries Limited,BE,,1250,2021-08-10,2026-08-27
PRIVISCL,Privi Speciality Chemicals Limited,EQ,,2796,2015-05-08,2026-08-27
PROSTARM,Prostarm Info Systems Limited,EQ,,309,2025-06-03,2026-08-27
PROTEAN,Protean eGov Technologies Limited,EQ,,386,2025-02-06,2026-08-27
PROZONER,Prozone Realty Limited,EQ,,3442,2012-09-12,2026-08-27
PRSMJOHNSN,Prism Johnson Limited,EQ,,5998,2002-07-01,2026-08-27
PRUDENT,Prudent Corporate Advisory Services Limited,EQ,,1058,2022-05-20,2026-08-27
PRUDMOULI,Prudential Sugar Corporation Limited,BE,,662,2023-12-22,2026-08-27
PSB,Punjab & Sind Bank,EQ,,3866,2010-12-30,2026-08-27
PSPPROJECT,PSP Projects Limited,EQ,,2287,2017-05-29,2026-08-27
PTC,PTC India Limited,EQ,,5539,2004-04-07,2026-08-27
PTCIL,PTC Industries Limited,EQ,Capital Goods,796,2023-06-09,2026-08-27
PTL,PTL Enterprises Limited,EQ,,4831,2007-01-29,2026-08-27
PUNJABCHEM,Punjab Chemicals & Crop Protection Limited,EQ,,4803,2007-03-08,2026-08-27
PURVA,Puravankara Limited,EQ,,4685,2007-08-30,2026-08-27
PVP,PVP Ventures Limited,EQ,,6649,2000-01-03,2026-08-27
PVRINOX,PVR INOX Limited,EQ,Media Entertainment & Publication,5095,2006-01-04,2026-08-27
PVSL,Popular Vehicles and Services Limited,EQ,,605,2024-03-19,2026-08-27
PWL,Physicswallah Limited,EQ,Consumer Services,196,2025-11-18,2026-08-27
PYRAMID,Pyramid Technoplast Limited,EQ,,740,2023-08-29,2026-08-27
QMSMEDI,QMS Medical Allied Services Limited,BE,,959,2022-10-11,2026-08-27
QPOWER,Quality Power Electrical Equipments Limited,EQ,,374,2025-02-24,2026-08-27
QUADFUTURE,Quadrant Future Tek Limited,EQ,,405,2025-01-14,2026-08-27
QUESS,Quess Corp Limited,EQ,,2506,2016-07-12,2026-08-27
QUICKHEAL,Quick Heal Technologies Limited,BE,,2601,2016-02-18,2026-08-27
QUINT,Quint Digital Limited,EQ,,7,2026-08-18,2026-08-27
RACE,Race Eco Chain Limited,EQ,,818,2023-05-09,2026-08-27
RACLGEAR,RACL Geartech Limited,EQ,,428,2024-12-06,2026-08-27
RADAAN,Radaan Mediaworks India Limited,EQ,,5823,2003-03-03,2026-08-27
RADHIKAJWE,Radhika Jeweltech Limited,EQ,,1017,2022-07-18,2026-08-27
RADIANTCMS,Radiant Cash Management Services Limited,EQ,,903,2023-01-04,2026-08-27
RADICO,Radico Khaitan Limited,EQ,Fast Moving Consumer Goods,5749,2003-06-18,2026-08-27
RADIOCITY,Music Broadcast Limited,EQ,,2336,2017-03-17,2026-08-27
RAILTEL,Railtel Corporation Of India Limited,EQ,Telecommunication,1361,2021-02-26,2026-08-27
RAIN,Rain Industries Limited,EQ,,5973,2002-08-12,2026-08-27
RAINBOW,Rainbow Childrens Medicare Limited,EQ,Healthcare,1066,2022-05-10,2026-08-27
RAJESHEXPO,Rajesh Exports Limited,BZ,,6002,2002-07-01,2026-08-27
RAJMET,Rajnandini Metal Limited,EQ,,1939,2018-10-23,2026-08-27
RAJOOENG,Rajoo Engineers Limited,BE,,314,2025-05-29,2026-08-27
RAJPALAYAM,Rajapalayam Mills Limited,EQ,,95,2026-04-15,2026-08-27
RAJRATAN,Rajratan Global Wire Limited,EQ,,1556,2020-05-22,2026-08-27
RAJRILTD,Raj Rayon Industries Limited,BE,,4846,2007-01-04,2026-08-27
RAJSREESUG,Rajshree Sugars & Chemicals Limited,EQ,,5997,2002-07-01,2026-08-27
RAJTV,Raj Television Network Limited,EQ,,4799,2007-03-16,2026-08-27
RALLIS,Rallis India Limited,EQ,,6000,2002-07-01,2026-08-27
RAMANEWS,Shree Rama Newsprint Limited,EQ,,6000,2002-07-01,2026-08-27
RAMAPHO,Rama Phosphates Limited,EQ,,1003,2022-08-05,2026-08-27
RAMASTEEL,Rama Steel Tubes Limited,BE,,2719,2015-08-24,2026-08-27
RAMBHAJO,Advit Jewels Limited,EQ,,41,2026-07-01,2026-08-27
RAMCOCEM,The Ramco Cements Limited,EQ,Construction Materials,5999,2002-07-01,2026-08-27
RAMCOIND,Ramco Industries Limited,EQ,,6000,2002-07-01,2026-08-27
RAMCOSYS,Ramco Systems Limited,EQ,,5968,2002-08-12,2026-08-27
RAMKY,Ramky Infrastructure Limited,EQ,,3920,2010-10-08,2026-08-27
RAMRAT,Ram Ratna Wires Limited,EQ,,1008,2022-07-29,2026-08-27
RANASUG,Rana Sugars Limited,EQ,,5311,2005-02-24,2026-08-27
RANEHOLDIN,Rane Holdings Limited,EQ,,6001,2002-07-01,2026-08-27
RATEGAIN,Rategain Travel Technologies Limited,EQ,,1163,2021-12-17,2026-08-27
RATNAMANI,Ratnamani Metals & Tubes Limited,EQ,,5014,2006-05-09,2026-08-27
RATNAVEER,Ratnaveer Precision Engineering Limited,EQ,,733,2023-09-11,2026-08-27
RAYMOND,Raymond Limited,EQ,,6649,2000-01-03,2026-08-27
RAYMONDLSL,Raymond Lifestyle Limited,EQ,,493,2024-09-05,2026-08-27
RAYMONDREL,Raymond Realty Limited,EQ,,291,2025-07-01,2026-08-27
RBA,Restaurant Brands Asia Limited,EQ,,1412,2020-12-14,2026-08-27
RBLBANK,RBL Bank Limited,EQ,Financial Services,2471,2016-08-31,2026-08-27
RBZJEWEL,RBZ Jewellers Limited,EQ,,661,2023-12-27,2026-08-27
RCF,Rashtriya Chemicals and Fertilizers Limited,EQ,,6000,2002-07-01,2026-08-27
RCOM,Reliance Communications Limited,BE,,5968,2002-08-12,2026-08-27
RECLTD,REC Limited,EQ,Financial Services,4553,2008-03-12,2026-08-27
REDINGTON,Redington Limited,EQ,Services,4820,2007-02-15,2026-08-27
REDTAPE,Redtape Limited,EQ,,753,2023-08-11,2026-08-27
REFEX,Refex Industries Limited,EQ,,4133,2009-12-03,2026-08-27
REGAAL,Regaal Resources Limited,EQ,,254,2025-08-20,2026-08-27
REGENCERAM,Regency Ceramics Limited,EQ,,5999,2002-07-01,2026-08-27
RELAXO,Relaxo Footwears Limited,EQ,,3748,2011-06-17,2026-08-27
RELCHEMQ,Reliance Chemotex Industries Limited,EQ,,1055,2022-05-25,2026-08-27
RELIABLE,Reliable Data Services Limited,EQ,,2190,2017-10-12,2026-08-27
RELIANCE,Reliance Industries Limited,EQ,Oil Gas & Consumable Fuels,6650,2000-01-03,2026-08-27
RELIGARE,Religare Enterprises Limited,EQ,,4628,2007-11-21,2026-08-27
RELINFRA,Reliance Infrastructure Limited,BE,,6653,2000-01-03,2026-08-27
RELTD,Ravindra Energy Limited,EQ,,519,2024-07-30,2026-08-27
REMSONSIND,Remsons Industries Limited,EQ,,6001,2002-07-01,2026-08-27
RENUKA,Shree Renuka Sugars Limited,EQ,,5140,2005-10-31,2026-08-27
REPCOHOME,Repco Home Finance Limited,EQ,,3310,2013-04-01,2026-08-27
REPL,Rudrabhishek Enterprises Limited,BE,,1996,2018-07-27,2026-08-27
REPRO,Repro India Limited,EQ,,5405,2004-10-12,2026-08-27
RESPONIND,Responsive Industries Limited,EQ,,3905,2010-10-29,2026-08-27
RETAIL,JHS Svendgaard Retail Ventures Limited,EQ,,540,2024-06-26,2026-08-27
RGL,Renaissance Global Limited,EQ,,4615,2007-12-12,2026-08-27
RHETAN,Rhetan TMT Limited,EQ,,230,2025-09-26,2026-08-27
RHFL,Reliance Home Finance Limited,BZ,,2208,2017-09-22,2026-08-27
RHIM,RHI MAGNESITA INDIA LIMITED,EQ,Capital Goods,3570,2012-03-12,2026-08-27
RHL,Robust Hotels Limited,EQ,,827,2023-04-25,2026-08-25
RICOAUTO,Rico Auto Industries Limited,EQ,,5999,2002-07-02,2026-08-27
RIIL,Reliance Industrial Infrastructure Limited,EQ,,6649,2000-01-03,2026-08-27
RIR,RIR Power Electronics Limited,EQ,,30,2026-07-16,2026-08-27
RISHABH,Rishabh Instruments Limited,EQ,,731,2023-09-11,2026-08-27
RITCO,Ritco Logistics Limited,EQ,,1082,2022-04-12,2026-08-27
RITES,RITES Limited,EQ,Construction,2016,2018-07-03,2026-08-27
RKDL,Ravi Kumar Distilleries Limited,EQ,,3867,2010-12-27,2026-08-27
RKEC,RKEC Projects Limited,EQ,,2196,2017-10-09,2026-08-27
RKFORGE,Ramkrishna Forgings Limited,EQ,Automobile and Auto Components,5520,2004-05-05,2026-08-27
RKSWAMY,R K Swamy Limited,EQ,,610,2024-03-12,2026-08-27
RMC,RMC Switchgears Limited,EQ,,103,2026-04-02,2026-08-27
RMDRIP,R M Drip and Sprinklers Systems Limited,BE,,2200,2017-10-04,2026-08-27
RML,Rane (Madras) Limited,EQ,,5181,2005-08-30,2026-08-27
RNBDENIMS,R&B Denims Limited,EQ,,245,2025-09-04,2026-08-27
ROHLTD,Royal Orchid Hotels Limited,EQ,,5072,2006-02-06,2026-08-27
ROLEXRINGS,Rolex Rings Limited,EQ,,1253,2021-08-09,2026-08-27
ROLLT,Rollatainers Limited,BE,,2415,2016-11-22,2026-08-27
ROML,Raj Oil Mills Limited,EQ,,4205,2009-08-12,2026-08-27
ROSSARI,Rossari Biotech Limited,EQ,,1513,2020-07-23,2026-08-27
ROSSELLIND,Rossell India Limited,EQ,,3433,2012-09-25,2026-08-27
ROSSTECH,Rossell Techsys Limited,EQ,,428,2024-12-10,2026-08-27
ROTO,Roto Pumps Limited,EQ,,1079,2022-04-21,2026-08-27
ROUTE,ROUTE MOBILE LIMITED,EQ,,1471,2020-09-21,2026-08-27
RPEL,Raghav Productivity Enhancers Limited,EQ,,512,2024-08-08,2026-08-27
RPGLIFE,RPG Life Sciences Limited,EQ,,5968,2002-08-12,2026-08-27
RPOWER,Reliance Power Limited,EQ,Power,4574,2008-02-11,2026-08-27
RPPINFRA,R.P.P. Infra Projects Limited,EQ,,3881,2010-12-06,2026-08-27
RPPL,Rajshree Polypack Limited,BE,,1948,2018-10-09,2026-08-27
RPSGVENT,RPSG VENTURES LIMITED,EQ,,1876,2019-01-25,2026-08-27
RPTECH,Rashi Peripherals Limited,EQ,,630,2024-02-14,2026-08-27
RRECL,RDB Real Estate Constructions Limited,EQ,,6,2026-08-18,2026-08-25
RRIL,RRIL Limited,EQ,,7,2026-08-18,2026-08-27
RRKABEL,R R Kabel Limited,EQ,Capital Goods,725,2023-09-20,2026-08-27
RSDFIN,RSD Finance Limited,BE,,7,2026-08-18,2026-08-27
RSL,Rajputana Stainless Limited,EQ,,112,2026-03-19,2026-08-27
RSSOFTWARE,R. S. Software (India) Limited,EQ,,5999,2002-07-01,2026-08-27
RSWM,RSWM Limited,BE,,5999,2002-07-01,2026-08-27
RSYSTEMS,R Systems International Limited,EQ,,5022,2006-04-26,2026-08-27
RTNINDIA,RattanIndia Enterprises Limited,EQ,,3474,2012-07-30,2026-08-27
RTNPOWER,RattanIndia Power Limited,EQ,,4155,2009-10-30,2026-08-27
RTSPOWR,RTS Power Corporation Limited,EQ,,7,2026-08-18,2026-08-27
RUBFILA,Rubfila International Limited,EQ,,509,2024-08-09,2026-08-27
RUBICON,Rubicon Research Limited,EQ,,214,2025-10-16,2026-08-27
RUBYMILLS,The Ruby Mills Limited,BE,,5995,2002-07-05,2026-08-27
RUCHINFRA,Ruchi Infrastructure Limited,EQ,,5955,2002-09-02,2026-08-27
RUCHIRA,Ruchira Papers Limited,EQ,,4856,2006-12-20,2026-08-27
RUDRA,Rudra Global Infra Products Limited,EQ,,171,2025-12-19,2026-08-27
RUPA,Rupa & Company Limited,EQ,,3634,2011-12-07,2026-08-27
RUSHIL,Rushil Decor Limited,EQ,,3736,2011-07-07,2026-08-27
RUSTOMJEE,Keystone Realtors Limited,EQ,,930,2022-11-24,2026-08-27
RVHL,Ravinder Heights Limited,EQ,,1407,2020-12-18,2026-08-27
RVNL,Rail Vikas Nigam Limited,EQ,Construction,1827,2019-04-11,2026-08-27
RVTH,Revathi Equipment India Limited,EQ,,487,2024-09-11,2026-08-27
S&SPOWER,S&S Power Switchgears Limited,EQ,,1587,2020-03-30,2026-08-27
SAATVIKGL,Saatvik Green Energy Limited,EQ,,229,2025-09-26,2026-08-27
SAB,SAB Industries Limited,EQ,,4,2026-08-20,2026-08-25
SADBHAV,Sadbhav Engineering Limited,EQ,,5056,2006-03-01,2026-08-27
SADBHIN,Sadbhav Infrastructure Project Limited,BE,,2702,2015-09-16,2026-08-27
SADHNANIQ,Sadhana Nitrochem Limited,BE,,822,2023-05-05,2026-08-27
SAFARI,Safari Industries (India) Limited,EQ,,1723,2019-09-12,2026-08-27
SAGARDEEP,Sagardeep Alloys Limited,EQ,,2256,2017-07-13,2026-08-27
SAGCEM,Sagar Cements Limited,EQ,,4831,2007-01-29,2026-08-27
SAGILITY,SAGILITY LIMITED,EQ,Information Technology,447,2024-11-12,2026-08-27
SAHLIBHFI,Shalibhadra Finance Limited,EQ,,97,2026-04-10,2026-08-27
SAHYADRI,Sahyadri Industries Limited,EQ,,839,2023-04-06,2026-08-27
SAICAPI,Sai Capital Limited,EQ,,7,2026-08-18,2026-08-27
SAIL,Steel Authority of India Limited,EQ,Metals & Mining,6653,2000-01-03,2026-08-27
SAILIFE,Sai Life Sciences Limited,EQ,Healthcare,422,2024-12-18,2026-08-27
SAIPARENT,Sai Parenterals Limited,EQ,,103,2026-04-02,2026-08-27
SAKAR,Sakar Healthcare Limited,EQ,,2336,2017-03-16,2026-08-27
SAKHTISUG,Sakthi Sugars Limited,EQ,,5999,2002-07-01,2026-08-27
SAKSOFT,Saksoft Limited,EQ,,5261,2005-05-09,2026-08-27
SAKUMA,Sakuma Exports Limited,EQ,,5052,2006-03-08,2026-08-27
SALASAR,Salasar Techno Engineering Limited,EQ,,2250,2017-07-25,2026-08-27
SALONA,Salona Cotspin Limited,EQ,,3962,2010-08-09,2026-08-27
SALSTEEL,S.A.L. Steel Limited,EQ,,5373,2004-11-24,2026-08-27
SALZERELEC,Salzer Electronics Limited,EQ,,2656,2015-12-02,2026-08-27
SAMBANDAM,Sambandam Spinning Mills Limited,EQ,,3,2026-08-24,2026-08-27
SAMBHAAV,Sambhaav Media Limited,EQ,,5999,2002-07-02,2026-08-27
SAMBHV,Sambhv Steel Tubes Limited,EQ,,288,2025-07-02,2026-08-27
SAMHI,Samhi Hotels Limited,EQ,,725,2023-09-22,2026-08-27
SAMMAANCAP,Sammaan Capital Limited,EQ,Financial Services,3233,2013-07-23,2026-08-27
SAMPANN,Sampann Utpadan India Limited,EQ,,3472,2012-07-27,2026-08-27
SANATHAN,Sanathan Textiles Limited,EQ,,415,2024-12-27,2026-08-27
SANDESH,The Sandesh Limited,EQ,,5997,2002-07-01,2026-08-27
SANDHAR,Sandhar Technologies Limited,EQ,,2080,2018-04-02,2026-08-27
SANDUMA,Sandur Manganese & Iron Ores Limited,EQ,,736,2023-09-07,2026-08-27
SANGAMIND,Sangam (India) Limited,EQ,,5998,2002-07-01,2026-08-27
SANGHVIMOV,Sanghvi Movers Limited,EQ,,4834,2007-01-24,2026-08-27
SANGINITA,Sanginita Chemicals Limited,BE,,2337,2017-03-16,2026-08-27
SANOFI,Sanofi India Limited,EQ,,5998,2002-07-01,2026-08-27
SANOFICONR,Sanofi Consumer Healthcare India Limited,EQ,,486,2024-09-13,2026-08-27
SANSERA,Sansera Engineering Limited,EQ,,1221,2021-09-24,2026-08-27
SANSTAR,Sanstar Limited,EQ,,521,2024-07-26,2026-08-27
SANWARIA,Sanwaria Consumer Limited,BZ,,5040,2006-03-27,2026-08-27
SAPPHIRE,Sapphire Foods India Limited,EQ,Consumer Services,1184,2021-11-18,2026-08-27
SAPPL,Shree Ajit Pulp & Paper Limited,EQ,,7,2026-08-18,2026-08-27
SARDAEN,Sarda Energy & Minerals Limited,EQ,Metals & Mining,4134,2009-12-03,2026-08-27
SAREGAMA,Saregama India Limited,EQ,Media Entertainment & Publication,5999,2002-07-01,2026-08-27
SARLAPOLY,Sarla Performance Fibers Limited,EQ,,4837,2007-01-19,2026-08-27
SARVESHWAR,Sarveshwar Foods Limited,EQ,,2088,2018-03-15,2026-08-27
SASKEN,Sasken Technologies Limited,EQ,,5173,2005-09-09,2026-08-27
SATIA,Satia Industries Limited,EQ,,1761,2019-07-17,2026-08-27
SATIN,Satin Creditcare Network Limited,EQ,,2716,2015-08-27,2026-08-27
SAURASHCEM,Saurashtra Cement Limited,EQ,,619,2024-02-27,2026-08-27
SAYAJIHOTL,Sayaji Hotels Limited,EQ,,96,2026-04-13,2026-08-27
SAYAJIIND,Sayaji Industries Limited,EQ,,6,2026-08-18,2026-08-25
SBC,SBC Exports Limited,EQ,,1181,2021-11-23,2026-08-27
SBCL,Shivalik Bimetal Controls Limited,EQ,,1282,2021-06-24,2026-08-27
SBFC,SBFC Finance Limited,EQ,Financial Services,751,2023-08-16,2026-08-27
SBGLP,Suratwwala Business Group Limited,EQ,,874,2023-02-10,2026-08-27
SBICARD,SBI Cards and Payment Services Limited,EQ,Financial Services,1601,2020-03-16,2026-08-27
SBIFUNDS,SBI Funds Management Limited,EQ,,28,2026-07-21,2026-08-27
SBILIFE,SBI Life Insurance Company Limited,EQ,Financial Services,2202,2017-10-03,2026-08-27
SBIN,State Bank of India,EQ,Financial Services,6651,2000-01-03,2026-08-27
SCANSTL,Scan Steels Limited,BE,,7,2026-08-18,2026-08-27
SCHAEFFLER,Schaeffler India Limited,EQ,Automobile and Auto Components,5999,2002-07-01,2026-08-27
SCHAND,S Chand And Company Limited,EQ,,2301,2017-05-09,2026-08-27
SCHNEIDER,Schneider Electric Infrastructure Limited,EQ,Capital Goods,3565,2012-03-20,2026-08-27
SCI,Shipping Corporation Of India Limited,EQ,Services,6000,2002-07-01,2026-08-27
SCILAL,Shipping Corporation of India Land and Assets Limited,EQ,,604,2024-03-19,2026-08-27
SCODATUBES,Scoda Tubes Limited,EQ,,309,2025-06-04,2026-08-27
SCPL,Sheetal Cool Products Limited,BE,,931,2022-11-22,2026-08-27
SDBL,Som Distilleries & Breweries Limited,EQ,,3063,2014-04-01,2026-08-27
SEAMECLTD,Seamec Limited,EQ,,5997,2002-07-01,2026-08-27
SECMARK,SecMark Consultancy Limited,EQ,,708,2023-10-16,2026-08-27
SECURKLOUD,SECUREKLOUD TECHNOLOGIES LIMITED,EQ,,3103,2014-01-29,2026-08-27
SEDEMAC,SEDEMAC Mechatronics Limited,EQ,,118,2026-03-11,2026-08-27
SEIL,Shanti Educational Initiatives Limited,EQ,,7,2026-08-18,2026-08-27
SEJALLTD,Sejal Glass Limited,EQ,,4135,2009-11-30,2026-08-27
SEKURITIND,Saint Gobain Sekurit India Limited,EQ,,7,2026-08-18,2026-08-27
SELMC,SEL Manufacturing Company Limited,EQ,,4691,2007-08-21,2026-08-27
SEMAC,Semac Construction Limited,EQ,,5191,2005-08-11,2026-08-27
SENCO,Senco Gold Limited,EQ,,774,2023-07-14,2026-08-27
SENORES,Senores Pharmaceuticals Limited,EQ,,415,2024-12-30,2026-08-27
SEPC,SEPC Limited,EQ,,4566,2008-02-20,2026-08-27
SERVOTECH,Servotech Renewable Power System Limited,EQ,,2229,2017-08-24,2026-08-27
SESHAPAPER,Seshasayee Paper and Boards Limited,EQ,,5998,2002-07-01,2026-08-27
SETCO,Setco Automotive Limited,BE,,2509,2016-07-01,2026-08-27
SETL,Standard Engineering Technology Limited,EQ,,404,2025-01-13,2026-08-27
SETUINFRA,Setubandhan Infrastructure Limited,BZ,,3674,2011-10-04,2026-08-27
SEYAIND,Seya Industries Limited,BE,,1762,2019-07-15,2026-08-27
SFL,Sheela Foam Limited,EQ,,2404,2016-12-12,2026-08-27
SGFIN,SG Finserve Limited,EQ,,266,2025-08-05,2026-08-27
SGIL,Synergy Green Industries Limited,EQ,,1258,2021-07-28,2026-08-27
SGL,STL Global Limited,EQ,,5030,2006-04-10,2026-08-27
SGLRES,SGL Resources Limited,EQ,,7,2026-08-18,2026-08-27
SGMART,SG Mart Limited,EQ,,239,2025-09-12,2026-08-27
SGRL,Shree Ganesh Remedies Limited,EQ,,7,2026-08-18,2026-08-27
SHADOWFAX,Shadowfax Technologies Limited,EQ,,147,2026-01-28,2026-08-27
SHAH,Shah Metacorp Limited,EQ,,3905,2010-10-27,2026-08-27
SHAHALLOYS,Shah Alloys Limited,EQ,,5232,2005-06-16,2026-08-27
SHAILY,Shaily Engineering Plastics Limited,EQ,,1090,2022-04-04,2026-08-27
SHAKTIPUMP,Shakti Pumps (India) Limited,EQ,,3662,2011-10-25,2026-08-27
SHALBY,Shalby Limited,EQ,,2150,2017-12-15,2026-08-27
SHALPAINTS,Shalimar Paints Limited,BE,,4558,2008-03-03,2026-08-27
SHANKARA,Shankara Building Products Limited,EQ,,2324,2017-04-05,2026-08-27
SHANKESH,Shankesh Jewellers Limited,EQ,,3,2026-08-25,2026-08-27
SHANTI,Shanti Overseas (India) Limited,EQ,,2238,2017-08-03,2026-08-27
SHANTIGEAR,Shanthi Gears Limited,EQ,,6000,2002-07-01,2026-08-27
SHANTIGOLD,Shanti Gold International Limited,EQ,,267,2025-08-01,2026-08-27
SHARDACROP,Sharda Cropchem Limited,EQ,,2944,2014-09-23,2026-08-27
SHARDAMOTR,Sharda Motor Industries Limited,EQ,,2712,2015-09-03,2026-08-27
SHARDUL,Shardul Securities Limited,BE,,90,2026-04-22,2026-08-27
SHAREINDIA,Share India Securities Limited,EQ,,1471,2020-09-21,2026-08-27
SHBAJRG,Shri Bajrang Alliance Limited,EQ,,7,2026-08-18,2026-08-27
SHEKHAWATI,Shekhawati Industries Limited,BE,,3854,2011-01-12,2026-08-27
SHEMAROO,Shemaroo Entertainment Limited,BE,,2936,2014-10-01,2026-08-27
SHERVANI,Shervani Industrial Syndicate Limited,EQ,,5,2026-08-19,2026-08-25
SHILCTECH,Shilchar Technologies Limited,EQ,,191,2025-11-24,2026-08-27
SHILGRAVQ,Shilp Gravures Limited,EQ,,7,2026-08-18,2026-08-27
SHILPAMED,Shilpa Medicare Limited,EQ,,4133,2009-12-03,2026-08-27
SHINDL,Sharat Industries Limited,EQ,,7,2026-08-18,2026-08-27
SHIPROCKET,Shiprocket Limited,EQ,,7,2026-08-19,2026-08-27
SHIVAAGRO,Shiva Global Agro Industries Limited,EQ,,7,2026-08-18,2026-08-27
SHIVACEM,Shiva Cement Limited,EQ,,7,2026-08-18,2026-08-27
SHIVALIK,Shivalik Rasayan Limited,BE,,1169,2021-12-09,2026-08-27
SHIVAMAUTO,Shivam Autotech Limited,BE,,4877,2006-11-21,2026-08-27
SHIVAMILLS,Shiva Mills Limited,EQ,,2098,2018-02-26,2026-08-25
SHIVATEX,Shiva Texyarn Limited,EQ,,5998,2002-07-01,2026-08-27
SHIVAUM,Shiv Aum Steels Limited,EQ,,1697,2019-10-17,2026-08-27
SHK,S H Kelkar and Company Limited,EQ,,2667,2015-11-16,2026-08-27
SHOPERSTOP,Shoppers Stop Limited,EQ,,5251,2005-05-23,2026-08-27
SHRADDHA,Shraddha Prime Projects Limited,EQ,,7,2026-08-18,2026-08-27
SHRADHA,Shradha Realty Limited,EQ,,2150,2017-12-11,2026-08-27
SHREDIGCEM,Shree Digvijay Cement Co.Ltd,EQ,,1741,2019-08-19,2026-08-27
SHREECEM,SHREE CEMENT LIMITED,EQ,Construction Materials,6260,2001-07-02,2026-08-27
SHREEJISPG,Shreeji Shipping Global Limited,EQ,,251,2025-08-26,2026-08-27
SHREEPUSHK,Shree Pushkar Chemicals & Fertilisers Limited,EQ,,2708,2015-09-10,2026-08-27
SHREERAMA,Shree Rama Multi-Tech Limited,EQ,,6594,2000-03-21,2026-08-27
SHRENIK,Shrenik Limited,BZ,,2252,2017-07-18,2026-08-27
SHREYANIND,Shreyans Industries Limited,EQ,,6004,2002-06-25,2026-08-27
SHRIKRISH,Shri Krishna Devcon Limited,EQ,,5,2026-08-20,2026-08-27
SHRINGARMS,Shringar House of Mangalsutra Limited,EQ,,235,2025-09-17,2026-08-27
SHRIPISTON,SPR Auto Technologies Limited,EQ,,2527,2016-06-09,2026-08-27
SHRIRAMFIN,Shriram Finance Limited,EQ,Financial Services,6003,2002-07-01,2026-08-27
SHRIRAMPPS,Shriram Properties Limited,EQ,,1163,2021-12-20,2026-08-27
SHRJAGP,Shri Jagdamba Polymers Limited,EQ,,6,2026-08-18,2026-08-25
SHUKRAPHAR,Shukra Pharmaceuticals Limited,EQ,,9,2026-08-14,2026-08-27
SHYAMCENT,Shyam Century Ferrous Limited,BE,,2737,2015-07-28,2026-08-27
SHYAMMETL,Shyam Metalics and Energy Limited,EQ,Capital Goods,1284,2021-06-24,2026-08-27
SHYAMTEL,Shyam Telecom Limited,EQ,,5999,2002-07-01,2026-08-27
SICAGEN,Sicagen India Limited,EQ,,4804,2002-08-12,2026-08-27
SICALLOG,Sical Logistics Limited,BE,,5996,2002-07-01,2026-08-27
SIEL,Superior Industrial Enterprises Limited,EQ,,7,2026-08-18,2026-08-27
SIEMENS,Siemens Limited,EQ,Capital Goods,6652,2000-01-03,2026-08-27
SIGACHI,Sigachi Industries Limited,EQ,,1185,2021-11-15,2026-08-27
SIGIND,Signet Industries Limited,BE,,3260,2013-06-11,2026-08-27
SIGMA,Sigma Solve Limited,EQ,,1433,2020-11-12,2026-08-27
SIGMAADV,SIGMA ADVANCED SYSTEMS LIMITED,EQ,,4714,2007-07-19,2026-08-27
SIGNATURE,Signatureglobal (India) Limited,EQ,Realty,720,2023-09-27,2026-08-27
SIGNPOST,Signpost India Limited,EQ,,627,2024-02-14,2026-08-27
SIKA,Sika Interplant Systems Limited,EQ,,7,2026-08-18,2026-08-27
SIKKO,Sikko Industries Limited,BE,,2244,2017-07-27,2026-08-27
SIL,Standard Industries Limited,EQ,,5998,2002-07-01,2026-08-27
SILGO,Silgo Retail Limited,EQ,,1934,2018-10-29,2026-08-27
SILINV,SIL Investments Limited,EQ,,5999,2002-07-01,2026-08-27
SILLYMONKS,Silly Monks Entertainment Limited,EQ,,2124,2018-01-18,2026-08-27
SILVERTUC,Silver Touch Technologies Limited,EQ,,2159,2017-12-01,2026-08-27
SIMBHALS,Simbhaoli Sugars Limited,BZ,,4977,2006-06-27,2026-08-27
SIMPLEXINF,Simplex Infrastructures Limited,EQ,,5560,2004-03-09,2026-08-27
SIMPLXREA,Simplex Realty Limited,EQ,,5,2026-08-19,2026-08-25
SINCLAIR,Sinclairs Hotels Limited,EQ,,591,2024-04-10,2026-08-27
SINDHUTRAD,Sindhu Trade Links Limited,EQ,,789,2023-06-20,2026-08-27
SINGERIND,Singer India Limited,EQ,,109,2026-03-19,2026-08-27
SINTERCOM,Sintercom India Limited,EQ,,2106,2018-02-15,2026-08-27
SIRCA,Sirca Paints India Limited,EQ,,2029,2018-06-13,2026-08-27
SIS,SIS LIMITED,EQ,,2237,2017-08-10,2026-08-27
SITINET,Siti Networks Limited,BZ,,4844,2007-01-10,2026-08-27
SIYSIL,Siyaram Silk Mills Limited,EQ,,6053,2002-04-19,2026-08-27
SJS,S.J.S. Enterprises Limited,EQ,,1185,2021-11-15,2026-08-27
SJVN,SJVN Limited,EQ,Power,4021,2010-05-20,2026-08-27
SKFINDIA,SKF India Limited,EQ,,5969,2002-08-12,2026-08-27
SKFINDUS,SKF India (Industrial) Limited,EQ,,179,2025-12-08,2026-08-27
SKIPPER,Skipper Limited,EQ,,2783,2015-05-27,2026-08-27
SKMEGGPROD,SKM Egg Products Export (India) Limited,EQ,,5998,2002-07-05,2026-08-27
SKYGOLD,SKY GOLD AND DIAMONDS LIMITED,EQ,,901,2023-01-06,2026-08-27
SMARTLINK,Smartlink Holdings Limited,BE,,5998,2002-07-01,2026-08-27
SMARTWORKS,Smartworks Coworking Spaces Limited,EQ,,277,2025-07-17,2026-08-27
SMCGLOBAL,SMC Global Securities Limited,EQ,,1361,2021-02-24,2026-08-27
SMLMAH,SML Mahindra Limited,EQ,,5999,2002-07-01,2026-08-27
SMLT,Sarthak Metals Limited,EQ,,1178,2021-11-25,2026-08-27
SMSPHARMA,SMS Pharmaceuticals Limited,EQ,,4811,2007-02-28,2026-08-27
SNOWMAN,Snowman Logistics Limited,EQ,,2951,2014-09-12,2026-08-27
SOBHA,Sobha Limited,EQ,Realty,4856,2006-12-20,2026-08-27
SOFTTECH,Softtech Engineers Limited,EQ,,2038,2018-05-25,2026-08-27
SOLARA,Solara Active Pharma Sciences Limited,EQ,,2019,2018-06-27,2026-08-27
SOLARINDS,Solar Industries India Limited,EQ,Chemicals,5036,2006-04-03,2026-08-27
SOLARWORLD,Solarworld Energy Solutions Limited,EQ,,226,2025-09-30,2026-08-27
SOLEX,Solex Energy Limited,EQ,,2111,2018-02-06,2026-08-27
SOMANYCERA,Somany Ceramics Limited,EQ,,6001,2002-07-01,2026-08-27
SOMATEX,Soma Textiles & Industries Limited,EQ,,5997,2002-07-01,2026-08-27
SOMICONVEY,Somi Conveyor Beltings Limited,EQ,,2500,2016-07-18,2026-08-27
SONACOMS,Sona BLW Precision Forgings Limited,EQ,Automobile and Auto Components,1284,2021-06-24,2026-08-27
SONAL,Sonal Mercantile Limited,EQ,,6,2026-08-18,2026-08-25
SONAMLTD,SONAM LIMITED,EQ,,2016,2018-06-28,2026-08-27
SONATSOFTW,Sonata Software Limited,EQ,Information Technology,5999,2002-07-01,2026-08-27
SOTL,Savita Oil Technologies Limited,EQ,,5999,2002-07-01,2026-08-27
SOUTHBANK,The South Indian Bank Limited,EQ,,6650,2000-01-03,2026-08-27
SOUTHWEST,South West Pinnacle Exploration Limited,EQ,,2108,2018-02-19,2026-08-27
SPAL,S. P. Apparels Limited,EQ,,2481,2016-08-12,2026-08-27
SPANDANA,Spandana Sphoorty Financial Limited,EQ,,1741,2019-08-19,2026-08-27
SPARC,Sun Pharma Advanced Research Company Limited,EQ,,5862,2003-01-14,2026-08-27
SPCENET,Spacenet Enterprises India Limited,EQ,,3155,2013-11-13,2026-08-27
SPECIALITY,Speciality Restaurants Limited,BE,,3515,2012-05-30,2026-08-27
SPECTRUM,Spectrum Electrical Industries Limited,BE,,1941,2018-10-16,2026-08-27
SPELS,SPEL Semiconductor Limited,EQ,,7,2026-08-18,2026-08-27
SPENCERS,Spencer's Retail Limited,EQ,,1876,2019-01-25,2026-08-27
SPIC,Southern Petrochemicals Industries Corporation  Limited,EQ,,5998,2002-07-01,2026-08-27
SPLIL,SPL Industries Limited,EQ,,5203,2005-07-26,2026-08-27
SPLPETRO,Supreme Petrochem Limited,EQ,Chemicals,5999,2002-07-01,2026-08-27
SPMLINFRA,SPML Infra Limited,EQ,,6002,2002-07-01,2026-08-27
SPORTKING,Sportking India Limited,EQ,,993,2022-08-24,2026-08-27
SRD,Shankar Lal Rampal Dye-Chem Limited,EQ,,467,2024-10-09,2026-08-27
SREEL,Sreeleathers Limited,EQ,,3122,2014-01-01,2026-08-27
SRF,SRF Limited,EQ,Chemicals,5999,2002-07-01,2026-08-27
SRGHFL,SRG Housing Finance Limited,EQ,,745,2023-08-21,2026-08-27
SRHHYPOLTD,Sree Rayalaseema Hi-Strength Hypo Limited,EQ,,4766,2007-05-08,2026-08-27
SRIKPRIND,Sri KPR Industries Limited,EQ,,7,2026-08-18,2026-08-27
SRM,SRM Contractors Limited,EQ,,596,2024-04-03,2026-08-27
SRTL,Shree Ram Twistex Limited,EQ,,123,2026-03-02,2026-08-27
SSDL,Saraswati Saree Depot Limited,EQ,,505,2024-08-20,2026-08-27
SSWL,Steel Strips Wheels Limited,EQ,,5240,2005-06-06,2026-08-27
STALLION,Stallion India Fluorochemicals Limited,BE,,398,2025-01-23,2026-08-27
STANLEY,Stanley Lifestyles Limited,EQ,,539,2024-06-28,2026-08-27
STAR,Strides Pharma Science Limited,EQ,,6005,2002-06-26,2026-08-27
STARCEMENT,Star Cement Limited,EQ,,2273,2017-06-19,2026-08-27
STARHEALTH,Star Health and Allied Insurance Company Limited,EQ,Financial Services,1168,2021-12-10,2026-08-27
STARPAPER,Star Paper Mills Limited,EQ,,6000,2002-07-01,2026-08-27
STARTECK,Starteck Finance Limited,EQ,,1070,2022-05-04,2026-08-27
STCINDIA,The State Trading Corporation of India Limited,EQ,,5804,2003-04-01,2026-08-27
STEELCAS,Steelcast Limited,EQ,,1180,2021-11-23,2026-08-27
STEELCITY,Steel City Securities Limited,EQ,,2336,2017-03-16,2026-08-27
STEELXIND,STEEL EXCHANGE INDIA LIMITED,EQ,,2253,2017-07-20,2026-08-27
STEL,Stel Holdings Limited,EQ,,3837,2011-02-09,2026-08-27
STERTOOLS,Sterling Tools Limited,BE,,5075,2006-02-02,2026-08-27
STLNETWORK,STL Networks Limited,EQ,,246,2025-09-04,2026-08-27
STLSTRINF,Steel Strips Infrastructures Limited,EQ,,6,2026-08-18,2026-08-25
STLTECH,Sterlite Technologies Limited,BE,,6409,2000-12-08,2026-08-27
STOVEKRAFT,Stove Kraft Limited,EQ,,1374,2021-02-08,2026-08-27
STUDDS,Studds Accessories Limited,EQ,,202,2025-11-07,2026-08-27
STYL,Seshaasai Technologies Limited,EQ,,227,2025-09-30,2026-08-27
STYLAMIND,Stylam Industries Limited,EQ,,1258,2021-08-02,2026-08-27
STYLEBAAZA,Baazar Style Retail Limited,EQ,,493,2024-09-06,2026-08-27
STYRENIX,Styrenix Performance Materials Limited,EQ,,5968,2002-08-12,2026-08-27
SUBEXLTD,Subex Limited,EQ,,5692,2003-09-05,2026-08-27
SUBROS,Subros Limited,EQ,,5213,2005-07-13,2026-08-27
SUDARCOLOR,Sudarshan Colorants India Limited,EQ,,6000,2002-07-01,2026-08-27
SUDARSCHEM,Sudarshan Chemical Industries Limited,EQ,,5305,2005-03-03,2026-08-27
SUDEEPPHRM,Sudeep Pharma Limited,EQ,,187,2025-11-28,2026-08-27
SUKHJITS,Sukhjit Starch & Chemicals Limited,EQ,,941,2022-11-07,2026-08-27
SULA,Sula Vineyards Limited,EQ,,911,2022-12-22,2026-08-27
SUMEDHA,Sumedha Fiscal Services Limited,EQ,,7,2026-08-18,2026-08-27
SUMEETINDS,Sumeet Industries Limited,EQ,,3877,2010-12-10,2026-08-27
SUMICHEM,Sumitomo Chemical India Limited,EQ,Chemicals,1633,2020-01-27,2026-08-27
SUMIT,Sumit Woods Limited,EQ,,1955,2018-09-26,2026-08-27
SUMMITSEC,Summit Securities Limited,EQ,,4137,2009-11-26,2026-08-27
SUNCLAY,Sundaram Clayton Limited,EQ,,657,2023-12-29,2026-08-27
SUNDARAM,Sundaram Multi Pap Limited,EQ,,4011,2010-06-02,2026-08-27
SUNDARMFIN,Sundaram Finance Limited,EQ,Financial Services,5999,2002-07-01,2026-08-27
SUNDRMBRAK,Sundaram Brake Linings Limited,BE,,5968,2002-08-12,2026-08-27
SUNDRMFAST,Sundram Fasteners Limited,EQ,,6000,2002-07-01,2026-08-27
SUNDROP,Sundrop Brands Limited,EQ,,5998,2002-07-01,2026-08-27
SUNFLAG,Sunflag Iron And Steel Company Limited,EQ,,5160,2005-09-29,2026-08-27
SUNLOC,Sunil Healthcare Limited,EQ,,6,2026-08-18,2026-08-25
SUNPHARMA,Sun Pharmaceutical Industries Limited,EQ,Healthcare,6653,2000-01-03,2026-08-27
SUNRAKSHAK,Sunrakshakk Industries India Limited,EQ,,7,2026-08-18,2026-08-27
SUNSHIEL,Sunshield Chemicals Limited,EQ,,7,2026-08-18,2026-08-27
SUNSHINE,Sunshine Pictures Limited,EQ,,3,2026-08-25,2026-08-27
SUNTECK,Sunteck Realty Limited,EQ,,4147,2009-11-13,2026-08-27
SUNTV,Sun TV Network Limited,EQ,Media Entertainment & Publication,5025,2006-04-24,2026-08-27
SUPERHOUSE,Superhouse Limited,EQ,,2940,2014-09-26,2026-08-27
SUPERSPIN,Super Spinning Mills Limited,BE,,5470,2004-07-09,2026-08-25
SUPRAJIT,Suprajit Engineering Limited,EQ,,5314,2005-02-18,2026-08-27
SUPREME,Supreme Holdings & Hospitality (India) Limited,EQ,,387,2025-02-03,2026-08-27
SUPREMEENG,Supreme Engineering Limited,BZ,,1958,2018-09-24,2026-08-27
SUPREMEIND,Supreme Industries Limited,EQ,Capital Goods,6000,2002-07-01,2026-08-27
SUPREMEINF,Supreme Infrastructure India Limited,EQ,,4651,2007-10-18,2026-08-27
SUPRIYA,Supriya Lifescience Limited,EQ,,1155,2021-12-28,2026-08-27
SUPTANERY,Super Tannery Limited,BE,,7,2026-08-18,2026-08-27
SURAJEST,Suraj Estate Developers Limited,EQ,,663,2023-12-26,2026-08-27
SURAJLTD,Suraj Limited,EQ,,496,2024-08-29,2026-08-27
SURAKSHA,Suraksha Diagnostic Limited,EQ,,430,2024-12-06,2026-08-27
SURANASOL,Surana Solar Limited,EQ,,5968,2002-08-12,2026-08-27
SURANAT&P,Surana Telecom and Power Limited,EQ,,6000,2002-07-01,2026-08-27
SURYALA,Suryalata Spinning Mills Limited,EQ,,7,2026-08-18,2026-08-27
SURYALAXMI,Suryalakshmi Cotton Mills Limited,EQ,,6000,2002-07-01,2026-08-27
SURYAROSNI,Surya Roshni Limited,EQ,,6000,2002-07-01,2026-08-27
SURYODAY,Suryoday Small Finance Bank Limited,EQ,,1341,2021-03-26,2026-08-27
SUTLEJTEX,Sutlej Textiles and Industries Limited,BE,,5968,2002-08-12,2026-08-27
SUVEN,Suven Life Sciences Limited,EQ,,5658,2003-10-24,2026-08-27
SUVIDHAA,Suvidhaa Infoserve Limited,EQ,,1339,2021-03-31,2026-08-27
SUYOG,Suyog Telematics Limited,EQ,,503,2024-08-20,2026-08-27
SUZLON,Suzlon Energy Limited,EQ,Capital Goods,5148,2005-10-19,2026-08-27
SVGLOBAL,S V Global Mill Limited,EQ,,7,2026-08-18,2026-08-27
SVLL,Shree Vasu Logistics Limited,BE,,2024,2018-06-18,2026-08-27
SVPGLOB,SVP GLOBAL TEXTILES LIMITED,EQ,,1268,2021-07-14,2026-08-27
SWANCORP,SWAN CORP LIMITED,EQ,Chemicals,3517,2012-05-29,2026-08-27
SWANDEF,Swan Defence and Heavy Industries Limited,BE,,4166,2009-10-09,2026-08-27
SWARAJ,Swaraj Suiting Limited,BE,,1082,2022-04-11,2026-08-27
SWARAJENG,Swaraj Engines Limited,EQ,,5997,2002-07-01,2026-08-27
SWARNSAR,Swarnsarita Jewels India Limited,EQ,,7,2026-08-18,2026-08-27
SWELECTES,Swelect Energy Systems Limited,EQ,,5012,2006-05-09,2026-08-27
SWIGGY,Swiggy Limited,EQ,Consumer Services,446,2024-11-13,2026-08-27
SWISSMLTRY,Swiss Military Consumer Goods Limited,EQ,,7,2026-08-18,2026-08-27
SWSOLAR,Sterling and Wilson Renewable Energy Limited,EQ,,1740,2019-08-20,2026-08-27
SYMPHONY,Symphony Limited,EQ,,3752,2011-06-15,2026-08-27
SYNCOMF,Syncom Formulations (India) Limited,EQ,,935,2022-11-18,2026-08-27
SYNGENE,Syngene International Limited,EQ,Healthcare,2729,2015-08-11,2026-08-27
SYRMA,Syrma SGS Technology Limited,EQ,Capital Goods,992,2022-08-26,2026-08-27
SYSTMTXC,Systematix Corporate Services Limited,BE,,224,2025-10-06,2026-08-27
TAALTECH,Taal Tech Limited,EQ,,7,2026-08-18,2026-08-27
TAINWALCHM,Tainwala Chemical and Plastic (I) Limited,EQ,,5998,2002-07-02,2026-08-27
TAJGVK,Taj GVK Hotels & Resorts Limited,EQ,,5971,2002-08-12,2026-08-27
TAKE,TAKE Limited,EQ,,4687,2007-08-27,2026-08-27
TALBROAUTO,Talbros Automotive Components Limited,EQ,,4913,2006-09-29,2026-08-27
TAMBOLIIN,Tamboli Industries Limited,BE,,7,2026-08-18,2026-08-27
TANAA,Taneja Aerospace & Aviation Limited,EQ,,7,2026-08-18,2026-08-27
TANLA,Tanla Platforms Limited,EQ,,4848,2007-01-05,2026-08-27
TARACHAND,Tara Chand InfraLogistic Solutions Limited,EQ,,2081,2018-03-23,2026-08-27
TARAPUR,Tarapur Transformers Limited,EQ,,4019,2010-05-18,2026-08-27
TARC,TARC Limited,EQ,,1408,2020-12-18,2026-08-27
TARIL,Transformers And Rectifiers (India) Limited,EQ,Capital Goods,4605,2007-12-28,2026-08-27
TARMAT,Tarmat Limited,EQ,,4722,2007-07-09,2026-08-27
TARSONS,Tarsons Products Limited,EQ,,1178,2021-11-26,2026-08-27
TASTYBITE,Tasty Bite Eatables Limited,EQ,,2332,2017-03-23,2026-08-27
TATACAP,Tata Capital Limited,EQ,Financial Services,220,2025-10-13,2026-08-27
TATACHEM,Tata Chemicals Limited,EQ,Chemicals,6653,2000-01-03,2026-08-27
TATACOMM,Tata Communications Limited,EQ,Telecommunication,6000,2002-07-01,2026-08-27
TATACONSUM,TATA CONSUMER PRODUCTS LIMITED,EQ,Fast Moving Consumer Goods,6649,2000-01-03,2026-08-27
TATAELXSI,Tata Elxsi Limited,EQ,Information Technology,6000,2002-07-01,2026-08-27
TATAINVEST,Tata Investment Corporation Limited,EQ,Financial Services,6653,2000-01-03,2026-08-27
TATAPOWER,Tata Power Company Limited,EQ,Power,6650,2000-01-03,2026-08-27
TATASTEEL,Tata Steel Limited,EQ,Metals & Mining,6653,2000-01-03,2026-08-27
TATATECH,Tata Technologies Limited,EQ,Information Technology,681,2023-11-30,2026-08-27
TATVA,Tatva Chintan Pharma Chem Limited,EQ,,1259,2021-07-29,2026-08-27
TBOTEK,TBO Tek Limited,EQ,Consumer Services,570,2024-05-15,2026-08-27
TBZ,Tribhovandas Bhimji Zaveri Limited,EQ,,3532,2012-05-09,2026-08-27
TCC,TCC Concept Limited,EQ,,124,2026-02-25,2026-08-27
TCI,Transport Corporation of India Limited,EQ,,6001,2002-07-01,2026-08-27
TCIEXP,TCI Express Limited,EQ,,2398,2016-12-15,2026-08-27
TCIFINANCE,TCI Finance Limited,BE,,5766,2003-05-23,2026-08-27
TCPLPACK,TCPL Packaging Limited,EQ,,2191,2017-10-17,2026-08-27
TCS,Tata Consultancy Services Limited,EQ,Information Technology,5971,2002-08-12,2026-08-27
TDPOWERSYS,TD Power Systems Limited,EQ,,3694,2011-09-08,2026-08-27
TEAMGTY,Team India Guaranty Limited,EQ,,5999,2002-07-01,2026-08-27
TEAMLEASE,Teamlease Services Limited,EQ,,2604,2016-02-12,2026-08-27
TECHM,Tech Mahindra Limited,EQ,Information Technology,4937,2006-08-28,2026-08-27
TECHNOCRAF,Technocraft Ventures Limited,EQ,,10,2026-08-14,2026-08-27
TECHNOE,Techno Electric & Engineering Company Limited,EQ,Construction,4790,2007-04-02,2026-08-27
TECHNVISN,TechNVision Ventures Limited,EQ,,7,2026-08-18,2026-08-27
TECILCHEM,TECIL Chemicals and Hydro Power Limited,EQ,,830,2023-04-20,2026-08-27
TEGA,Tega Industries Limited,EQ,Capital Goods,1166,2021-12-13,2026-08-27
TEJASNET,Tejas Networks Limited,EQ,Telecommunication,2269,2017-06-27,2026-08-27
TEMBO,Tembo Global Industries Limited,EQ,,1976,2018-08-29,2026-08-27
TENNIND,Tenneco Clean Air India Limited,EQ,Automobile and Auto Components,195,2025-11-19,2026-08-27
TERAI,Terai Tea Company Limited,EQ,,7,2026-08-18,2026-08-27
TERASOFT,Tera Software Limited,EQ,,2389,2016-12-29,2026-08-27
TEXINFRA,Texmaco Infrastructure & Holdings Limited,EQ,,5427,2004-09-09,2026-08-27
TEXMOPIPES,Texmo Pipes and Products Limited,EQ,,4068,2010-03-10,2026-08-27
TEXRAIL,Texmaco Rail & Engineering Limited,EQ,,5428,2004-09-09,2026-08-27
TFCILTD,Tourism Finance Corporation of India Limited,EQ,,6000,2002-07-01,2026-08-27
TFL,Transwarranty Finance Limited,EQ,,4811,2007-02-26,2026-08-27
TGBHOTELS,TGB Banquets And Hotels Limited,EQ,,4758,2007-05-17,2026-08-27
TGVSL,TGV Sraac Limited,EQ,,7,2026-08-18,2026-08-27
THACKER,Thacker & Company Limited,BE,,6,2026-08-18,2026-08-25
THAKDEV,Thakkers Developers Limited,EQ,,6,2026-08-18,2026-08-25
THANGAMAYL,Thangamayil Jewellery Limited,EQ,,4081,2010-02-19,2026-08-27
THEINVEST,The Investment Trust Of India Limited,EQ,,2240,2017-08-03,2026-08-27
THEJO,Thejo Engineering Limited,EQ,,2501,2016-07-13,2026-08-27
THELEELA,Leela Palaces Hotels & Resorts Limited,EQ,Consumer Services,310,2025-06-02,2026-08-27
THEMISMED,Themis Medicare Limited,EQ,,4791,2007-04-02,2026-08-27
THERMAX,Thermax Limited,EQ,Capital Goods,6001,2002-07-01,2026-08-27
THOMASCOOK,Thomas Cook  (India)  Limited,EQ,,6000,2002-07-01,2026-08-27
THOMASCOTT,Thomas Scott (India) Limited,EQ,,3597,2012-01-30,2026-08-27
THYROCARE,Thyrocare Technologies Limited,EQ,,2550,2016-05-09,2026-08-27
TI,Tilaknagar Industries Limited,EQ,,3980,2010-07-16,2026-08-27
TICL,Twamev Construction and Infrastructure Limited,BE,,4567,2008-02-19,2026-08-27
TIGERLOGS,Tiger Logistics (India) Limited,EQ,,236,2025-09-18,2026-08-27
TIIL,Technocraft Industries (India) Limited,EQ,,4822,2007-02-12,2026-08-27
TIINDIA,Tube Investments of India Limited,EQ,Automobile and Auto Components,2181,2017-11-02,2026-08-27
TIJARIA,Tijaria Polypipes Limited,EQ,,3667,2011-10-14,2026-08-27
TIL,TIL Limited,BE,,5998,2002-07-01,2026-08-27
TIMETECHNO,Time Technoplast Limited,EQ,,4741,2007-06-13,2026-08-27
TIMEX,Timex Group India Limited,EQ,,90,2026-04-23,2026-08-27
TIMKEN,Timken India Limited,EQ,Capital Goods,5971,2002-08-12,2026-08-27
TINNARUBR,Tinna Rubber and Infrastructure Limited,EQ,,341,2025-04-17,2026-08-27
TIPSFILMS,Tips Films Limited,EQ,,962,2022-10-06,2026-08-27
TIPSMUSIC,Tips Music Limited,EQ,,5999,2002-07-01,2026-08-27
TIRUMALCHM,Thirumalai Chemicals Limited,EQ,,5999,2002-07-01,2026-08-27
TIRUPATIFL,Tirupati Forge Limited,BE,,2193,2017-10-12,2026-08-27
TITAGARH,TITAGARH RAIL SYSTEMS LIMITED,EQ,Capital Goods,4529,2008-04-21,2026-08-27
TITAN,Titan Company Limited,EQ,Consumer Durables,6653,2000-01-03,2026-08-27
TMB,Tamilnad Mercantile Bank Limited,EQ,,977,2022-09-15,2026-08-27
TMCV,Tata Motors Limited,EQ,Capital Goods,200,2025-11-12,2026-08-27
TMPV,Tata Motors Passenger Vehicles Limited,EQ,Automobile and Auto Components,6653,2000-01-03,2026-08-27
TNPETRO,Tamilnadu PetroProducts Limited,EQ,,6000,2002-07-01,2026-08-27
TNPL,Tamil Nadu Newsprint & Papers Limited,EQ,,5967,2002-08-12,2026-08-27
TNTELE,Tamilnadu Telecommunication Limited,EQ,,6649,2000-01-03,2026-08-27
TOKYOPLAST,Tokyo Plast International Limited,EQ,,5998,2002-07-01,2026-08-27
TOLINS,Tolins Tyres Limited,EQ,,485,2024-09-16,2026-08-27
TORNTPHARM,Torrent Pharmaceuticals Limited,EQ,Healthcare,6002,2002-07-01,2026-08-27
TORNTPOWER,Torrent Power Limited,EQ,Power,4873,2006-11-28,2026-08-27
TOTAL,Total Transport Systems Limited,EQ,,2236,2017-08-07,2026-08-27
TOUCHWOOD,Touchwood Entertainment Limited,EQ,,2145,2017-12-21,2026-08-27
TOYAMSL,Toyam Sports Limited,EQ,,7,2026-08-18,2026-08-27
TPHQ,Teamo Productions HQ Limited,BE,,5848,2003-01-24,2026-08-27
TPLPLASTEH,TPL Plastech Limited,EQ,,2788,2015-05-20,2026-08-27
TRACXN,Tracxn Technologies Limited,EQ,,954,2022-10-20,2026-08-27
TRANSCOR,Transcorp International Limited,EQ,,7,2026-08-18,2026-08-27
TRANSPEK,Transpek Industry Limited,BE,,90,2026-04-22,2026-08-27
TRANSRAILL,Transrail Lighting Limited,EQ,,417,2024-12-27,2026-08-27
TRANSWORLD,TRANSWORLD SHIPPING LINES LIMITED,BE,,5999,2002-07-01,2026-08-27
TRAVELFOOD,Travel Food Services Limited,EQ,Consumer Services,281,2025-07-14,2026-08-27
TREEHOUSE,Tree House Education & Accessories Limited,EQ,,3699,2011-08-26,2026-08-27
TREJHARA,TREJHARA SOLUTIONS LIMITED,EQ,,1894,2018-12-28,2026-08-27
TREL,Transindia Real Estate Limited,EQ,,752,2023-08-10,2026-08-27
TRENT,Trent Limited,EQ,Consumer Services,6000,2002-07-01,2026-08-27
TRF,TRF Limited,EQ,,4110,2010-01-08,2026-08-27
TRIDENT,Trident Limited,EQ,Textiles,6000,2002-07-01,2026-08-27
TRIGYN,Trigyn Technologies Limited,EQ,,5999,2002-07-01,2026-08-27
TRITONV,Triton Valves Limited,EQ,,7,2026-08-18,2026-08-27
TRITURBINE,Triveni Turbine Limited,EQ,Capital Goods,3660,2011-10-28,2026-08-27
TRIVENI,Triveni Engineering & Industries Limited,EQ,,5111,2005-12-13,2026-08-27
TRU,TruCap Finance Limited,EQ,,1065,2022-05-10,2026-08-27
TRUALT,TruAlt Bioenergy Limited,EQ,,224,2025-10-06,2026-08-27
TSFINV,TSF INVESTMENTS LIMITED,EQ,,2082,2018-03-27,2026-08-27
TTKHLTCARE,TTK Healthcare Limited,EQ,,4109,2010-01-08,2026-08-27
TTKPRESTIG,TTK Prestige Limited,EQ,,6002,2002-07-01,2026-08-27
TTL,T T Limited,EQ,,4815,2007-02-22,2026-08-27
TTML,Tata Teleservices (Maharashtra) Limited,EQ,Telecommunication,6439,2000-10-26,2026-08-27
TURTLEMINT,Turtlemint Fintech Solutions Limited,EQ,,43,2026-06-29,2026-08-27
TUTIALKA,Tuticorin Alkali Chemicals & Fertilizers Limited,EQ,,7,2026-08-18,2026-08-27
TVSELECT,TVS Electronics Limited,EQ,,5999,2002-07-01,2026-08-27
TVSHLTD,TVS Holdings Limited,EQ,,5967,2002-08-12,2026-08-27
TVSMOTOR,TVS Motor Company Limited,EQ,Automobile and Auto Components,6501,2000-08-02,2026-08-27
TVSSCS,TVS Supply Chain Solutions Limited,EQ,,746,2023-08-23,2026-08-27
TVSSRICHAK,TVS Srichakra Limited,EQ,,4821,2007-02-13,2026-08-27
TVTODAY,TV Today Network Limited,EQ,,5595,2004-01-16,2026-08-27
TVVISION,TV Vision Limited,BE,,2458,2016-09-15,2026-08-27
UBL,United Breweries Limited,EQ,Fast Moving Consumer Goods,4460,2008-07-28,2026-08-27
UCAL,UCAL LIMITED,BE,,6649,2000-01-03,2026-08-27
UCOBANK,UCO Bank,EQ,Financial Services,5668,2003-10-09,2026-08-27
UDAYJEW,Uday Jewellery Industries Limited,EQ,,7,2026-08-18,2026-08-27
UDS,Updater Services Limited,EQ,,717,2023-10-04,2026-08-27
UEL,Ujaas Energy Limited,EQ,,3663,2011-10-20,2026-08-27
UFBL,United Foodbrands Limited,BE,,1334,2021-04-07,2026-08-27
UFLEX,UFLEX Limited,EQ,,5999,2002-07-01,2026-08-27
UFO,UFO Moviez India Limited,EQ,,2791,2015-05-14,2026-08-27
UGARSUGAR,The Ugar Sugar Works Limited,EQ,,3955,2010-08-23,2026-08-27
UGROCAP,Ugro Capital Limited,EQ,,1250,2021-08-11,2026-08-27
UJJIVANSFB,Ujjivan Small Finance Bank Limited,EQ,,1665,2019-12-12,2026-08-27
ULTRACEMCO,UltraTech Cement Limited,EQ,Construction Materials,5970,2002-08-12,2026-08-27
ULTRAMAR,Ultramarine & Pigments Limited,EQ,,91,2026-04-22,2026-08-27
UMAEXPORTS,Uma Exports Limited,BE,,1085,2022-04-07,2026-08-27
UMESLTD,Usha Martin Education & Solutions Limited,EQ,,4600,2008-01-01,2026-08-27
UMIYA-MRO,UMIYA BUILDCON LIMITED,EQ,,5966,2002-08-12,2026-08-27
UNICHEMLAB,Unichem Laboratories Limited,EQ,,6002,2002-07-01,2026-08-27
UNIDT,United Drilling Tools Limited,BE,,1465,2020-09-25,2026-08-27
UNIECOM,Unicommerce Esolutions Limited,EQ,,509,2024-08-13,2026-08-27
UNIENTER,Uniphos Enterprises Limited,EQ,,5998,2002-07-01,2026-08-27
UNIINFO,Uniinfo Telecom Services Limited,EQ,,2088,2018-03-15,2026-08-27
UNIMECH,Unimech Aerospace and Manufacturing Limited,EQ,,414,2024-12-31,2026-08-27
UNIONBANK,Union Bank of India,EQ,Financial Services,5941,2002-09-24,2026-08-27
UNIPARTS,Uniparts India Limited,EQ,,918,2022-12-12,2026-08-27
UNITDSPR,United Spirits Limited,EQ,Fast Moving Consumer Goods,5999,2002-07-01,2026-08-27
UNITECH,Unitech Limited,EQ,,6003,2002-07-01,2026-08-27
UNITEDPOLY,United Polyfab Gujarat Limited,EQ,,2334,2017-03-16,2026-08-27
UNITEDTEA,The United Nilgiri Tea Estates Company Limited,EQ,,4107,2010-01-08,2026-08-27
UNIVASTU,Univastu India Limited,BE,,2017,2018-06-27,2026-08-27
UNIVCABLES,Universal Cables Limited,EQ,,6000,2002-07-01,2026-08-27
UNIVPHOTO,Universus Photo Imagings Limited,BE,,1618,2020-02-14,2026-08-27
UNOMINDA,UNO Minda Limited,EQ,Automobile and Auto Components,4829,2007-02-02,2026-08-27
UPHOT,U P Hotels Limited,EQ,,7,2026-08-18,2026-08-27
UPL,UPL Limited,EQ,Chemicals,6000,2002-07-01,2026-08-27
URAVIDEF,Uravi Defence and Technology Limited,BE,,2068,2018-04-13,2026-08-27
URBANCO,Urban Company Limited,EQ,Consumer Services,236,2025-09-17,2026-08-27
URJA,Urja Global Limited,EQ,,2330,2017-03-28,2026-08-27
USHAMART,Usha Martin Limited,EQ,Capital Goods,6131,2002-01-01,2026-08-27
USK,Udayshivakumar Infra Limited,EQ,,840,2023-04-03,2026-08-27
UTIAMC,UTI Asset Management Company Limited,EQ,Financial Services,1457,2020-10-13,2026-08-27
UTKARSHBNK,Utkarsh Small Finance Bank Limited,EQ,,769,2023-07-21,2026-08-27
UTLSOLAR,Fujiyama Power Systems Limited,EQ,,194,2025-11-20,2026-08-27
UTTAMSUGAR,Uttam Sugar Mills Limited,EQ,,5033,2006-04-10,2026-08-27
UYFINCORP,U. Y. Fincorp Limited,BE,,471,2024-10-03,2026-08-27
V2RETAIL,V2 Retail Limited,EQ,,4726,2007-07-04,2026-08-27
VADILALIND,Vadilal Industries Limited,EQ,,3749,2011-06-15,2026-08-27
VADILENT,Vadilal Enterprises Limited,EQ,,5,2026-08-19,2026-08-25
VAIBHAVGBL,Vaibhav Global Limited,EQ,,5539,2004-04-06,2026-08-27
VAISHALI,Vaishali Pharma Limited,EQ,,2227,2017-08-22,2026-08-27
VAKRANGEE,Vakrangee Limited,EQ,,5036,2006-04-03,2026-08-27
VALIANTLAB,Valiant Laboratories Limited,EQ,,715,2023-10-06,2026-08-27
VALIANTORG,Valiant Organics Limited,BE,,1460,2020-10-05,2026-08-27
VAML,Vedanta Aluminium Metal Limited,EQ,,54,2026-06-15,2026-08-27
VARDHACRLC,Vardhman Acrylics Limited,BE,,5674,2003-09-30,2026-08-27
VARDMNPOLY,Vardhman Polytex Limited,EQ,,5967,2002-08-12,2026-08-27
VARROC,Varroc Engineering Limited,EQ,,2010,2018-07-09,2026-08-27
VASCONEQ,Vascon Engineers Limited,EQ,,4086,2010-02-15,2026-08-27
VASUPRADA,Shri Vasuprada Plantations Limited,EQ,,6,2026-08-18,2026-08-25
VASWANI,Vaswani Industries Limited,EQ,,3660,2011-10-24,2026-08-27
VBL,Varun Beverages Limited,EQ,Fast Moving Consumer Goods,2427,2016-11-08,2026-08-27
VCL,Vaxtex Cotfab Limited,BE,,1080,2022-04-19,2026-08-27
VEDAVAAG,VEDAVAAG Systems Limited,EQ,,7,2026-08-18,2026-08-27
VEDL,Vedanta Limited,EQ,Metals & Mining,6653,2000-01-03,2026-08-27
VEDPOWER,Vedanta Power Limited,EQ,,54,2026-06-15,2026-08-27
VEEDOL,Veedol Corporation Limited,EQ,,4840,2007-01-16,2026-08-27
VELJAN,Veljan Denison Limited,BE,,7,2026-08-18,2026-08-27
VENKEYS,Venky's (India) Limited,EQ,,5998,2002-07-01,2026-08-27
VENTIVE,Ventive Hospitality Limited,EQ,,415,2024-12-30,2026-08-27
VENUSPIPES,Venus Pipes & Tubes Limited,EQ,,1057,2022-05-24,2026-08-27
VENUSREM,Venus Remedies Limited,BE,,4856,2006-12-20,2026-08-27
VERANDA,Veranda Learning Solutions Limited,EQ,,1085,2022-04-11,2026-08-27
VERTOZ,Vertoz Limited,BE,,2164,2017-11-24,2026-08-27
VESUVIUS,Vesuvius India Limited,EQ,,5999,2002-07-01,2026-08-27
VETO,Veto Switchgears And Cables Limited,BE,,2802,2015-04-29,2026-08-27
VGCL,Vibrant Global Capital Limited,EQ,,7,2026-08-18,2026-08-27
VGL,VARVEE GLOBAL LIMITED,EQ,,4878,2006-11-21,2026-08-27
VGUARD,V-Guard Industries Limited,EQ,,4550,2008-03-13,2026-08-27
VHL,Vardhman Holdings Limited,EQ,,5998,2002-07-01,2026-08-27
VHLTD,Viceroy Hotels Limited,BE,,4691,2007-08-21,2026-08-27
VIDHIING,Vidhi Specialty Food Ingredients Limited,EQ,,2590,2016-03-02,2026-08-27
VIDYAWIRES,Vidya Wires Limited,EQ,,180,2025-12-10,2026-08-27
VIJAYA,Vijaya Diagnostic Centre Limited,EQ,Healthcare,1227,2021-09-14,2026-08-27
VIJIFIN,Viji Finance Limited,BE,,2504,2016-07-11,2026-08-27
VIJSOLX,Vijay Solvex Limited,EQ,,7,2026-08-18,2026-08-27
VIKASECO,Vikas EcoTech Limited,EQ,,3633,2011-12-12,2026-08-27
VIKASLIFE,Vikas Lifecare Limited,EQ,,1811,2019-05-08,2026-08-27
VIKRAMSOLR,Vikram Solar Limited,EQ,,252,2025-08-26,2026-08-27
VIKRAN,Vikran Engineering Limited,EQ,,246,2025-09-03,2026-08-27
VIMTALABS,Vimta Labs Limited,EQ,,5109,2005-12-15,2026-08-27
VINATIORGA,Vinati Organics Limited,EQ,,4220,2009-07-28,2026-08-27
VINCOFE,Vintage Coffee And Beverages Limited,EQ,,464,2024-10-18,2026-08-27
VINDHYATEL,Vindhya Telelinks Limited,EQ,,5999,2002-07-01,2026-08-27
VINEETLAB,Vineet Laboratories Limited,EQ,,1290,2021-06-15,2026-08-27
VINNY,Vinny Overseas Limited,EQ,,1935,2018-10-26,2026-08-27
VINYLINDIA,Vinyl Chemicals (India) Limited,EQ,,4600,2008-01-01,2026-08-27
VIPCLOTHNG,VIP Clothing Limited,EQ,,4702,2007-08-06,2026-08-27
VIPIND,VIP Industries Limited,EQ,,5998,2002-07-01,2026-08-27
VIPULLTD,Vipul Limited,BE,,4109,2010-01-08,2026-08-27
VIRAT,Virat Industries Limited,EQ,,7,2026-08-18,2026-08-27
VIRINCHI,Virinchi Limited,EQ,,824,2023-05-03,2026-08-27
VIRTUALG,Virtual Global Education Limited,EQ,,6,2026-08-19,2026-08-27
VISACHROME,VISA Chrome Limited,EQ,,5046,2006-03-17,2026-08-27
VISAKAIND,Visaka Industries Limited,EQ,,5998,2002-07-01,2026-08-27
VISHAL,Vishal Fabrics Limited,EQ,,12,2026-08-11,2026-08-27
VISHNU,Vishnu Chemicals Limited,EQ,,2837,2015-03-05,2026-08-27
VISHWARAJ,Vishwaraj Sugar Industries Limited,EQ,,1702,2019-10-15,2026-08-27
VISL,Vedanta Iron and Steel Limited,EQ,,54,2026-06-15,2026-08-27
VITAL,Vital Chemtech Limited,BE,,936,2022-11-14,2026-08-27
VIVIANA,Viviana Power Tech Limited,BE,,974,2022-09-16,2026-08-27
VIVIDHA,Visagar Polytex Limited,EQ,,3276,2013-05-21,2026-08-27
VIVIMEDLAB,Vivimed Labs Limited,BE,,5188,2005-08-17,2026-08-27
VIVOBIOT,Vivo Bio Tech Limited,EQ,,7,2026-08-18,2026-08-27
VIYASH,Viyash Scientific Limited,EQ,,2588,2016-03-10,2026-08-27
VLEGOV,VL E-Governance & IT Solutions Limited,BE,,751,2023-08-14,2026-08-27
VLSFINANCE,VLS Finance Limited,EQ,,6001,2002-06-26,2026-08-27
VMART,V-Mart Retail Limited,EQ,,3335,2013-02-20,2026-08-27
VMM,Vishal Mega Mart Limited,EQ,Consumer Services,423,2024-12-18,2026-08-27
VMSTMT,VMS TMT Limited,EQ,,230,2025-09-24,2026-08-27
VOEPL,Virtuoso Optoelectronics Limited,EQ,,41,2026-07-01,2026-08-27
VOGL,Vedanta Oil and Gas Limited,EQ,,54,2026-06-15,2026-08-27
VOITHPAPR,Voith Paper Fabrics India Limited,EQ,,8,2026-08-18,2026-08-27
VOLTAMP,Voltamp Transformers Limited,EQ,,4920,2006-09-20,2026-08-27
VOLTAS,Voltas Limited,EQ,Consumer Durables,6003,2002-07-01,2026-08-27
VPRPL,Vishnu Prakash R Punglia Limited,EQ,,737,2023-09-05,2026-08-27
VRAJ,Vraj Iron and Steel Limited,EQ,,537,2024-07-03,2026-08-27
VRLLOG,VRL Logistics Limited,EQ,,2801,2015-04-30,2026-08-27
VSSL,Vardhman Special Steels Limited,EQ,,3524,2012-05-17,2026-08-27
VSTIND,VST Industries Limited,EQ,,6000,2002-07-01,2026-08-27
VSTL,Vibhor Steel Tubes Limited,EQ,,624,2024-02-20,2026-08-27
VSTTILLERS,V.S.T Tillers Tractors Limited,EQ,,3747,2011-06-20,2026-08-27
VTL,Vardhman Textiles Limited,EQ,Textiles,5999,2002-07-01,2026-08-27
VTMLTD,VTM Limited,EQ,,12,2026-08-11,2026-08-27
WAAREEENER,Waaree Energies Limited,EQ,Capital Goods,458,2024-10-28,2026-08-27
WAAREEINDO,Indosolar Limited,EQ,,3927,2010-09-29,2026-08-27
WAAREERTL,Waaree Renewable Technologies Limited,EQ,,346,2025-04-09,2026-08-27
WABAG,VA Tech Wabag Limited,EQ,,3919,2010-10-13,2026-08-27
WAKEFIT,Wakefit Innovations Limited,EQ,,175,2025-12-15,2026-08-27
WALCHANNAG,Walchandnagar Industries Limited,EQ,,5999,2002-07-01,2026-08-27
WANBURY,Wanbury Limited,EQ,,4831,2007-01-29,2026-08-27
WARDINMOBI,Wardwizard Innovations & Mobility Limited,EQ,,7,2026-08-18,2026-08-27
WATERBASE,Waterbase Limited,EQ,,12,2026-08-11,2026-08-27
WCIL,Western Carriers (India) Limited,EQ,,481,2024-09-24,2026-08-27
WEALTH,Wealth First Portfolio Managers Limited,EQ,,2334,2017-03-21,2026-08-27
WEBELSOLAR,Websol Energy System Limited,EQ,,4762,2007-05-15,2026-08-27
WEIZMANIND,Weizmann Limited,EQ,,5998,2002-07-02,2026-08-27
WEL,Wonder Electricals Limited,EQ,,1738,2019-08-22,2026-08-27
WELCORP,Welspun Corp Limited,EQ,Capital Goods,6527,2000-06-23,2026-08-27
WELENT,Welspun Enterprises Limited,EQ,,5389,2004-11-04,2026-08-27
WELINV,Welspun Investments and Commercials Limited,BE,,5628,2003-12-04,2026-08-27
WELSPLSOL,Welspun Specialty Solutions Limited,EQ,,7,2026-08-18,2026-08-27
WELSPUNLIV,Welspun Living Limited,EQ,Textiles,5628,2003-12-04,2026-08-27
WENDT,Wendt (India) Limited,EQ,,4949,2006-08-07,2026-08-27
WESTLIFE,WESTLIFE FOODWORLD LIMITED,EQ,,1740,2019-08-19,2026-08-27
WEWIN,WE WIN LIMITED,EQ,,2009,2018-07-06,2026-08-27
WEWORK,WeWork India Management Limited,EQ,,218,2025-10-10,2026-08-27
WHBRADY,WH Brady & Company Limited,EQ,,7,2026-08-18,2026-08-27
WHEELS,Wheels India Limited,EQ,,6000,2002-07-01,2026-08-27
WHIRLPOOL,Whirlpool of India Limited,EQ,Consumer Durables,5972,2002-08-12,2026-08-27
WILLAMAGOR,Williamson Magor & Company Limited,EQ,,5998,2002-07-01,2026-08-27
WINDLAS,Windlas Biotech Limited,EQ,,1246,2021-08-16,2026-08-27
WINDMACHIN,Windsor Machines Limited,EQ,,5967,2002-08-12,2026-08-27
WIPL,The Western India Plywoods Limited,EQ,,2314,2017-04-18,2026-08-27
WIPRO,Wipro Limited,EQ,Information Technology,6653,2000-01-03,2026-08-27
WOCKPHARMA,Wockhardt Limited,EQ,Healthcare,6001,2002-07-01,2026-08-27
WONDERLA,Wonderla Holidays Limited,EQ,,3037,2014-05-09,2026-08-27
WORTHPERI,Worth Peripherals Limited,EQ,,2202,2017-09-27,2026-08-27
WPIL,WPIL Limited,EQ,,7,2026-08-18,2026-08-27
WSI,W S Industries (I) Limited,EQ,,4704,2007-08-01,2026-08-27
WSTCSTPAPR,West Coast Paper Mills Limited,EQ,,6001,2002-07-01,2026-08-27
XCHANGING,Xchanging Solutions Limited,EQ,,5301,2005-03-09,2026-08-27
XELPMOC,Xelpmoc Design And Tech Limited,EQ,,1868,2019-02-04,2026-08-27
XPROINDIA,Xpro India Limited,EQ,,5525,2004-04-27,2026-08-27
XTGLOBAL,Xtglobal Infotech Limited,EQ,,486,2024-09-16,2026-08-27
XTRANET,Xtranet Technologies Limited,EQ,,20,2026-07-30,2026-08-27
YASHO,Yasho Industries Limited,EQ,,745,2023-08-21,2026-08-27
YATHARTH,Yatharth Hospital & Trauma Care Services Limited,EQ,,757,2023-08-07,2026-08-27
YATRA,Yatra Online Limited,EQ,,721,2023-09-28,2026-08-27
YESBANK,Yes Bank Limited,EQ,Financial Services,5216,2005-07-12,2026-08-27
YOGI,Yogi Limited,EQ,,7,2026-08-18,2026-08-27
YUKEN,Yuken India Limited,EQ,,1234,2021-09-02,2026-08-27
ZAGGLE,Zaggle Prepaid Ocean Services Limited,EQ,,726,2023-09-22,2026-08-27
ZEEL,Zee Entertainment Enterprises Limited,EQ,Media Entertainment & Publication,6000,2002-07-01,2026-08-27
ZEELEARN,Zee Learn Limited,BE,,3872,2010-12-20,2026-08-27
ZEEMEDIA,Zee Media Corporation Limited,EQ,,5968,2002-08-12,2026-08-27
ZENITHEXPO,Zenith Exports Limited,EQ,,5996,2002-07-02,2026-08-25
ZENITHSTL,Zenith Steel Pipes & Industries Limited,EQ,,4769,2007-04-30,2026-08-27
ZENSARTECH,Zensar Technologies Limited,EQ,Information Technology,6000,2002-07-01,2026-08-27
ZENTEC,Zen Technologies Limited,EQ,Capital Goods,2821,2015-03-30,2026-08-27
ZFCVINDIA,ZF Commercial Vehicle Control Systems India Limited,EQ,Automobile and Auto Components,5969,2002-08-12,2026-08-27
ZFSTEERING,ZF Steering Gear (India) Limited,EQ,,91,2026-04-21,2026-08-27
ZIMLAB,Zim Laboratories Limited,EQ,,929,2022-11-25,2026-08-27
ZODIAC,Zodiac Energy Limited,EQ,,1725,2017-12-05,2026-08-27
ZODIACLOTH,Zodiac Clothing Company Limited,EQ,,5997,2002-07-01,2026-08-27
ZOTA,Zota Health Care LImited,EQ,,2300,2017-05-10,2026-08-27
ZSARACOM,Saraswati Commercial India Limited,EQ,,7,2026-08-18,2026-08-27
ZUARI,Zuari Agro Chemicals Limited,EQ,,3396,2012-11-27,2026-08-27
ZUARIIND,ZUARI INDUSTRIES LIMITED,EQ,,5999,2002-07-01,2026-08-27
ZYDUSLIFE,Zydus Lifesciences Limited,EQ,Healthcare,6570,2000-04-27,2026-08-27
ZYDUSWELL,Zydus Wellness Limited,EQ,Fast Moving Consumer Goods,4148,2009-11-13,2026-08-27
