symbol,company_name,series,industry,bars,first,last
20MICRONS,20 Microns Limited,EQ,,4973,2023-09-18T09:15:00.000000+0530,2026-08-28T15:15:00.000000+0530
21STCENMGM,21st Century Management Services Limited,EQ,,4380,2023-09-18T09:15:00.000000+0530,2026-08-28T14:15:00.000000+0530
360ONE,360 ONE WAM LIMITED,EQ,Financial Services,5038,2023-09-18T09:15:00.000000+0530,2026-08-28T15:15:00.000000+0530
3BBLACKBIO,3B Blackbio Dx Limited,EQ,,63,2026-08-18T09:15:00.000000+0530,2026-08-28T15:15:00.000000+0530
3IINFOLTD,3i Infotech Limited,BE,,5048,2023-09-18T09:15:00.000000+0530,2026-08-28T15:15:00.000000+0530
3MINDIA,3M India Limited,EQ,Diversified,5048,2023-09-18T09:15:00.000000+0530,2026-08-28T15:15:00.000000+0530
3PLAND,3P Land Holdings Limited,EQ,,4965,2023-09-18T09:15:00.000000+0530,2026-08-28T15:15:00.000000+0530
5PAISA,5Paisa Capital Limited,EQ,,5048,2023-09-18T09:15:00.000000+0530,2026-08-28T15:15:00.000000+0530
63MOONS,63 moons technologies limited,EQ,,5047,2023-09-18T09:15:00.000000+0530,2026-08-28T15:15:00.000000+0530
A2ZINFRA,A2Z Infra Engineering Limited,EQ,,4812,2023-09-18T09:15:00.000000+0530,2026-08-28T15:15:00.000000+0530
AAATECH,AAA Technologies Limited,EQ,,5047,2023-09-18T09:15:00.000000+0530,2026-08-28T15:15:00.000000+0530
AADHARHFC,Aadhar Housing Finance Limited,EQ,Financial Services,3423,2024-09-02T09:15:00.000000+0530,2026-08-28T15:15:00.000000+0530
AAKASH,Aakash Exploration Services Limited,EQ,,4980,2023-09-18T09:15:00.000000+0530,2026-08-28T15:15:00.000000+0530
AAREYDRUGS,Aarey Drugs & Pharmaceuticals Limited,EQ,,4785,2023-09-18T09:15:00.000000+0530,2026-08-28T15:15:00.000000+0530
AARNAV,Aarnav Fashions Limited,BE,,864,2026-02-25T09:15:00.000000+0530,2026-08-28T14:15:00.000000+0530
AARON,Aaron Industries Limited,EQ,,5040,2023-09-18T09:15:00.000000+0530,2026-08-28T15:15:00.000000+0530
AARTECH,Aartech Solonics Limited,BE,,4959,2023-09-18T09:15:00.000000+0530,2026-08-28T15:15:00.000000+0530
AARTIDRUGS,Aarti Drugs Limited,EQ,,5047,2023-09-18T09:15:00.000000+0530,2026-08-28T15:15:00.000000+0530
AARTIIND,Aarti Industries Limited,EQ,Chemicals,5050,2023-09-18T09:15:00.000000+0530,2026-08-28T15:15:00.000000+0530
AARTIPHARM,Aarti Pharmalabs Limited,EQ,,5047,2023-09-18T09:15:00.000000+0530,2026-08-28T15:15:00.000000+0530
AARTISURF,Aarti Surfactants Limited,BE,,5049,2023-09-18T09:15:00.000000+0530,2026-08-28T15:15:00.000000+0530
AARVI,Aarvi Encon Limited,EQ,,5044,2023-09-18T09:15:00.000000+0530,2026-08-28T15:15:00.000000+0530
AASTHA,Aastha Spintex Limited,EQ,,277,2026-07-06T09:15:00.000000+0530,2026-08-28T15:15:00.000000+0530
AAVAS,Aavas Financiers Limited,EQ,Financial Services,5049,2023-09-18T09:15:00.000000+0530,2026-08-28T15:15:00.000000+0530
ABAN,Aban Offshore Limited,BE,,4645,2023-09-18T09:15:00.000000+0530,2026-08-28T15:15:00.000000+0530
ABANSENT,Abans Enterprises Limited,EQ,,63,2026-08-18T09:15:00.000000+0530,2026-08-28T15:15:00.000000+0530
ABB,ABB India Limited,EQ,Capital Goods,5043,2023-09-18T09:15:00.000000+0530,2026-08-28T15:15:00.000000+0530
ABBOTINDIA,Abbott India Limited,EQ,Healthcare,5050,2023-09-18T09:15:00.000000+0530,2026-08-28T15:15:00.000000+0530
ABCAPITAL,Aditya Birla Capital Limited,EQ,Financial Services,5043,2023-09-18T09:15:00.000000+0530,2026-08-28T15:15:00.000000+0530
ABCOTS,A B Cotspin India Limited,EQ,,1558,2025-09-24T09:15:00.000000+0530,2026-08-28T15:15:00.000000+0530
ABDL,Allied Blenders and Distillers Limited,EQ,Fast Moving Consumer Goods,3425,2024-09-02T09:15:00.000000+0530,2026-08-28T15:15:00.000000+0530
ABFRL,Aditya Birla Fashion and Retail Limited,EQ,Consumer Services,5050,2023-09-18T09:15:00.000000+0530,2026-08-28T15:15:00.000000+0530
ABINFRA,A B Infrabuild Limited,BE,,3046,2024-11-08T10:15:00.000000+0530,2026-08-28T15:15:00.000000+0530
ABLBL,Aditya Birla Lifestyle Brands Limited,EQ,Consumer Services,2032,2025-06-24T09:15:00.000000+0530,2026-08-28T15:15:00.000000+0530
ABMINTLLTD,ABM International Limited,BE,,3388,2023-09-18T11:15:00.000000+0530,2026-08-28T13:15:00.000000+0530
ABMKNO,ABM Knowledgeware Limited,EQ,,45,2026-08-18T09:15:00.000000+0530,2026-08-28T15:15:00.000000+0530
ABREL,Aditya Birla Real Estate Limited,EQ,Realty,3237,2024-10-10T09:15:00.000000+0530,2026-08-28T15:15:00.000000+0530
ABSLAMC,Aditya Birla Sun Life AMC Limited,EQ,Financial Services,5049,2023-09-18T09:15:00.000000+0530,2026-08-28T15:15:00.000000+0530
ACC,ACC Limited,EQ,Construction Materials,5047,2023-09-18T09:15:00.000000+0530,2026-08-28T15:15:00.000000+0530
ACCELYA,Accelya Solutions India Limited,EQ,,5049,2023-09-18T09:15:00.000000+0530,2026-08-28T15:15:00.000000+0530
ACCURACY,Accuracy Shipping Limited,BE,,4937,2023-09-18T09:15:00.000000+0530,2026-08-28T15:15:00.000000+0530
ACE,Action Construction Equipment Limited,EQ,Capital Goods,5049,2023-09-18T09:15:00.000000+0530,2026-08-28T15:15:00.000000+0530
ACEINTEG,Ace Integrated Solutions Limited,EQ,,4865,2023-09-18T09:15:00.000000+0530,2026-08-28T15:15:00.000000+0530
ACGL,Automobile Corporation of Goa Limited,EQ,,59,2026-08-18T09:15:00.000000+0530,2026-08-28T15:15:00.000000+0530
ACI,Archean Chemical Industries Limited,EQ,,5048,2023-09-18T09:15:00.000000+0530,2026-08-28T15:15:00.000000+0530
ACL,Andhra Cements Limited,EQ,,5002,2023-09-18T09:15:00.000000+0530,2026-08-28T15:15:00.000000+0530
ACMESOLAR,Acme Solar Holdings Limited,EQ,Power,3075,2024-11-13T09:15:00.000000+0530,2026-08-28T15:15:00.000000+0530
ACSTECH,ACS Technologies Limited,BE,,63,2026-08-18T09:15:00.000000+0530,2026-08-28T15:15:00.000000+0530
ACUTAAS,Acutaas Chemicals Limited,EQ,Healthcare,2143,2025-06-02T09:15:00.000000+0530,2026-08-28T15:15:00.000000+0530
ADANIENSOL,Adani Energy Solutions Limited,EQ,Power,5039,2023-09-18T09:15:00.000000+0530,2026-08-28T15:15:00.000000+0530
ADANIENT,Adani Enterprises Limited,EQ,Metals & Mining,5041,2023-09-18T09:15:00.000000+0530,2026-08-28T15:15:00.000000+0530
ADANIGREEN,Adani Green Energy Limited,EQ,Power,5044,2023-09-18T09:15:00.000000+0530,2026-08-28T15:15:00.000000+0530
ADANIPORTS,Adani Ports and Special Economic Zone Limited,EQ,Services,5044,2023-09-18T09:15:00.000000+0530,2026-08-28T15:15:00.000000+0530
ADANIPOWER,Adani Power Limited,EQ,Power,5046,2023-09-18T09:15:00.000000+0530,2026-08-28T15:15:00.000000+0530
ADDIND,Addi Industries Limited,EQ,,45,2026-08-18T11:15:00.000000+0530,2026-08-28T14:15:00.000000+0530
ADFFOODS,ADF Foods Limited,EQ,,5049,2023-09-18T09:15:00.000000+0530,2026-08-28T15:15:00.000000+0530
ADL,Archidply Decor Limited,EQ,,4258,2023-09-18T09:15:00.000000+0530,2026-08-28T14:15:00.000000+0530
ADOR,Ador Welding Limited,EQ,,221,2025-09-16T09:15:00.000000+0530,2026-08-28T15:15:00.000000+0530
ADROITINFO,Adroit Infotech Limited,EQ,,4970,2023-09-18T09:15:00.000000+0530,2026-08-28T15:15:00.000000+0530
ADSL,Allied Digital Services Limited,EQ,,5050,2023-09-18T09:15:00.000000+0530,2026-08-28T15:15:00.000000+0530
ADVAIT,Advait Energy Transitions Limited,EQ,,1037,2026-01-20T09:15:00.000000+0530,2026-08-28T15:15:00.000000+0530
ADVANCE,Advance Agrolife Limited,EQ,,1521,2025-10-08T09:15:00.000000+0530,2026-08-28T15:15:00.000000+0530
ADVANIHOTR,Advani Hotels & Resorts (India) Limited,EQ,,5050,2023-09-18T09:15:00.000000+0530,2026-08-28T15:15:00.000000+0530
ADVENTHTL,Advent Hotels International Limited,EQ,,1359,2025-11-13T09:15:00.000000+0530,2026-08-28T15:15:00.000000+0530
ADVENZYMES,Advanced Enzyme Technologies Limited,EQ,,5050,2023-09-18T09:15:00.000000+0530,2026-08-28T15:15:00.000000+0530
ADVIKCA,Advik Capital Limited,EQ,,63,2026-08-18T09:15:00.000000+0530,2026-08-28T15:15:00.000000+0530
AEGISLOG,Aegis Logistics Limited,EQ,Oil Gas & Consumable Fuels,3831,2024-06-07T09:15:00.000000+0530,2026-08-28T15:15:00.000000+0530
AEGISVOPAK,Aegis Vopak Terminals Limited,EQ,Oil Gas & Consumable Fuels,2144,2025-06-02T09:15:00.000000+0530,2026-08-28T15:15:00.000000+0530
AEPL,Artemis Electricals and Projects Limited,EQ,,790,2026-03-12T09:15:00.000000+0530,2026-08-28T15:15:00.000000+0530
AEQUS,Aequs Limited,EQ,,1225,2025-12-10T09:15:00.000000+0530,2026-08-28T15:15:00.000000+0530
AEROENTER,Aeroflex Enterprises Limited,EQ,,2025,2025-06-25T09:15:00.000000+0530,2026-08-28T15:15:00.000000+0530
AEROFLEX,Aeroflex Industries Limited,EQ,,5048,2023-09-18T09:15:00.000000+0530,2026-08-28T15:15:00.000000+0530
AERONEU,Aeroflex Neu Limited,EQ,,1713,2025-08-22T09:15:00.000000+0530,2026-08-28T15:15:00.000000+0530
AEROPLANE,Amir Chand Jagdish Kumar (Exports) Limited,EQ,,210,2026-07-20T09:15:00.000000+0530,2026-08-28T15:15:00.000000+0530
AETHER,Aether Industries Limited,EQ,,5049,2023-09-18T09:15:00.000000+0530,2026-08-28T15:15:00.000000+0530
AFCONS,Afcons Infrastructure Limited,EQ,Construction,3121,2024-11-04T09:15:00.000000+0530,2026-08-28T15:15:00.000000+0530
AFFLE,Affle 3i Limited,EQ,Information Technology,5049,2023-09-18T09:15:00.000000+0530,2026-08-28T15:15:00.000000+0530
AFFORDABLE,Affordable Robotic & Automation Limited,BE,,3173,2024-10-23T09:15:00.000000+0530,2026-08-28T15:15:00.000000+0530
AFIL,Akme Fintrade (India) Limited,EQ,,3424,2024-09-02T09:15:00.000000+0530,2026-08-28T15:15:00.000000+0530
AFSL,Abans Financial Services Limited,EQ,,2397,2025-04-01T10:15:00.000000+0530,2026-08-28T15:15:00.000000+0530
AGARIND,Agarwal Industrial Corporation Limited,EQ,,5048,2023-09-18T09:15:00.000000+0530,2026-08-28T15:15:00.000000+0530
AGARWALEYE,Dr. Agarwal's Health Care Limited,EQ,,2683,2025-02-04T09:15:00.000000+0530,2026-08-28T15:15:00.000000+0530
AGI,AGI Greenpac Limited,EQ,,5049,2023-09-18T09:15:00.000000+0530,2026-08-28T15:15:00.000000+0530
AGIIL,Agi Infra Limited,EQ,,3420,2024-09-02T09:15:00.000000+0530,2026-08-28T15:15:00.000000+0530
AGL,Allcargo Global Limited,EQ,,284,2026-07-03T09:15:00.000000+0530,2026-08-28T15:15:00.000000+0530
AGRITECH,Agri-Tech (India) Limited,EQ,,4981,2023-09-18T09:15:00.000000+0530,2026-08-28T15:15:00.000000+0530
AGROPHOS,Agro Phos India Limited,EQ,,5040,2023-09-18T09:15:00.000000+0530,2026-08-28T15:15:00.000000+0530
AGSTRA,AGS Transact Technologies Limited,BZ,,4495,2023-09-18T09:15:00.000000+0530,2026-08-28T15:15:00.000000+0530
AHCL,Anlon Healthcare Limited,EQ,,1688,2025-09-03T09:15:00.000000+0530,2026-08-28T15:15:00.000000+0530
AHLADA,Ahlada Engineers Limited,EQ,,5036,2023-09-18T09:15:00.000000+0530,2026-08-28T15:15:00.000000+0530
AHLEAST,Asian Hotels (East) Limited,EQ,,4868,2023-09-18T09:15:00.000000+0530,2026-08-28T15:15:00.000000+0530
AHLUCONT,Ahluwalia Contracts (India) Limited,EQ,,5050,2023-09-18T09:15:00.000000+0530,2026-08-28T15:15:00.000000+0530
AHLWEST,Asian Hotels (West) Limited,BE,,557,2026-04-06T09:15:00.000000+0530,2026-08-28T15:15:00.000000+0530
AIAENG,AIA Engineering Limited,EQ,Capital Goods,5049,2023-09-18T09:15:00.000000+0530,2026-08-28T15:15:00.000000+0530
AIIL,Authum Investment & Infrastructure Limited,EQ,Financial Services,3425,2024-09-02T09:15:00.000000+0530,2026-08-28T15:15:00.000000+0530
AIRAN,Airan Limited,EQ,,5050,2023-09-18T09:15:00.000000+0530,2026-08-28T15:15:00.000000+0530
AIROLAM,Airo Lam limited,EQ,,4891,2023-09-18T09:15:00.000000+0530,2026-08-28T15:15:00.000000+0530
AJANTPHARM,Ajanta Pharma Limited,EQ,Healthcare,5047,2023-09-18T09:15:00.000000+0530,2026-08-28T15:15:00.000000+0530
AJAXENGG,Ajax Engineering Limited,EQ,,2620,2025-02-17T09:15:00.000000+0530,2026-08-28T15:15:00.000000+0530
AJMERA,Ajmera Realty & Infra India Limited,EQ,,5048,2023-09-18T09:15:00.000000+0530,2026-08-28T15:15:00.000000+0530
AJOONI,Ajooni Biotech Limited,EQ,,5050,2023-09-18T09:15:00.000000+0530,2026-08-28T15:15:00.000000+0530
AKASH,Akash Infra-Projects Limited,EQ,,4955,2023-09-18T09:15:00.000000+0530,2026-08-28T15:15:00.000000+0530
AKCAPIT,AK Capital Services Limited,EQ,,63,2026-08-18T09:15:00.000000+0530,2026-08-28T15:15:00.000000+0530
AKG,Akg Exim Limited,EQ,,5028,2023-09-18T09:15:00.000000+0530,2026-08-28T15:15:00.000000+0530
AKI,AKI India Limited,EQ,,4770,2023-09-18T09:15:00.000000+0530,2026-08-28T15:15:00.000000+0530
AKSHAR,Akshar Spintex Limited,EQ,,4982,2023-09-18T09:15:00.000000+0530,2026-08-28T15:15:00.000000+0530
AKSHARCHEM,AksharChem India Limited,BE,,4984,2023-09-18T09:15:00.000000+0530,2026-08-28T15:15:00.000000+0530
AKSHOPTFBR,Aksh Optifibre Limited,BE,,4948,2023-09-18T09:15:00.000000+0530,2026-08-28T15:15:00.000000+0530
AKUMS,Akums Drugs and Pharmaceuticals Limited,EQ,,3426,2024-09-02T09:15:00.000000+0530,2026-08-28T15:15:00.000000+0530
ALANKIT,Alankit Limited,EQ,,4994,2023-09-18T09:15:00.000000+0530,2026-08-28T15:15:00.000000+0530
ALBERTDAVD,Albert David Limited,EQ,,5046,2023-09-18T09:15:00.000000+0530,2026-08-28T15:15:00.000000+0530
ALEMBICLTD,Alembic Limited,EQ,,5051,2023-09-18T09:15:00.000000+0530,2026-08-28T15:15:00.000000+0530
ALFREDHE,Alfred Herbert India Limited,EQ,,36,2026-08-18T09:15:00.000000+0530,2026-08-28T15:15:00.000000+0530
ALGOQUANT,Algoquant Fintech Limited,EQ,,1100,2026-01-06T09:15:00.000000+0530,2026-08-28T15:15:00.000000+0530
ALICON,Alicon Castalloy Limited,EQ,,5049,2023-09-18T09:15:00.000000+0530,2026-08-28T15:15:00.000000+0530
ALIVUS,Alivus Life Sciences Limited,EQ,,2761,2025-01-20T09:15:00.000000+0530,2026-08-28T15:15:00.000000+0530
ALKALI,Alkali Metals Limited,BE,,5015,2023-09-18T09:15:00.000000+0530,2026-08-28T14:15:00.000000+0530
ALKEM,Alkem Laboratories Limited,EQ,Healthcare,5033,2023-09-18T09:15:00.000000+0530,2026-08-28T14:15:00.000000+0530
ALKYLAMINE,Alkyl Amines Chemicals Limited,EQ,,5047,2023-09-18T09:15:00.000000+0530,2026-08-28T15:15:00.000000+0530
ALLCARGO,Allcargo Logistics Limited,EQ,,5049,2023-09-18T09:15:00.000000+0530,2026-08-28T15:15:00.000000+0530
ALLDIGI,Alldigi Tech Limited,EQ,,3293,2024-09-27T09:15:00.000000+0530,2026-08-28T15:15:00.000000+0530
ALLTIME,All Time Plastics Limited,EQ,,1773,2025-08-14T09:15:00.000000+0530,2026-08-28T15:15:00.000000+0530
ALMONDZ,Almondz Global Securities Limited,EQ,,4932,2023-09-18T09:15:00.000000+0530,2026-08-28T15:15:00.000000+0530
ALOKINDS,Alok Industries Limited,EQ,,5050,2023-09-18T09:15:00.000000+0530,2026-08-28T15:15:00.000000+0530
ALPA,Alpa Laboratories Limited,EQ,,5047,2023-09-18T09:15:00.000000+0530,2026-08-28T15:15:00.000000+0530
ALPHAGEO,Alphageo (India) Limited,BE,,5041,2023-09-18T09:15:00.000000+0530,2026-08-28T15:15:00.000000+0530
ALPINETEX,Alpine Texworld Limited,EQ,,203,2026-07-21T09:15:00.000000+0530,2026-08-28T15:15:00.000000+0530
ALUFLUOR,Alufluoride Limited,EQ,,63,2026-08-18T09:15:00.000000+0530,2026-08-28T15:15:00.000000+0530
AMAGI,Amagi Media Labs Limited,EQ,,1029,2026-01-21T09:15:00.000000+0530,2026-08-28T15:15:00.000000+0530
AMAL,Amal Limited,EQ,,63,2026-08-18T09:15:00.000000+0530,2026-08-28T15:15:00.000000+0530
AMANTA,Amanta Healthcare Limited,BE,,1593,2025-09-11T09:15:00.000000+0530,2026-08-28T14:15:00.000000+0530
AMARJOTHI,Amarjothi Spinning Mills Limited,EQ,,52,2026-08-17T10:15:00.000000+0530,2026-08-28T15:15:00.000000+0530
AMBALALSA,Ambalal Sarabhai Enterprises Limited,BE,,626,2026-04-22T09:15:00.000000+0530,2026-08-28T15:15:00.000000+0530
AMBER,Amber Enterprises India Limited,EQ,Consumer Durables,5044,2023-09-18T09:15:00.000000+0530,2026-08-28T15:15:00.000000+0530
AMBICAAGAR,Ambica Agarbathies & Aroma industries Limited,EQ,,4752,2023-09-18T10:15:00.000000+0530,2026-08-28T15:15:00.000000+0530
AMBIKCO,Ambika Cotton Mills Limited,EQ,,5049,2023-09-18T09:15:00.000000+0530,2026-08-28T15:15:00.000000+0530
AMBUJACEM,Ambuja Cements Limited,EQ,Construction Materials,5041,2023-09-18T09:15:00.000000+0530,2026-08-28T14:15:00.000000+0530
AMDIND,AMD Industries Limited,EQ,,5037,2023-09-18T09:15:00.000000+0530,2026-08-28T15:15:00.000000+0530
AMJLAND,Amj Land Holdings Limited,EQ,,5030,2023-09-18T09:15:00.000000+0530,2026-08-28T14:15:00.000000+0530
AMNPLST,Amines & Plasticizers Limited,EQ,,3412,2024-09-02T09:15:00.000000+0530,2026-08-28T15:15:00.000000+0530
AMRUTANJAN,Amrutanjan Health Care Limited,EQ,,5047,2023-09-18T09:15:00.000000+0530,2026-08-28T15:15:00.000000+0530
ANANDRATHI,Anand Rathi Wealth Limited,EQ,Financial Services,5049,2023-09-18T09:15:00.000000+0530,2026-08-28T15:15:00.000000+0530
ANANTRAJ,Anant Raj Limited,EQ,Realty,5049,2023-09-18T09:15:00.000000+0530,2026-08-28T15:15:00.000000+0530
ANDHRAPAP,ANDHRA PAPER LIMITED,EQ,,5050,2023-09-18T09:15:00.000000+0530,2026-08-28T15:15:00.000000+0530
ANDHRSUGAR,The Andhra Sugars Limited,EQ,,5049,2023-09-18T09:15:00.000000+0530,2026-08-28T15:15:00.000000+0530
ANDREWYU,Andrew Yule & Company Limited,EQ,,239,2023-09-18T09:15:00.000000+0530,2026-08-28T15:15:00.000000+0530
ANGELONE,Angel One Limited,EQ,Financial Services,5048,2023-09-18T09:15:00.000000+0530,2026-08-28T15:15:00.000000+0530
ANIKINDS,Anik Industries Limited,EQ,,4745,2023-09-18T09:15:00.000000+0530,2026-08-28T15:15:00.000000+0530
ANKITMETAL,Ankit Metal & Power Limited,BZ,,4194,2023-09-18T09:15:00.000000+0530,2026-08-28T14:15:00.000000+0530
ANMOL,Anmol India Limited,EQ,,4995,2023-09-18T09:15:00.000000+0530,2026-08-28T15:15:00.000000+0530
ANNAPURNA,Annapurna Swadisht Limited,EQ,,91,2026-08-12T09:15:00.000000+0530,2026-08-28T15:15:00.000000+0530
ANSALAPI,Ansal Properties & Infrastructure Limited,BZ,,3262,2023-09-18T09:15:00.000000+0530,2026-08-28T15:15:00.000000+0530
ANSALBU,Ansal Buildwell Limited,EQ,,27,2026-08-18T09:15:00.000000+0530,2026-08-28T15:15:00.000000+0530
ANTELOPUS,Antelopus Selan Energy Limited,EQ,,1598,2025-09-22T09:15:00.000000+0530,2026-08-28T15:15:00.000000+0530
ANTGRAPHIC,Antarctica Limited,EQ,,4896,2023-09-18T09:15:00.000000+0530,2026-08-28T15:15:00.000000+0530
ANTHEM,Anthem Biosciences Limited,EQ,Healthcare,1899,2025-07-21T09:15:00.000000+0530,2026-08-28T15:15:00.000000+0530
ANUHPHR,Anuh Pharma Limited,EQ,,2901,2024-12-20T09:15:00.000000+0530,2026-08-28T15:15:00.000000+0530
ANUP,The Anup Engineering Limited,EQ,,5049,2023-09-18T09:15:00.000000+0530,2026-08-28T15:15:00.000000+0530
ANURAS,Anupam Rasayan India Limited,EQ,Chemicals,5050,2023-09-18T09:15:00.000000+0530,2026-08-28T15:15:00.000000+0530
APARINDS,Apar Industries Limited,EQ,Capital Goods,220,2025-09-16T09:15:00.000000+0530,2026-08-28T15:15:00.000000+0530
APCL,Anjani Portland Cement Limited,EQ,,4961,2023-09-18T09:15:00.000000+0530,2026-08-28T15:15:00.000000+0530
APCOTEXIND,Apcotex Industries Limited,EQ,,5049,2023-09-18T09:15:00.000000+0530,2026-08-28T15:15:00.000000+0530
APEX,Apex Frozen Foods Limited,EQ,,5048,2023-09-18T09:15:00.000000+0530,2026-08-28T15:15:00.000000+0530
APLAPOLLO,APL Apollo Tubes Limited,EQ,Capital Goods,5040,2023-09-18T09:15:00.000000+0530,2026-08-28T15:15:00.000000+0530
APLLTD,Alembic Pharmaceuticals Limited,EQ,,5050,2023-09-18T09:15:00.000000+0530,2026-08-28T15:15:00.000000+0530
APOLLO,Apollo Micro Systems Limited,EQ,,5050,2023-09-18T09:15:00.000000+0530,2026-08-28T15:15:00.000000+0530
APOLLOHOSP,Apollo Hospitals Enterprise Limited,EQ,Healthcare,5040,2023-09-18T09:15:00.000000+0530,2026-08-28T14:15:00.000000+0530
APOLLOPIPE,Apollo Pipes Limited,EQ,,5049,2023-09-18T09:15:00.000000+0530,2026-08-28T15:15:00.000000+0530
APOLLOTYRE,Apollo Tyres Limited,EQ,Automobile and Auto Components,5049,2023-09-18T09:15:00.000000+0530,2026-08-28T15:15:00.000000+0530
APOLSINHOT,Apollo Sindoori Hotels Limited,EQ,,4969,2023-09-18T09:15:00.000000+0530,2026-08-28T15:15:00.000000+0530
APOORVA,Apoorva Leasing Finance and Investment Company Limited,EQ,,6,2026-08-20T09:15:00.000000+0530,2026-08-24T14:15:00.000000+0530
APTECHT,Aptech Limited,BE,,5047,2023-09-18T09:15:00.000000+0530,2026-08-28T15:15:00.000000+0530
APTUS,Aptus Value Housing Finance India Limited,EQ,Financial Services,5047,2023-09-18T09:15:00.000000+0530,2026-08-28T15:15:00.000000+0530
AQYLON,Aqylon Nexus Limited,EQ,,936,2026-02-11T09:15:00.000000+0530,2026-08-28T15:15:00.000000+0530
ARCHIDPLY,Archidply Industries Limited,EQ,,4963,2023-09-18T09:15:00.000000+0530,2026-08-28T15:15:00.000000+0530
ARCHIES,Archies Limited,EQ,,5005,2023-09-18T09:15:00.000000+0530,2026-08-28T15:15:00.000000+0530
ARCL,ARCL Organics Limited,EQ,,43,2026-08-18T09:15:00.000000+0530,2026-08-28T15:15:00.000000+0530
ARDEE,Ardee Industries Limited,EQ,,91,2026-08-12T09:15:00.000000+0530,2026-08-28T15:15:00.000000+0530
ARE&M,Amara Raja Energy & Mobility Limited,EQ,Automobile and Auto Components,4867,2023-10-27T09:15:00.000000+0530,2026-08-28T15:15:00.000000+0530
ARENTERP,Rajdarshan Industries Limited,EQ,,4415,2023-09-18T09:15:00.000000+0530,2026-08-28T15:15:00.000000+0530
ARFIN,Arfin India Limited,EQ,,1893,2025-07-22T09:15:00.000000+0530,2026-08-28T15:15:00.000000+0530
ARIES,Aries Agro Limited,EQ,,5050,2023-09-18T09:15:00.000000+0530,2026-08-28T15:15:00.000000+0530
ARIHANT,Arihant Foundations & Housing Limited,EQ,,623,2026-04-20T14:15:00.000000+0530,2026-08-28T15:15:00.000000+0530
ARIHANTCAP,Arihant Capital Markets Limited,EQ,,5049,2023-09-18T09:15:00.000000+0530,2026-08-28T15:15:00.000000+0530
ARIHANTSUP,Arihant Superstructures Limited,EQ,,5040,2023-09-18T09:15:00.000000+0530,2026-08-28T15:15:00.000000+0530
ARIS,Arisinfra Solutions Limited,EQ,,952,2026-02-09T09:15:00.000000+0530,2026-08-28T15:15:00.000000+0530
ARKADE,Arkade Developers Limited,EQ,,3314,2024-09-24T09:15:00.000000+0530,2026-08-28T15:15:00.000000+0530
ARMANFIN,Arman Financial Services Limited,EQ,,5050,2023-09-18T09:15:00.000000+0530,2026-08-28T15:15:00.000000+0530
AROGRANITE,Aro Granite Industries Limited,EQ,,4980,2023-09-18T09:15:00.000000+0530,2026-08-28T15:15:00.000000+0530
ARROWGREEN,Arrow Greentech Limited,BE,,4952,2023-09-18T09:15:00.000000+0530,2026-08-28T15:15:00.000000+0530
ARSHIYA,Arshiya Limited,BZ,,4197,2023-09-18T09:15:00.000000+0530,2026-08-28T15:15:00.000000+0530
ARSSBL,Anand Rathi Share and Stock Brokers Limited,EQ,,1556,2025-09-30T09:15:00.000000+0530,2026-08-28T15:15:00.000000+0530
ARTEMISMED,Artemis Medicare Services Limited,EQ,,5048,2023-09-18T09:15:00.000000+0530,2026-08-28T15:15:00.000000+0530
ARTNIRMAN,Art Nirman Limited,EQ,,4138,2023-09-18T09:15:00.000000+0530,2026-08-28T15:15:00.000000+0530
ARVEE,Arvee Laboratories (India) Limited,EQ,,4236,2023-09-18T09:15:00.000000+0530,2026-08-28T15:15:00.000000+0530
ARVIND,Arvind Limited,EQ,,5048,2023-09-18T09:15:00.000000+0530,2026-08-28T15:15:00.000000+0530
ARVINDFASN,Arvind Fashions Limited,EQ,,5050,2023-09-18T09:15:00.000000+0530,2026-08-28T15:15:00.000000+0530
ARVSMART,Arvind SmartSpaces Limited,EQ,,5048,2023-09-18T09:15:00.000000+0530,2026-08-28T15:15:00.000000+0530
ARYAMAN,Aryaman Financial Services Limited,EQ,,32,2026-08-18T09:15:00.000000+0530,2026-08-28T15:15:00.000000+0530
ASAHIINDIA,Asahi India Glass Limited,EQ,Automobile and Auto Components,5050,2023-09-18T09:15:00.000000+0530,2026-08-28T15:15:00.000000+0530
ASAHISONG,Asahi Songwon Colors Limited,BE,,5031,2023-09-18T09:15:00.000000+0530,2026-08-28T15:15:00.000000+0530
ASAL,Automotive Stampings and Assemblies Limited,EQ,,5049,2023-09-18T09:15:00.000000+0530,2026-08-28T15:15:00.000000+0530
ASALCBR,Associated Alcohols & Breweries Ltd.,EQ,,5051,2023-09-18T09:15:00.000000+0530,2026-08-28T15:15:00.000000+0530
ASHAPURMIN,Ashapura Minechem Limited,EQ,,5050,2023-09-18T09:15:00.000000+0530,2026-08-28T15:15:00.000000+0530
ASHIANA,Ashiana Housing Limited,EQ,,5049,2023-09-18T09:15:00.000000+0530,2026-08-28T15:15:00.000000+0530
ASHIKAG,Ashika Global Securities Limited,BE,,62,2026-08-18T09:15:00.000000+0530,2026-08-28T15:15:00.000000+0530
ASHIMASYN,Ashima Limited,EQ,,4947,2023-09-18T09:15:00.000000+0530,2026-08-28T15:15:00.000000+0530
ASHOKA,Ashoka Buildcon Limited,EQ,,5050,2023-09-18T09:15:00.000000+0530,2026-08-28T15:15:00.000000+0530
ASHOKAMET,Ashoka Metcast Limited,EQ,,4971,2023-09-18T09:15:00.000000+0530,2026-08-28T15:15:00.000000+0530
ASHOKLEY,Ashok Leyland Limited,EQ,Capital Goods,5046,2023-09-18T09:15:00.000000+0530,2026-08-28T15:15:00.000000+0530
ASIANENE,Asian Energy Services Limited,EQ,,5050,2023-09-18T09:15:00.000000+0530,2026-08-28T15:15:00.000000+0530
ASIANHOTNR,Asian Hotels (North) Limited,EQ,,4651,2023-09-18T09:15:00.000000+0530,2026-08-28T15:15:00.000000+0530
ASIANPAINT,Asian Paints Limited,EQ,Consumer Durables,5041,2023-09-18T09:15:00.000000+0530,2026-08-28T15:15:00.000000+0530
ASIANTILES,Asian Granito India Limited,EQ,,5050,2023-09-18T09:15:00.000000+0530,2026-08-28T15:15:00.000000+0530
ASIANTNE,Asian Tea & Exports Limited,EQ,,58,2026-08-18T09:15:00.000000+0530,2026-08-28T15:15:00.000000+0530
ASKAUTOLTD,ASK Automotive Limited,EQ,,3425,2024-09-02T09:15:00.000000+0530,2026-08-28T15:15:00.000000+0530
ASMS,Avio Smart Market Stack Limited,BE,,4969,2023-09-18T09:15:00.000000+0530,2026-08-28T15:15:00.000000+0530
ASPINWALL,Aspinwall and Company Limited,EQ,,4852,2023-09-18T09:15:00.000000+0530,2026-08-28T15:15:00.000000+0530
ASSAMENT,Assam Entrade Limited,EQ,,14,2026-08-18T09:15:00.000000+0530,2026-08-28T14:15:00.000000+0530
ASTAR,Asian Star Company Limited,EQ,,34,2026-08-18T13:15:00.000000+0530,2026-08-28T15:15:00.000000+0530
ASTEC,Astec LifeSciences Limited,EQ,,5048,2023-09-18T09:15:00.000000+0530,2026-08-28T15:15:00.000000+0530
ASTERDM,Aster DM Quality Care Limited,EQ,Healthcare,5047,2023-09-18T09:15:00.000000+0530,2026-08-28T15:15:00.000000+0530
ASTRAL,Astral Limited,EQ,Capital Goods,5037,2023-09-18T09:15:00.000000+0530,2026-08-28T15:15:00.000000+0530
ASTRAMICRO,Astra Microwave Products Limited,EQ,,5046,2023-09-18T09:15:00.000000+0530,2026-08-28T15:15:00.000000+0530
ASTRAZEN,AstraZeneca Pharma India Limited,EQ,,5049,2023-09-18T09:15:00.000000+0530,2026-08-28T15:15:00.000000+0530
ASTRON,Astron Paper & Board Mill Limited,BZ,,4830,2023-09-18T09:15:00.000000+0530,2026-08-28T15:15:00.000000+0530
ATALREAL,Atal Realtech Limited,EQ,,4925,2023-09-18T09:15:00.000000+0530,2026-08-28T15:15:00.000000+0530
ATAM,Atam Valves Limited,EQ,,5039,2023-09-18T09:15:00.000000+0530,2026-08-28T15:15:00.000000+0530
ATGL,Adani Total Gas Limited,EQ,Oil Gas & Consumable Fuels,5049,2023-09-18T09:15:00.000000+0530,2026-08-28T15:15:00.000000+0530
ATHERENERG,Ather Energy Limited,EQ,Automobile and Auto Components,2278,2025-05-06T09:15:00.000000+0530,2026-08-28T15:15:00.000000+0530
ATL,Allcargo Terminals Limited,EQ,,5049,2023-09-18T09:15:00.000000+0530,2026-08-28T15:15:00.000000+0530
ATLANTAA,ATLANTAA LIMITED,EQ,,4397,2023-12-15T09:15:00.000000+0530,2026-08-28T15:15:00.000000+0530
ATLANTAELE,Atlanta Electricals Limited,EQ,,1563,2025-09-29T09:15:00.000000+0530,2026-08-28T15:15:00.000000+0530
ATLASCYCLE,Atlas Cycles (Haryana) Limited,EQ,,2652,2024-12-27T09:15:00.000000+0530,2026-08-28T15:15:00.000000+0530
ATUL,Atul Limited,EQ,Chemicals,5048,2023-09-18T09:15:00.000000+0530,2026-08-28T15:15:00.000000+0530
ATULAUTO,Atul Auto Limited,EQ,,5047,2023-09-18T09:15:00.000000+0530,2026-08-28T15:15:00.000000+0530
AUBANK,AU Small Finance Bank Limited,EQ,Financial Services,5038,2023-09-18T09:15:00.000000+0530,2026-08-28T14:15:00.000000+0530
AURIONPRO,Aurionpro Solutions Limited,EQ,,5047,2023-09-18T09:15:00.000000+0530,2026-08-28T15:15:00.000000+0530
AUROPHARMA,Aurobindo Pharma Limited,EQ,Healthcare,5039,2023-09-18T09:15:00.000000+0530,2026-08-28T14:15:00.000000+0530
AURUM,Aurum PropTech Limited,EQ,,5002,2023-09-18T09:15:00.000000+0530,2026-08-28T15:15:00.000000+0530
AURUS,AURUS GEM CORPORATION LIMITED,EQ,,233,2026-07-14T09:15:00.000000+0530,2026-08-28T15:15:00.000000+0530
AUSOMENT,Ausom Enterprise Limited,EQ,,4712,2023-09-18T09:15:00.000000+0530,2026-08-28T15:15:00.000000+0530
AUSTENG,Austin Engineering Company  Limited,EQ,,53,2026-08-18T09:15:00.000000+0530,2026-08-28T14:15:00.000000+0530
AUTOAXLES,Automotive Axles Limited,EQ,,5049,2023-09-18T09:15:00.000000+0530,2026-08-28T15:15:00.000000+0530
AUTOIND,Autoline Industries Limited,EQ,,5015,2023-09-18T09:15:00.000000+0530,2026-08-28T15:15:00.000000+0530
AVADHSUGAR,Avadh Sugar & Energy Limited,EQ,,5049,2023-09-18T09:15:00.000000+0530,2026-08-28T15:15:00.000000+0530
AVALON,Avalon Technologies Limited,EQ,,5049,2023-09-18T09:15:00.000000+0530,2026-08-28T15:15:00.000000+0530
AVANCE,Avance Technologies Limited,EQ,,63,2026-08-18T09:15:00.000000+0530,2026-08-28T15:15:00.000000+0530
AVANTEL,Avantel Limited,EQ,,3425,2024-09-02T09:15:00.000000+0530,2026-08-28T15:15:00.000000+0530
AVANTIFEED,Avanti Feeds Limited,EQ,,5046,2023-09-18T09:15:00.000000+0530,2026-08-28T15:15:00.000000+0530
AVG,AVG Logistics Limited,BE,,4986,2023-09-18T09:15:00.000000+0530,2026-08-28T15:15:00.000000+0530
AVL,Aditya Vision Limited,EQ,,3111,2024-11-06T09:15:00.000000+0530,2026-08-28T15:15:00.000000+0530
AVONMORE,Avonmore Capital & Management Services Limited,EQ,,4869,2023-09-18T09:15:00.000000+0530,2026-08-28T15:15:00.000000+0530
AVROIND,AVRO INDIA LIMITED,EQ,,4953,2023-09-18T09:15:00.000000+0530,2026-08-28T15:15:00.000000+0530
AVTNPL,AVT Natural Products Limited,EQ,,5049,2023-09-18T09:15:00.000000+0530,2026-08-28T15:15:00.000000+0530
AWFIS,Awfis Space Solutions Limited,EQ,,3424,2024-09-02T09:15:00.000000+0530,2026-08-28T15:15:00.000000+0530
AWHCL,Antony Waste Handling Cell Limited,EQ,,5049,2023-09-18T09:15:00.000000+0530,2026-08-28T15:15:00.000000+0530
AWL,AWL Agri Business Limited,EQ,Fast Moving Consumer Goods,5049,2023-09-18T09:15:00.000000+0530,2026-08-28T15:15:00.000000+0530
AXISBANK,Axis Bank Limited,EQ,Financial Services,5046,2023-09-18T09:15:00.000000+0530,2026-08-28T15:15:00.000000+0530
AXISCADES,AXISCADES Technologies Limited,EQ,,5050,2023-09-18T09:15:00.000000+0530,2026-08-28T15:15:00.000000+0530
AXITA,Axita Cotton Limited,EQ,,5048,2023-09-18T09:15:00.000000+0530,2026-08-28T15:15:00.000000+0530
AXTEL,Axtel Industries Limited,EQ,,61,2026-08-18T09:15:00.000000+0530,2026-08-28T15:15:00.000000+0530
AYE,Aye Finance Limited,EQ,,917,2026-02-16T09:15:00.000000+0530,2026-08-28T15:15:00.000000+0530
AYMSYNTEX,AYM Syntex Limited,EQ,,4962,2023-09-18T09:15:00.000000+0530,2026-08-28T15:15:00.000000+0530
AZAD,Azad Engineering Limited,EQ,,3422,2024-09-02T09:15:00.000000+0530,2026-08-28T15:15:00.000000+0530
AZADIND,Azad India Mobility Limited,EQ,,62,2026-08-18T09:15:00.000000+0530,2026-08-28T15:15:00.000000+0530
BAFNAPH,Bafna Pharmaceuticals Limited,BE,,4051,2023-09-18T09:15:00.000000+0530,2026-08-28T15:15:00.000000+0530
BAGFILMS,B.A.G Films and Media Limited,EQ,,4984,2023-09-18T09:15:00.000000+0530,2026-08-28T15:15:00.000000+0530
BAIDFIN,Baid Finserv Limited,EQ,,5050,2023-09-18T09:15:00.000000+0530,2026-08-28T15:15:00.000000+0530
BAJAJ-AUTO,Bajaj Auto Limited,EQ,Automobile and Auto Components,5042,2023-09-18T09:15:00.000000+0530,2026-08-28T14:15:00.000000+0530
BAJAJCON,Bajaj Consumer Care Limited,EQ,,5049,2023-09-18T09:15:00.000000+0530,2026-08-28T15:15:00.000000+0530
BAJAJELEC,Bajaj Electricals Limited,EQ,,5049,2023-09-18T09:15:00.000000+0530,2026-08-28T15:15:00.000000+0530
BAJAJFINSV,Bajaj Finserv Limited,EQ,Financial Services,5039,2023-09-18T09:15:00.000000+0530,2026-08-28T15:15:00.000000+0530
BAJAJHCARE,Bajaj Healthcare Limited,EQ,,5049,2023-09-18T09:15:00.000000+0530,2026-08-28T15:15:00.000000+0530
BAJAJHFL,Bajaj Housing Finance Limited,EQ,Financial Services,3352,2024-09-16T09:15:00.000000+0530,2026-08-28T15:15:00.000000+0530
BAJAJHIND,Bajaj Hindusthan Sugar Limited,EQ,,5050,2023-09-18T09:15:00.000000+0530,2026-08-28T15:15:00.000000+0530
BAJAJHLDNG,Bajaj Holdings & Investment Limited,EQ,Financial Services,5034,2023-09-18T09:15:00.000000+0530,2026-08-28T14:15:00.000000+0530
BAJAJINDEF,Indef Manufacturing Limited,EQ,,2591,2025-02-21T09:15:00.000000+0530,2026-08-28T15:15:00.000000+0530
BAJAJST,Bajaj Steel Industries Limited,EQ,,63,2026-08-18T09:15:00.000000+0530,2026-08-28T15:15:00.000000+0530
BAJEL,Bajel Projects Limited,EQ,,3424,2024-09-02T09:15:00.000000+0530,2026-08-28T15:15:00.000000+0530
BAJFINANCE,Bajaj Finance Limited,EQ,Financial Services,5041,2023-09-18T09:15:00.000000+0530,2026-08-28T14:15:00.000000+0530
BALAJEE,Shree Tirupati Balajee Agro Trading Company Limited,EQ,,3369,2024-09-12T09:15:00.000000+0530,2026-08-28T15:15:00.000000+0530
BALAJITELE,Balaji Telefilms Limited,EQ,,4998,2023-09-18T09:15:00.000000+0530,2026-08-28T15:15:00.000000+0530
BALAMINES,Balaji Amines Limited,EQ,,5048,2023-09-18T09:15:00.000000+0530,2026-08-28T15:15:00.000000+0530
BALAXI,BALAXI PHARMACEUTICALS LIMITED,EQ,,5045,2023-09-18T09:15:00.000000+0530,2026-08-28T15:15:00.000000+0530
BALKRISHNA,Balkrishna Paper Mills Limited,EQ,,4983,2023-09-18T09:15:00.000000+0530,2026-08-28T15:15:00.000000+0530
BALKRISIND,Balkrishna Industries Limited,EQ,Automobile and Auto Components,5049,2023-09-18T09:15:00.000000+0530,2026-08-28T15:15:00.000000+0530
BALMLAWRIE,Balmer Lawrie & Company Limited,EQ,,5049,2023-09-18T09:15:00.000000+0530,2026-08-28T15:15:00.000000+0530
BALPHARMA,Bal Pharma Limited,EQ,,5003,2023-09-18T09:15:00.000000+0530,2026-08-28T15:15:00.000000+0530
BALRAMCHIN,Balrampur Chini Mills Limited,EQ,Fast Moving Consumer Goods,5048,2023-09-18T09:15:00.000000+0530,2026-08-28T15:15:00.000000+0530
BALUFORGE,Balu Forge Industries Limited,EQ,,3423,2024-09-02T09:15:00.000000+0530,2026-08-28T15:15:00.000000+0530
BANARBEADS,Banaras Beads Limited,EQ,,4970,2023-09-18T09:15:00.000000+0530,2026-08-28T15:15:00.000000+0530
BANARISUG,Bannari Amman Sugars Limited,EQ,,4915,2023-09-18T09:15:00.000000+0530,2026-08-28T15:15:00.000000+0530
BANCOINDIA,Banco Products (I) Limited,EQ,,5049,2023-09-18T09:15:00.000000+0530,2026-08-28T15:15:00.000000+0530
BANDHANBNK,Bandhan Bank Limited,EQ,Financial Services,5048,2023-09-18T09:15:00.000000+0530,2026-08-28T15:15:00.000000+0530
BANG,Bang Overseas Limited,EQ,,4862,2023-09-18T09:15:00.000000+0530,2026-08-28T15:15:00.000000+0530
BANKA,Banka BioLoo Limited,EQ,,4717,2023-09-18T09:15:00.000000+0530,2026-08-28T15:15:00.000000+0530
BANKBARODA,Bank of Baroda,EQ,Financial Services,5039,2023-09-18T09:15:00.000000+0530,2026-08-28T15:15:00.000000+0530
BANKINDIA,Bank of India,EQ,Financial Services,5042,2023-09-18T09:15:00.000000+0530,2026-08-28T15:15:00.000000+0530
BANSALWIRE,Bansal Wire Industries Limited,EQ,,3425,2024-09-02T09:15:00.000000+0530,2026-08-28T15:15:00.000000+0530
BANSWRAS,Banswara Syntex Limited,EQ,,5045,2023-09-18T09:15:00.000000+0530,2026-08-28T15:15:00.000000+0530
BASF,BASF India Limited,EQ,,5048,2023-09-18T09:15:00.000000+0530,2026-08-28T15:15:00.000000+0530
BASML,Bannari Amman Spinning Mills Limited,BE,,4998,2023-09-18T09:15:00.000000+0530,2026-08-28T14:15:00.000000+0530
BATAINDIA,Bata India Limited,EQ,Consumer Durables,5048,2023-09-18T09:15:00.000000+0530,2026-08-28T15:15:00.000000+0530
BATLIBOI,Batliboi Limited,EQ,,637,2026-04-20T09:15:00.000000+0530,2026-08-28T15:15:00.000000+0530
BAYERCROP,Bayer Cropscience Limited,EQ,Chemicals,5046,2023-09-18T09:15:00.000000+0530,2026-08-28T15:15:00.000000+0530
BBL,Bharat Bijlee Limited,EQ,,5049,2023-09-18T09:15:00.000000+0530,2026-08-28T15:15:00.000000+0530
BBOX,Black Box Limited,EQ,,5045,2023-09-18T09:15:00.000000+0530,2026-08-28T15:15:00.000000+0530
BBTC,The Bombay Burmah Trading Corporation Limited,EQ,Fast Moving Consumer Goods,5049,2023-09-18T09:15:00.000000+0530,2026-08-28T15:15:00.000000+0530
BBTCL,B&B Triplewall Containers Limited,EQ,,4907,2023-09-18T09:15:00.000000+0530,2026-08-28T15:15:00.000000+0530
BCG,Brightcom Group Limited,EQ,,3377,2023-09-18T09:15:00.000000+0530,2026-08-28T15:15:00.000000+0530
BCLIND,Bcl Industries Limited,EQ,,5049,2023-09-18T09:15:00.000000+0530,2026-08-28T15:15:00.000000+0530
BCONCEPTS,Brand Concepts Limited,EQ,,4940,2023-09-18T09:15:00.000000+0530,2026-08-28T15:15:00.000000+0530
BCPL,BCPL Railway Infrastructure Limited,EQ,,728,2026-03-27T09:15:00.000000+0530,2026-08-28T15:15:00.000000+0530
BDL,Bharat Dynamics Limited,EQ,Capital Goods,5042,2023-09-18T09:15:00.000000+0530,2026-08-28T15:15:00.000000+0530
BEARDSELL,Beardsell Limited,EQ,,5045,2023-09-18T09:15:00.000000+0530,2026-08-28T15:15:00.000000+0530
BECTORFOOD,Mrs. Bectors Food Specialities Limited,EQ,,5049,2023-09-18T09:15:00.000000+0530,2026-08-28T15:15:00.000000+0530
BEDMUTHA,Bedmutha Industries Limited,EQ,,4851,2023-09-18T09:15:00.000000+0530,2026-08-28T15:15:00.000000+0530
BEEKAY,Beekay Steel Industries Limited,EQ,,56,2026-08-18T09:15:00.000000+0530,2026-08-28T15:15:00.000000+0530
BEL,Bharat Electronics Limited,EQ,Capital Goods,5047,2023-09-18T09:15:00.000000+0530,2026-08-28T15:15:00.000000+0530
BELLACASA,Bella Casa Fashion & Retail Limited,EQ,,1902,2025-07-18T09:15:00.000000+0530,2026-08-28T15:15:00.000000+0530
BELRISE,Belrise Industries Limited,EQ,Automobile and Auto Components,2165,2025-05-28T09:15:00.000000+0530,2026-08-28T15:15:00.000000+0530
BEML,BEML Limited,EQ,Capital Goods,5048,2023-09-18T09:15:00.000000+0530,2026-08-28T15:15:00.000000+0530
BENARAS,Benares Hotels Limited,EQ,,37,2026-08-18T09:15:00.000000+0530,2026-08-28T13:15:00.000000+0530
BENGALASM,Bengal & Assam Company Limited,EQ,,54,2026-08-18T09:15:00.000000+0530,2026-08-28T15:15:00.000000+0530
BEPL,Bhansali Engineering Polymers Limited,EQ,,5048,2023-09-18T09:15:00.000000+0530,2026-08-28T15:15:00.000000+0530
BERGEPAINT,Berger Paints (I) Limited,EQ,Consumer Durables,5049,2023-09-18T09:15:00.000000+0530,2026-08-28T15:15:00.000000+0530
BESTAGRO,Best Agrolife Limited,EQ,,4000,2024-04-10T09:15:00.000000+0530,2026-08-28T15:15:00.000000+0530
BETA,Beta Drugs Limited,EQ,,1310,2025-11-24T09:15:00.000000+0530,2026-08-28T15:15:00.000000+0530
BFINVEST,BF Investment Limited,EQ,,5049,2023-09-18T09:15:00.000000+0530,2026-08-28T15:15:00.000000+0530
BFUTILITIE,BF Utilities Limited,EQ,,5049,2023-09-18T09:15:00.000000+0530,2026-08-28T15:15:00.000000+0530
BGRENERGY,BGR Energy Systems Limited,BE,,4727,2023-09-18T09:15:00.000000+0530,2026-08-28T15:15:00.000000+0530
BHAGCHEM,Bhagiradha Chemicals & Industries Limited,EQ,,5049,2023-09-18T09:15:00.000000+0530,2026-08-28T15:15:00.000000+0530
BHAGERIA,Bhageria Industries Limited,BE,,5049,2023-09-18T09:15:00.000000+0530,2026-08-28T15:15:00.000000+0530
BHAGYANGR,Bhagyanagar India Limited,EQ,,5012,2023-09-18T09:15:00.000000+0530,2026-08-28T15:15:00.000000+0530
BHANDARI,Bhandari Hosiery Exports Limited,EQ,,5021,2023-09-18T09:15:00.000000+0530,2026-08-28T15:15:00.000000+0530
BHARATCOAL,Bharat Coking Coal Limited,EQ,,1043,2026-01-19T09:15:00.000000+0530,2026-08-28T15:15:00.000000+0530
BHARATFORG,Bharat Forge Limited,EQ,Automobile and Auto Components,5043,2023-09-18T09:15:00.000000+0530,2026-08-28T14:15:00.000000+0530
BHARATGEAR,Bharat Gears Limited,BE,,5048,2023-09-18T09:15:00.000000+0530,2026-08-28T15:15:00.000000+0530
BHARATRAS,Bharat Rasayan Limited,EQ,,5048,2023-09-18T09:15:00.000000+0530,2026-08-28T15:15:00.000000+0530
BHARATSE,Bharat Seats Limited,EQ,,2453,2025-03-25T09:15:00.000000+0530,2026-08-28T15:15:00.000000+0530
BHARATWIRE,Bharat Wire Ropes Limited,EQ,,5050,2023-09-18T09:15:00.000000+0530,2026-08-28T15:15:00.000000+0530
BHARTIARTL,Bharti Airtel Limited,EQ,Telecommunication,5043,2023-09-18T09:15:00.000000+0530,2026-08-28T15:15:00.000000+0530
BHARTIHEXA,Bharti Hexacom Limited,EQ,Telecommunication,3424,2024-09-02T09:15:00.000000+0530,2026-08-28T15:15:00.000000+0530
BHEL,Bharat Heavy Electricals Limited,EQ,Capital Goods,5046,2023-09-18T09:15:00.000000+0530,2026-08-28T15:15:00.000000+0530
BI,Bilcare Limited,BE,,63,2026-08-18T09:15:00.000000+0530,2026-08-28T15:15:00.000000+0530
BIGBLOC,Bigbloc Construction Limited,EQ,,5050,2023-09-18T09:15:00.000000+0530,2026-08-28T15:15:00.000000+0530
BIKAJI,Bikaji Foods International Limited,EQ,Fast Moving Consumer Goods,5049,2023-09-18T09:15:00.000000+0530,2026-08-28T15:15:00.000000+0530
BIL,Bhartiya International Limited,EQ,,4632,2023-09-18T09:15:00.000000+0530,2026-08-28T15:15:00.000000+0530
BILVYAPAR,BIL VYAPAR LIMITED,BE,,1566,2025-07-14T09:15:00.000000+0530,2026-08-28T15:15:00.000000+0530
BIMETAL,Bimetal Bearings Limited,EQ,,501,2026-04-20T14:15:00.000000+0530,2026-08-28T15:15:00.000000+0530
BIOCON,Biocon Limited,EQ,Healthcare,5042,2023-09-18T09:15:00.000000+0530,2026-08-28T15:15:00.000000+0530
BIOFILCHEM,Biofil Chemicals & Pharmaceuticals Limited,EQ,,5037,2023-09-18T09:15:00.000000+0530,2026-08-28T15:15:00.000000+0530
BIRLACABLE,Birla Cable Limited,BE,,5050,2023-09-18T09:15:00.000000+0530,2026-08-28T15:15:00.000000+0530
BIRLACORPN,Birla Corporation Limited,EQ,,5049,2023-09-18T09:15:00.000000+0530,2026-08-28T15:15:00.000000+0530
BIRLAMONEY,Aditya Birla Money Limited,EQ,,4963,2023-09-18T09:15:00.000000+0530,2026-08-28T15:15:00.000000+0530
BIRLANU,BirlaNu Limited,EQ,,2381,2025-04-09T09:15:00.000000+0530,2026-08-28T15:15:00.000000+0530
BIRLAPREC,Birla Precision Technologies Limited,EQ,,63,2026-08-18T09:15:00.000000+0530,2026-08-28T15:15:00.000000+0530
BLACKBUCK,BLACKBUCK LIMITED,EQ,,3037,2024-11-22T09:15:00.000000+0530,2026-08-28T15:15:00.000000+0530
BLACKROSE,Black Rose Inds. Limited,BE,,63,2026-08-18T09:15:00.000000+0530,2026-08-28T15:15:00.000000+0530
BLAL,BEML Land Assets Limited,EQ,,5051,2023-09-18T09:15:00.000000+0530,2026-08-28T15:15:00.000000+0530
BLBLIMITED,BLB Limited,EQ,,4935,2023-09-18T09:15:00.000000+0530,2026-08-28T15:15:00.000000+0530
BLEL,Behari Lal Engineering Limited,EQ,,56,2026-08-19T09:15:00.000000+0530,2026-08-28T15:15:00.000000+0530
BLIL,Balmer Lawrie Investments Limited,EQ,,63,2026-08-18T09:15:00.000000+0530,2026-08-28T15:15:00.000000+0530
BLISSGVS,Bliss GVS Pharma Limited,BE,,5050,2023-09-18T09:15:00.000000+0530,2026-08-28T15:15:00.000000+0530
BLKASHYAP,B. L. Kashyap and Sons Limited,EQ,,5049,2023-09-18T09:15:00.000000+0530,2026-08-28T15:15:00.000000+0530
BLS,BLS International Services Limited,EQ,Consumer Services,5046,2023-09-18T09:15:00.000000+0530,2026-08-28T15:15:00.000000+0530
BLSE,BLS E-Services Limited,EQ,,3424,2024-09-02T09:15:00.000000+0530,2026-08-28T15:15:00.000000+0530
BLUECHIP,Blue Chip India Limited,EQ,,3251,2023-09-18T09:15:00.000000+0530,2026-08-28T13:15:00.000000+0530
BLUECLOUDS,Blue Cloud Softech Solutions Limited,EQ,,63,2026-08-18T09:15:00.000000+0530,2026-08-28T15:15:00.000000+0530
BLUECOAST,Blue Coast Hotels Limited,BE,,2212,2023-09-18T09:15:00.000000+0530,2026-08-28T14:15:00.000000+0530
BLUEDART,Blue Dart Express Limited,EQ,Services,5048,2023-09-18T09:15:00.000000+0530,2026-08-28T15:15:00.000000+0530
BLUEJET,Blue Jet Healthcare Limited,EQ,Healthcare,3425,2024-09-02T09:15:00.000000+0530,2026-08-28T15:15:00.000000+0530
BLUESTARCO,Blue Star Limited,EQ,Consumer Durables,5039,2023-09-18T09:15:00.000000+0530,2026-08-28T15:15:00.000000+0530
BLUESTONE,BlueStone Jewellery and Lifestyle Limited,EQ,,1759,2025-08-19T09:15:00.000000+0530,2026-08-28T15:15:00.000000+0530
BLUSPRING,Bluspring Enterprises Limited,EQ,,2095,2025-06-11T09:15:00.000000+0530,2026-08-28T15:15:00.000000+0530
BMWVENTLTD,BMW Ventures Limited,EQ,,1550,2025-10-01T09:15:00.000000+0530,2026-08-28T15:15:00.000000+0530
BNAGROCHEM,BN Agrochem Limited,EQ,,52,2026-08-18T09:15:00.000000+0530,2026-08-28T15:15:00.000000+0530
BNALTD,B & A Limited,BE,,18,2026-08-19T09:15:00.000000+0530,2026-08-28T14:15:00.000000+0530
BODALCHEM,Bodal Chemicals Limited,BE,,5046,2023-09-18T09:15:00.000000+0530,2026-08-28T15:15:00.000000+0530
BOHRAIND,Bohra Industries Limited,EQ,,3359,2023-09-18T09:15:00.000000+0530,2026-08-28T15:15:00.000000+0530
BOMDYEING,Bombay Dyeing & Mfg Company Limited,EQ,,5049,2023-09-18T09:15:00.000000+0530,2026-08-28T15:15:00.000000+0530
BONLON,Bonlon Industries Limited,EQ,,856,2026-02-23T09:15:00.000000+0530,2026-08-28T15:15:00.000000+0530
BORANA,Borana Weaves Limited,EQ,,2171,2025-05-27T09:15:00.000000+0530,2026-08-28T15:15:00.000000+0530
BOROLTD,Borosil Limited,EQ,,5049,2023-09-18T09:15:00.000000+0530,2026-08-28T15:15:00.000000+0530
BORORENEW,BOROSIL RENEWABLES LIMITED,EQ,,5050,2023-09-18T09:15:00.000000+0530,2026-08-28T15:15:00.000000+0530
BOROSCI,Borosil Scientific Limited,EQ,,3426,2024-09-02T09:15:00.000000+0530,2026-08-28T15:15:00.000000+0530
BOSCH-HCIL,BOSCH HOME COMFORT INDIA LIMITED,EQ,,1156,2025-12-24T09:15:00.000000+0530,2026-08-28T15:15:00.000000+0530
BOSCHLTD,Bosch Limited,EQ,Automobile and Auto Components,5042,2023-09-18T09:15:00.000000+0530,2026-08-28T15:15:00.000000+0530
BPCL,Bharat Petroleum Corporation Limited,EQ,Oil Gas & Consumable Fuels,5043,2023-09-18T09:15:00.000000+0530,2026-08-28T15:15:00.000000+0530
BPL,BPL Limited,EQ,,5018,2023-09-18T09:15:00.000000+0530,2026-08-28T15:15:00.000000+0530
BPLPHARMA,Bharat Parenterals Limited,EQ,,61,2026-08-18T09:15:00.000000+0530,2026-08-28T15:15:00.000000+0530
BRAHMINFRA,Brahmaputra Infrastructure Limited,EQ,,63,2026-08-18T09:15:00.000000+0530,2026-08-28T15:15:00.000000+0530
BRIGADE,Brigade Enterprises Limited,EQ,Realty,5049,2023-09-18T09:15:00.000000+0530,2026-08-28T15:15:00.000000+0530
BRIGHOTEL,Brigade Hotel Ventures Limited,EQ,,1843,2025-07-31T09:15:00.000000+0530,2026-08-28T15:15:00.000000+0530
BRIGHTBR,Bright Brothers Limited,EQ,,46,2026-08-18T09:15:00.000000+0530,2026-08-28T15:15:00.000000+0530
BRITANNIA,Britannia Industries Limited,EQ,Fast Moving Consumer Goods,5037,2023-09-18T09:15:00.000000+0530,2026-08-28T15:15:00.000000+0530
BRNL,Bharat Road Network Limited,EQ,,4949,2023-09-18T09:15:00.000000+0530,2026-08-28T15:15:00.000000+0530
BROOKS,Brooks Laboratories Limited,BE,,4741,2023-09-18T09:15:00.000000+0530,2026-08-28T15:15:00.000000+0530
BSE,BSE Limited,EQ,Financial Services,5043,2023-09-18T09:15:00.000000+0530,2026-08-28T15:15:00.000000+0530
BSHSL,Bombay Super Hybrid Seeds Limited,EQ,,5028,2023-09-18T09:15:00.000000+0530,2026-08-28T15:15:00.000000+0530
BSL,BSL Limited,EQ,,4895,2023-09-18T09:15:00.000000+0530,2026-08-28T15:15:00.000000+0530
BSOFT,BIRLASOFT LIMITED,EQ,Information Technology,5049,2023-09-18T09:15:00.000000+0530,2026-08-28T15:15:00.000000+0530
BTML,Bodhi Tree Multimedia Limited,EQ,,4945,2023-09-18T09:15:00.000000+0530,2026-08-28T15:15:00.000000+0530
BTTL,Bhilwara Technical Textiles Limited,BE,,573,2026-04-22T09:15:00.000000+0530,2026-08-28T15:15:00.000000+0530
BUILDPRO,Shankara Buildpro Limited,EQ,,1078,2026-01-09T09:15:00.000000+0530,2026-08-28T15:15:00.000000+0530
BURNPUR,Burnpur Cement Limited,EQ,,2368,2023-09-18T09:15:00.000000+0530,2026-08-28T15:15:00.000000+0530
BUTTERFLY,Butterfly Gandhimathi Appliances Limited,EQ,,5048,2023-09-18T09:15:00.000000+0530,2026-08-28T15:15:00.000000+0530
BVCL,Barak Valley Cements Limited,EQ,,5001,2023-09-18T09:15:00.000000+0530,2026-08-28T15:15:00.000000+0530
BYKE,The Byke Hospitality Ltd,BE,,4950,2023-09-18T09:15:00.000000+0530,2026-08-28T15:15:00.000000+0530
CALSOFT,California Software Company Limited,EQ,,5012,2023-09-18T09:15:00.000000+0530,2026-08-28T15:15:00.000000+0530
CAMLINFINE,Camlin Fine Sciences Limited,EQ,,5050,2023-09-18T09:15:00.000000+0530,2026-08-28T15:15:00.000000+0530
CAMPUS,Campus Activewear Limited,EQ,,5048,2023-09-18T09:15:00.000000+0530,2026-08-28T15:15:00.000000+0530
CAMS,Computer Age Management Services Limited,EQ,Financial Services,5044,2023-09-18T09:15:00.000000+0530,2026-08-28T14:15:00.000000+0530
CANBK,Canara Bank,EQ,Financial Services,5042,2023-09-18T09:15:00.000000+0530,2026-08-28T15:15:00.000000+0530
CANFINHOME,Can Fin Homes Limited,EQ,Financial Services,5049,2023-09-18T09:15:00.000000+0530,2026-08-28T15:15:00.000000+0530
CANHLIFE,Canara HSBC Life Insurance Company Limited,EQ,Financial Services,1472,2025-10-17T09:15:00.000000+0530,2026-08-28T15:15:00.000000+0530
CANTABIL,Cantabil Retail India Limited,EQ,,5050,2023-09-18T09:15:00.000000+0530,2026-08-28T15:15:00.000000+0530
CAPACITE,Capacit'e Infraprojects Limited,EQ,,5049,2023-09-18T09:15:00.000000+0530,2026-08-28T15:15:00.000000+0530
CAPILLARY,Capillary Technologies India Limited,EQ,,1316,2025-11-21T09:15:00.000000+0530,2026-08-28T15:15:00.000000+0530
CAPITALSFB,Capital Small Finance Bank Limited,EQ,,3424,2024-09-02T09:15:00.000000+0530,2026-08-28T15:15:00.000000+0530
CAPLIPOINT,Caplin Point Laboratories Limited,EQ,Healthcare,5048,2023-09-18T09:15:00.000000+0530,2026-08-28T15:15:00.000000+0530
CAPTRUST,Capital Trust Limited,BE,,4899,2023-09-18T09:15:00.000000+0530,2026-08-28T15:15:00.000000+0530
CARBORUNIV,Carborundum Universal Limited,EQ,Capital Goods,5048,2023-09-18T09:15:00.000000+0530,2026-08-28T15:15:00.000000+0530
CARERATING,CARE Ratings Limited,EQ,,5049,2023-09-18T09:15:00.000000+0530,2026-08-28T15:15:00.000000+0530
CARRARO,Carraro India Limited,EQ,,2866,2024-12-30T09:15:00.000000+0530,2026-08-28T15:15:00.000000+0530
CARTRADE,Cartrade Tech Limited,EQ,Consumer Services,5049,2023-09-18T09:15:00.000000+0530,2026-08-28T15:15:00.000000+0530
CARYSIL,CARYSIL LIMITED,EQ,,5048,2023-09-18T09:15:00.000000+0530,2026-08-28T15:15:00.000000+0530
CASTROLIND,Castrol India Limited,EQ,Oil Gas & Consumable Fuels,5049,2023-09-18T09:15:00.000000+0530,2026-08-28T15:15:00.000000+0530
CCAVENUE,AvenuesAI Limited,EQ,,980,2026-02-03T09:15:00.000000+0530,2026-08-28T15:15:00.000000+0530
CCCL,Consolidated Construction Consortium Limited,EQ,,3291,2024-09-03T09:15:00.000000+0530,2026-08-28T15:15:00.000000+0530
CCHHL,Country Club Hospitality & Holidays Limited,EQ,,4968,2023-09-18T09:15:00.000000+0530,2026-08-28T15:15:00.000000+0530
CCL,CCL Products (India) Limited,EQ,Fast Moving Consumer Goods,5048,2023-09-18T09:15:00.000000+0530,2026-08-28T15:15:00.000000+0530
CDSL,Central Depository Services (India) Limited,EQ,Financial Services,5041,2023-09-18T09:15:00.000000+0530,2026-08-28T14:15:00.000000+0530
CEATLTD,CEAT Limited,EQ,Automobile and Auto Components,5049,2023-09-18T09:15:00.000000+0530,2026-08-28T15:15:00.000000+0530
CEIGALL,Ceigall India Limited,EQ,,3423,2024-09-02T09:15:00.000000+0530,2026-08-28T15:15:00.000000+0530
CEINSYS,Ceinsys Tech Limited,EQ,,896,2026-02-19T09:15:00.000000+0530,2026-08-28T15:15:00.000000+0530
CELEBRITY,Celebrity Fashions Limited,EQ,,5007,2023-09-18T09:15:00.000000+0530,2026-08-28T14:15:00.000000+0530
CELLO,Cello World Limited,EQ,,3426,2024-09-02T09:15:00.000000+0530,2026-08-28T15:15:00.000000+0530
CEMPRO,Cemindia Projects Limited,EQ,Construction,1620,2025-09-17T09:15:00.000000+0530,2026-08-28T15:15:00.000000+0530
CENTENKA,Century Enka Limited,EQ,,5049,2023-09-18T09:15:00.000000+0530,2026-08-28T15:15:00.000000+0530
CENTEXT,Century Extrusions Limited,EQ,,5022,2023-09-18T09:15:00.000000+0530,2026-08-28T15:15:00.000000+0530
CENTRALBK,Central Bank of India,EQ,Financial Services,5049,2023-09-18T09:15:00.000000+0530,2026-08-28T15:15:00.000000+0530
CENTRUM,Centrum Capital Limited,EQ,,5049,2023-09-18T09:15:00.000000+0530,2026-08-28T15:15:00.000000+0530
CENTUM,Centum Electronics Limited,EQ,,5048,2023-09-18T09:15:00.000000+0530,2026-08-28T15:15:00.000000+0530
CENTURYPLY,Century Plyboards (India) Limited,EQ,,5050,2023-09-18T09:15:00.000000+0530,2026-08-28T15:15:00.000000+0530
CERA,Cera Sanitaryware Limited,EQ,,5049,2023-09-18T09:15:00.000000+0530,2026-08-28T15:15:00.000000+0530
CEREBRAINT,Cerebra Integrated Technologies Limited,BZ,,4750,2023-09-18T09:15:00.000000+0530,2026-08-28T15:15:00.000000+0530
CESC,CESC Limited,EQ,Power,5045,2023-09-18T09:15:00.000000+0530,2026-08-28T15:15:00.000000+0530
CEWATER,Concord Enviro Systems Limited,EQ,,2872,2024-12-27T09:15:00.000000+0530,2026-08-28T15:15:00.000000+0530
CFEL,Confidence Futuristic Energetech Limited,EQ,,56,2026-08-19T09:15:00.000000+0530,2026-08-28T15:15:00.000000+0530
CGCL,Capri Global Capital Limited,EQ,Financial Services,5048,2023-09-18T09:15:00.000000+0530,2026-08-28T15:15:00.000000+0530
CGPOWER,CG Power and Industrial Solutions Limited,EQ,Capital Goods,5041,2023-09-18T09:15:00.000000+0530,2026-08-28T15:15:00.000000+0530
CGVAK,CG Vak Software & Exports Limited,EQ,,59,2026-08-18T09:15:00.000000+0530,2026-08-28T15:15:00.000000+0530
CHALET,Chalet Hotels Limited,EQ,Consumer Services,5047,2023-09-18T09:15:00.000000+0530,2026-08-28T15:15:00.000000+0530
CHAMBLFERT,Chambal Fertilizers & Chemicals Limited,EQ,Chemicals,5049,2023-09-18T09:15:00.000000+0530,2026-08-28T15:15:00.000000+0530
CHEMBOND,Chembond Material Technologies Limited,EQ,,5034,2023-09-18T09:15:00.000000+0530,2026-08-28T15:15:00.000000+0530
CHEMBONDCH,Chembond Chemicals Limited,BE,,1873,2025-07-23T09:15:00.000000+0530,2026-08-28T14:15:00.000000+0530
CHEMCON,Chemcon Speciality Chemicals Limited,BE,,5046,2023-09-18T09:15:00.000000+0530,2026-08-28T15:15:00.000000+0530
CHEMCRUX,Chemcrux Enterprises Limited,EQ,,59,2026-08-18T09:15:00.000000+0530,2026-08-28T15:15:00.000000+0530
CHEMFAB,Chemfab Alkalis Limited,EQ,,5018,2023-09-18T09:15:00.000000+0530,2026-08-28T15:15:00.000000+0530
CHEMPLASTS,Chemplast Sanmar Limited,EQ,,5051,2023-09-18T09:15:00.000000+0530,2026-08-28T15:15:00.000000+0530
CHENNPETRO,Chennai Petroleum Corporation Limited,EQ,Oil Gas & Consumable Fuels,5047,2023-09-18T09:15:00.000000+0530,2026-08-28T15:15:00.000000+0530
CHEVIOT,Cheviot Company Limited,EQ,,5044,2023-09-18T09:15:00.000000+0530,2026-08-28T15:15:00.000000+0530
CHOICEIN,Choice International Limited,EQ,Financial Services,5049,2023-09-18T09:15:00.000000+0530,2026-08-28T15:15:00.000000+0530
CHOLAFIN,Cholamandalam Investment and Finance Company Limited,EQ,Financial Services,5040,2023-09-18T09:15:00.000000+0530,2026-08-28T15:15:00.000000+0530
CHOLAHLDNG,Cholamandalam Financial Holdings Limited,EQ,Financial Services,5046,2023-09-18T09:15:00.000000+0530,2026-08-28T15:15:00.000000+0530
CIEINDIA,CIE Automotive India Limited,EQ,Automobile and Auto Components,5050,2023-09-18T09:15:00.000000+0530,2026-08-28T15:15:00.000000+0530
CIFL,Capital India Finance Limited,EQ,,2352,2025-04-17T09:15:00.000000+0530,2026-08-28T15:15:00.000000+0530
CINELINE,Cineline India Limited,EQ,,4874,2023-09-18T09:15:00.000000+0530,2026-08-28T15:15:00.000000+0530
CINEVISTA,Cinevista Limited,EQ,,4958,2023-09-18T09:15:00.000000+0530,2026-08-28T15:15:00.000000+0530
CIPLA,Cipla Limited,EQ,Healthcare,5042,2023-09-18T09:15:00.000000+0530,2026-08-28T14:15:00.000000+0530
CLEAN,Clean Science and Technology Limited,EQ,Chemicals,5050,2023-09-18T09:15:00.000000+0530,2026-08-28T15:15:00.000000+0530
CLEANMAX,Clean Max Enviro Energy Solutions Limited,EQ,,847,2026-03-02T09:15:00.000000+0530,2026-08-28T15:15:00.000000+0530
CLEDUCATE,CL Educate Limited,BE,,4989,2023-09-18T09:15:00.000000+0530,2026-08-28T15:15:00.000000+0530
CLSEL,Chaman Lal Setia Exports Limited,EQ,,5049,2023-09-18T09:15:00.000000+0530,2026-08-28T15:15:00.000000+0530
CMLL,Caliber Mining and Logistics Limited,EQ,,182,2026-07-24T09:15:00.000000+0530,2026-08-28T15:15:00.000000+0530
CMPDI,Central Mine Planning & Design Institute Limited,EQ,,721,2026-03-30T09:15:00.000000+0530,2026-08-28T15:15:00.000000+0530
CMRGREEN,CMR Green Technologies Limited,EQ,,396,2026-06-10T09:15:00.000000+0530,2026-08-28T15:15:00.000000+0530
CMSINFO,CMS Info Systems Limited,EQ,,5050,2023-09-18T09:15:00.000000+0530,2026-08-28T15:15:00.000000+0530
CNL,Creative Newtech Limited,EQ,,1224,2025-12-10T09:15:00.000000+0530,2026-08-28T15:15:00.000000+0530
COALINDIA,Coal India Limited,EQ,Oil Gas & Consumable Fuels,5048,2023-09-18T09:15:00.000000+0530,2026-08-28T15:15:00.000000+0530
COASTCORP,Coastal Corporation Limited,EQ,,5048,2023-09-18T09:15:00.000000+0530,2026-08-28T15:15:00.000000+0530
COCHINSHIP,Cochin Shipyard Limited,EQ,Capital Goods,5041,2023-09-18T09:15:00.000000+0530,2026-08-28T15:15:00.000000+0530
COCKERILL,John Cockerill India Limited,EQ,,627,2026-04-22T09:15:00.000000+0530,2026-08-28T15:15:00.000000+0530
COFFEEDAY,Coffee Day Enterprises Limited,BE,,4571,2023-09-18T09:15:00.000000+0530,2026-08-28T15:15:00.000000+0530
COFORGE,Coforge Limited,EQ,Information Technology,5048,2023-09-18T09:15:00.000000+0530,2026-08-28T15:15:00.000000+0530
COHANCE,Cohance Lifesciences Limited,EQ,Healthcare,2214,2025-05-19T09:15:00.000000+0530,2026-08-28T15:15:00.000000+0530
COLPAL,Colgate Palmolive (India) Limited,EQ,Fast Moving Consumer Goods,5041,2023-09-18T09:15:00.000000+0530,2026-08-28T14:15:00.000000+0530
COMFINTE,Comfort Intech Limited,EQ,,63,2026-08-18T09:15:00.000000+0530,2026-08-28T15:15:00.000000+0530
COMPEAU,Competent Automobiles Company Limited,EQ,,58,2026-08-18T09:15:00.000000+0530,2026-08-28T15:15:00.000000+0530
COMPINFO,Compuage Infocom Limited,BZ,,3527,2023-09-18T09:15:00.000000+0530,2026-08-28T14:15:00.000000+0530
COMPUSOFT,Compucom Software Limited,EQ,,5047,2023-09-18T09:15:00.000000+0530,2026-08-28T15:15:00.000000+0530
COMSYN,Commercial Syn Bags Limited,EQ,,3279,2024-09-02T09:15:00.000000+0530,2026-08-28T15:15:00.000000+0530
CONCOR,Container Corporation of India Limited,EQ,Services,5036,2023-09-18T09:15:00.000000+0530,2026-08-28T15:15:00.000000+0530
CONCORDBIO,Concord Biotech Limited,EQ,Healthcare,5048,2023-09-18T09:15:00.000000+0530,2026-08-28T15:15:00.000000+0530
CONFIPET,Confidence Petroleum India Limited,EQ,,5049,2023-09-18T09:15:00.000000+0530,2026-08-28T15:15:00.000000+0530
CONSOFINVT,Consolidated Finvest & Holdings Limited,BE,,5024,2023-09-18T09:15:00.000000+0530,2026-08-28T15:15:00.000000+0530
CONTROLPR,Control Print Limited,EQ,,5049,2023-09-18T09:15:00.000000+0530,2026-08-28T15:15:00.000000+0530
CORALFINAC,Coral India Finance & Housing Limited,EQ,,4970,2023-09-18T09:15:00.000000+0530,2026-08-28T15:15:00.000000+0530
CORDELIA,Waterways Leisure Tourism Limited,EQ,,298,2026-07-01T09:15:00.000000+0530,2026-08-28T15:15:00.000000+0530
CORDSCABLE,Cords Cable Industries Limited,BE,,5049,2023-09-18T09:15:00.000000+0530,2026-08-28T15:15:00.000000+0530
COROMANDEL,Coromandel International Limited,EQ,Chemicals,5049,2023-09-18T09:15:00.000000+0530,2026-08-28T15:15:00.000000+0530
CORONA,CORONA Remedies Limited,EQ,,1204,2025-12-15T09:15:00.000000+0530,2026-08-28T15:15:00.000000+0530
COSMOFIRST,COSMO FIRST LIMITED,EQ,,5050,2023-09-18T09:15:00.000000+0530,2026-08-28T15:15:00.000000+0530
COUNCODOS,Country Condo's Limited,BE,,5009,2023-09-18T09:15:00.000000+0530,2026-08-28T15:15:00.000000+0530
CPCAP,CP Capital Limited,EQ,,2462,2025-03-20T09:15:00.000000+0530,2026-08-28T15:15:00.000000+0530
CPEDU,Career Point Edutech Limited,EQ,,1657,2025-09-05T09:15:00.000000+0530,2026-08-28T15:15:00.000000+0530
CPL,Captain Polyplast Limited,EQ,,186,2026-07-23T09:15:00.000000+0530,2026-08-28T15:15:00.000000+0530
CPPLUS,Aditya Infotech Limited,EQ,Capital Goods,1820,2025-08-05T09:15:00.000000+0530,2026-08-28T15:15:00.000000+0530
CRAFTSMAN,Craftsman Automation Limited,EQ,Automobile and Auto Components,5049,2023-09-18T09:15:00.000000+0530,2026-08-28T15:15:00.000000+0530
CRAMC,Canara Robeco Asset Management Company Limited,EQ,,1479,2025-10-16T09:15:00.000000+0530,2026-08-28T15:15:00.000000+0530
CRAVATEX,Cravatex Limited,EQ,,38,2026-08-18T09:15:00.000000+0530,2026-08-28T15:15:00.000000+0530
CREATIVEYE,Creative Eye Limited,EQ,,4404,2023-09-18T09:15:00.000000+0530,2026-08-28T15:15:00.000000+0530
CREDITACC,CREDITACCESS GRAMEEN LIMITED,EQ,Financial Services,5050,2023-09-18T09:15:00.000000+0530,2026-08-28T15:15:00.000000+0530
CREST,Crest Ventures Limited,EQ,,4992,2023-09-18T09:15:00.000000+0530,2026-08-28T15:15:00.000000+0530
CRISIL,Crisil Limited,EQ,Financial Services,5050,2023-09-18T09:15:00.000000+0530,2026-08-28T15:15:00.000000+0530
CRIZAC,Crizac Limited,EQ,,1955,2025-07-09T09:15:00.000000+0530,2026-08-28T15:15:00.000000+0530
CROMPTON,Crompton Greaves Consumer Electricals Limited,EQ,Consumer Durables,5045,2023-09-18T09:15:00.000000+0530,2026-08-28T15:15:00.000000+0530
CROWN,Crown Lifters Limited,EQ,,4745,2023-09-18T09:15:00.000000+0530,2026-08-28T15:15:00.000000+0530
CRSL,Cressanda Railway Solutions Limited,BE,,56,2026-08-19T09:15:00.000000+0530,2026-08-28T15:15:00.000000+0530
CSBBANK,CSB Bank Limited,EQ,,5049,2023-09-18T09:15:00.000000+0530,2026-08-28T15:15:00.000000+0530
CSLFINANCE,CSL Finance Limited,EQ,,5048,2023-09-18T09:15:00.000000+0530,2026-08-28T15:15:00.000000+0530
CSM,CSM Technologies Limited,EQ,,291,2026-07-02T09:15:00.000000+0530,2026-08-28T15:15:00.000000+0530
CTE,Cambridge Technology Enterprises Limited,BE,,4747,2023-09-18T09:15:00.000000+0530,2026-08-28T14:15:00.000000+0530
CUB,City Union Bank Limited,EQ,Financial Services,5046,2023-09-18T09:15:00.000000+0530,2026-08-28T15:15:00.000000+0530
CUBEXTUB,Cubex Tubings Limited,EQ,,4883,2023-09-18T09:15:00.000000+0530,2026-08-28T15:15:00.000000+0530
CUMMINSIND,Cummins India Limited,EQ,Capital Goods,5034,2023-09-18T09:15:00.000000+0530,2026-08-28T14:15:00.000000+0530
CUPID,Cupid Limited,EQ,,5050,2023-09-18T09:15:00.000000+0530,2026-08-28T15:15:00.000000+0530
CURAA,Cura Technologies Limited,EQ,,1326,2025-03-24T09:15:00.000000+0530,2026-08-28T15:15:00.000000+0530
CYBERMEDIA,Cyber Media (India) Limited,EQ,,4850,2023-09-18T09:15:00.000000+0530,2026-08-28T15:15:00.000000+0530
CYBERTECH,Cybertech Systems And Software Limited,BE,,4969,2023-09-18T09:15:00.000000+0530,2026-08-28T15:15:00.000000+0530
CYIENT,Cyient Limited,EQ,Information Technology,5049,2023-09-18T09:15:00.000000+0530,2026-08-28T15:15:00.000000+0530
CYIENTDLM,Cyient DLM Limited,EQ,,5045,2023-09-18T09:15:00.000000+0530,2026-08-28T15:15:00.000000+0530
DABUR,Dabur India Limited,EQ,Fast Moving Consumer Goods,5044,2023-09-18T09:15:00.000000+0530,2026-08-28T15:15:00.000000+0530
DAICHI,Dai-Ichi Karkaria Limited,EQ,,58,2026-08-18T09:15:00.000000+0530,2026-08-28T15:15:00.000000+0530
DALBHARAT,Dalmia Bharat Limited,EQ,Construction Materials,5039,2023-09-18T09:15:00.000000+0530,2026-08-28T15:15:00.000000+0530
DALMIASUG,Dalmia Bharat Sugar and Industries Limited,EQ,,5049,2023-09-18T09:15:00.000000+0530,2026-08-28T15:15:00.000000+0530
DAMCAPITAL,Dam Capital Advisors Limited,EQ,,2872,2024-12-27T09:15:00.000000+0530,2026-08-28T15:15:00.000000+0530
DAMODARIND,Damodar Industries Limited,BE,,4859,2023-09-18T09:15:00.000000+0530,2026-08-28T14:15:00.000000+0530
DANGEE,Dangee Dums Limited,EQ,,4993,2023-09-18T09:15:00.000000+0530,2026-08-28T15:15:00.000000+0530
DATAMATICS,Datamatics Global Services Limited,EQ,,5050,2023-09-18T09:15:00.000000+0530,2026-08-28T15:15:00.000000+0530
DATAPATTNS,Data Patterns (India) Limited,EQ,Capital Goods,5049,2023-09-18T09:15:00.000000+0530,2026-08-28T15:15:00.000000+0530
DAVANGERE,Davangere Sugar Company Limited,EQ,,3423,2024-09-02T09:15:00.000000+0530,2026-08-28T15:15:00.000000+0530
DBCORP,D.B.Corp Limited,EQ,,5049,2023-09-18T09:15:00.000000+0530,2026-08-28T15:15:00.000000+0530
DBEIL,Deepak Builders & Engineers India Limited,BE,,3153,2024-10-28T09:15:00.000000+0530,2026-08-28T15:15:00.000000+0530
DBL,Dilip Buildcon Limited,EQ,,5049,2023-09-18T09:15:00.000000+0530,2026-08-28T15:15:00.000000+0530
DBOL,Dhampur Bio Organics Limited,EQ,,4950,2023-09-18T09:15:00.000000+0530,2026-08-28T15:15:00.000000+0530
DBREALTY,Valor Estate Limited,EQ,,5050,2023-09-18T09:15:00.000000+0530,2026-08-28T15:15:00.000000+0530
DBSTOCKBRO,DB (International) Stock Brokers Limited,BE,,4896,2023-09-18T09:15:00.000000+0530,2026-08-28T14:15:00.000000+0530
DCAL,Dishman Carbogen Amcis Limited,EQ,,5049,2023-09-18T09:15:00.000000+0530,2026-08-28T15:15:00.000000+0530
DCBBANK,DCB Bank Limited,EQ,,5048,2023-09-18T09:15:00.000000+0530,2026-08-28T15:15:00.000000+0530
DCI,Dc Infotech And Communication Limited,EQ,,4859,2023-09-18T09:15:00.000000+0530,2026-08-28T15:15:00.000000+0530
DCM,DCM  Limited,BE,,5013,2023-09-18T09:15:00.000000+0530,2026-08-28T15:15:00.000000+0530
DCMFINSERV,DCM Financial Services Limited,EQ,,4448,2023-09-18T09:15:00.000000+0530,2026-08-28T15:15:00.000000+0530
DCMNVL,DCM Nouvelle Limited,EQ,,4961,2023-09-18T09:15:00.000000+0530,2026-08-28T15:15:00.000000+0530
DCMSHRIRAM,DCM Shriram Limited,EQ,Diversified,5049,2023-09-18T09:15:00.000000+0530,2026-08-28T15:15:00.000000+0530
DCMSIL,DCM Shriram International Limited,EQ,,838,2026-02-17T09:15:00.000000+0530,2026-08-28T15:15:00.000000+0530
DCMSRIND,DCM Shriram Industries Limited,EQ,,5049,2023-09-18T09:15:00.000000+0530,2026-08-28T15:15:00.000000+0530
DCW,DCW Limited,EQ,,5049,2023-09-18T09:15:00.000000+0530,2026-08-28T15:15:00.000000+0530
DCXINDIA,DCX Systems Limited,EQ,,5049,2023-09-18T09:15:00.000000+0530,2026-08-28T15:15:00.000000+0530
DDEVPLSTIK,Ddev Plastiks Industries Limited,EQ,,2782,2025-01-15T09:15:00.000000+0530,2026-08-28T15:15:00.000000+0530
DECCANCE,Deccan Cements Limited,EQ,,5046,2023-09-18T09:15:00.000000+0530,2026-08-28T15:15:00.000000+0530
DECNGOLD,Deccan Gold Mines Limited,EQ,,63,2026-08-18T09:15:00.000000+0530,2026-08-28T15:15:00.000000+0530
DEEDEV,DEE Development Engineers Limited,EQ,,3426,2024-09-02T09:15:00.000000+0530,2026-08-28T15:15:00.000000+0530
DEEP,Deep Polymers Limited,EQ,,60,2026-08-18T09:15:00.000000+0530,2026-08-28T15:15:00.000000+0530
DEEPAKFERT,Deepak Fertilizers and Petrochemicals Corporation Limited,EQ,Chemicals,5049,2023-09-18T09:15:00.000000+0530,2026-08-28T15:15:00.000000+0530
DEEPAKNTR,Deepak Nitrite Limited,EQ,Chemicals,5049,2023-09-18T09:15:00.000000+0530,2026-08-28T15:15:00.000000+0530
DEEPINDS,Deep Industries Limited,EQ,,5049,2023-09-18T09:15:00.000000+0530,2026-08-28T15:15:00.000000+0530
DELHIVERY,Delhivery Limited,EQ,Services,5045,2023-09-18T09:15:00.000000+0530,2026-08-28T15:15:00.000000+0530
DELPHIFX,DELPHI WORLD MONEY LIMITED,BE,,4722,2023-09-18T10:15:00.000000+0530,2026-08-28T15:15:00.000000+0530
DELTACORP,Delta Corp Limited,EQ,,5047,2023-09-18T09:15:00.000000+0530,2026-08-28T15:15:00.000000+0530
DELTAMAGNT,Delta Manufacturing Limited,EQ,,4859,2023-09-18T09:15:00.000000+0530,2026-08-28T15:15:00.000000+0530
DEN,Den Networks Limited,EQ,,5049,2023-09-18T09:15:00.000000+0530,2026-08-28T15:15:00.000000+0530
DENORA,De Nora India Limited,EQ,,5049,2023-09-18T09:15:00.000000+0530,2026-08-28T15:15:00.000000+0530
DENTA,Denta Water and Infra Solutions Limited,EQ,,2712,2025-01-29T09:15:00.000000+0530,2026-08-28T15:15:00.000000+0530
DEVIT,Dev Information Technology Limited,EQ,,5048,2023-09-18T09:15:00.000000+0530,2026-08-28T15:15:00.000000+0530
DEVX,Dev Accelerator Limited,EQ,,1620,2025-09-17T09:15:00.000000+0530,2026-08-28T15:15:00.000000+0530
DEVYANI,Devyani International Limited,EQ,Consumer Services,5047,2023-09-18T09:15:00.000000+0530,2026-08-28T15:15:00.000000+0530
DGCONTENT,Digicontent Limited,EQ,,4576,2023-09-18T09:15:00.000000+0530,2026-08-28T14:15:00.000000+0530
DHABRIYA,Dhabriya Polywood Limited,BE,,63,2026-08-18T09:15:00.000000+0530,2026-08-28T15:15:00.000000+0530
DHAMPURSUG,Dhampur Sugar Mills Limited,EQ,,5049,2023-09-18T09:15:00.000000+0530,2026-08-28T15:15:00.000000+0530
DHANBANK,Dhanlaxmi Bank Limited,EQ,,5050,2023-09-18T09:15:00.000000+0530,2026-08-28T15:15:00.000000+0530
DHANUKA,Dhanuka Agritech Limited,EQ,,5047,2023-09-18T09:15:00.000000+0530,2026-08-28T15:15:00.000000+0530
DHARAN,DHARAN INFRA-EPC LIMITED,BZ,,1743,2025-06-26T09:15:00.000000+0530,2026-08-28T15:15:00.000000+0530
DHARMAJ,Dharmaj Crop Guard Limited,EQ,,4990,2023-09-18T09:15:00.000000+0530,2026-08-28T15:15:00.000000+0530
DHATRE,Dhatre Udyog Limited,EQ,,63,2026-08-18T09:15:00.000000+0530,2026-08-28T15:15:00.000000+0530
DHOOTTRANS,Dhoot Transmission Limited,EQ,,70,2026-08-17T09:15:00.000000+0530,2026-08-28T15:15:00.000000+0530
DHRUV,Dhruv Consultancy Services Limited,EQ,,4611,2023-09-18T09:15:00.000000+0530,2026-08-28T15:15:00.000000+0530
DHUNINV,Dhunseri Investments Limited,EQ,,5006,2023-09-18T09:15:00.000000+0530,2026-08-28T15:15:00.000000+0530
DIACABS,Diamond Power Infrastructure Limited,BE,,4593,2023-09-18T09:15:00.000000+0530,2026-08-28T15:15:00.000000+0530
DIAMINESQ,Diamines & Chemicals Limited,EQ,,3406,2024-09-02T09:15:00.000000+0530,2026-08-28T15:15:00.000000+0530
DIAMONDYD,Prataap Snacks Limited,EQ,,5048,2023-09-18T09:15:00.000000+0530,2026-08-28T15:15:00.000000+0530
DICIND,DIC India Limited,EQ,,4816,2023-09-18T09:15:00.000000+0530,2026-08-28T15:15:00.000000+0530
DIFFNKG,Diffusion Engineers Limited,EQ,,3215,2024-10-04T09:15:00.000000+0530,2026-08-28T15:15:00.000000+0530
DIGIDRIVE,Digidrive Distributors Limited,EQ,,3421,2024-09-02T09:15:00.000000+0530,2026-08-28T15:15:00.000000+0530
DIGISPICE,DiGiSPICE Technologies Limited,EQ,,4996,2023-09-18T09:15:00.000000+0530,2026-08-28T15:15:00.000000+0530
DIGITIDE,Digitide Solutions Limited,EQ,,2094,2025-06-11T09:15:00.000000+0530,2026-08-28T15:15:00.000000+0530
DIGJAMLMTD,Digjam Limited,EQ,,4211,2023-09-18T09:15:00.000000+0530,2026-08-28T15:15:00.000000+0530
DISAQ,Disa India Limited,EQ,,611,2026-04-21T09:15:00.000000+0530,2026-08-28T15:15:00.000000+0530
DISHTV,Dish TV India Limited,EQ,,5009,2023-09-18T09:15:00.000000+0530,2026-08-28T15:15:00.000000+0530
DIVGIITTS,Divgi Torqtransfer Systems Limited,EQ,,5049,2023-09-18T09:15:00.000000+0530,2026-08-28T15:15:00.000000+0530
DIVISLAB,Divi's Laboratories Limited,EQ,Healthcare,5038,2023-09-18T09:15:00.000000+0530,2026-08-28T14:15:00.000000+0530
DIXON,Dixon Technologies (India) Limited,EQ,Consumer Durables,5041,2023-09-18T09:15:00.000000+0530,2026-08-28T15:15:00.000000+0530
DJML,DJ Mediaprint & Logistics Limited,EQ,,4823,2023-09-18T09:15:00.000000+0530,2026-08-28T15:15:00.000000+0530
DLF,DLF Limited,EQ,Realty,5043,2023-09-18T09:15:00.000000+0530,2026-08-28T14:15:00.000000+0530
DLINKINDIA,D-Link (India) Limited,EQ,,5047,2023-09-18T09:15:00.000000+0530,2026-08-28T15:15:00.000000+0530
DMART,Avenue Supermarts Limited,EQ,Consumer Services,5035,2023-09-18T09:15:00.000000+0530,2026-08-28T14:15:00.000000+0530
DMCC,DMCC SPECIALITY CHEMICALS LIMITED,EQ,,5005,2023-09-18T09:15:00.000000+0530,2026-08-28T15:15:00.000000+0530
DNAMEDIA,Diligent Media Corporation Limited,EQ,,4863,2023-09-18T09:15:00.000000+0530,2026-08-28T15:15:00.000000+0530
DODLA,Dodla Dairy Limited,EQ,,5048,2023-09-18T09:15:00.000000+0530,2026-08-28T15:15:00.000000+0530
DOLATALGO,Dolat Algotech Limited,EQ,,5050,2023-09-18T09:15:00.000000+0530,2026-08-28T15:15:00.000000+0530
DOLLAR,Dollar Industries Limited,EQ,,5047,2023-09-18T09:15:00.000000+0530,2026-08-28T15:15:00.000000+0530
DOLPHIN,Dolphin Offshore Enterprises (India) Limited,EQ,,4534,2023-09-18T09:15:00.000000+0530,2026-08-28T15:15:00.000000+0530
DOMS,DOMS Industries Limited,EQ,Fast Moving Consumer Goods,3424,2024-09-02T09:15:00.000000+0530,2026-08-28T15:15:00.000000+0530
DONEAR,Donear Industries Limited,EQ,,5007,2023-09-18T09:15:00.000000+0530,2026-08-28T15:15:00.000000+0530
DPABHUSHAN,D. P. Abhushan Limited,EQ,,5044,2023-09-18T09:15:00.000000+0530,2026-08-28T15:15:00.000000+0530
DPSCLTD,DPSC Limited,BE,,5050,2023-09-18T09:15:00.000000+0530,2026-08-28T15:15:00.000000+0530
DPWIRES,D P Wires Limited,BE,,5049,2023-09-18T09:15:00.000000+0530,2026-08-28T15:15:00.000000+0530
DRAGARWQ,Dr Agarwals Eye Hospital Limited,EQ,,63,2026-08-18T09:15:00.000000+0530,2026-08-28T15:15:00.000000+0530
DRCSYSTEMS,DRC Systems India Limited,EQ,,4959,2023-09-18T09:15:00.000000+0530,2026-08-28T15:15:00.000000+0530
DREAMFOLKS,Dreamfolks Services Limited,EQ,,5049,2023-09-18T09:15:00.000000+0530,2026-08-28T15:15:00.000000+0530
DREDGECORP,Dredging Corporation of India Limited,EQ,,5047,2023-09-18T09:15:00.000000+0530,2026-08-28T15:15:00.000000+0530
DRREDDY,Dr. Reddy's Laboratories Limited,EQ,Healthcare,5041,2023-09-18T09:15:00.000000+0530,2026-08-28T15:15:00.000000+0530
DSFCL,DCM Shriram Fine Chemicals Limited,BE,,862,2026-02-17T09:15:00.000000+0530,2026-08-28T14:15:00.000000+0530
DSKULKARNI,DS Kulkarni Developers Limited,BE,,32,2026-08-03T09:15:00.000000+0530,2026-08-28T14:15:00.000000+0530
DSSL,Dynacons Systems & Solutions Limited,EQ,,5048,2023-09-18T09:15:00.000000+0530,2026-08-28T15:15:00.000000+0530
DTIL,Dhunseri Tea & Industries Limited,EQ,,5021,2023-09-18T09:15:00.000000+0530,2026-08-28T15:15:00.000000+0530
DUCON,Ducon Infratechnologies Limited,EQ,,4922,2023-09-18T09:15:00.000000+0530,2026-08-28T15:15:00.000000+0530
DVL,Dhunseri Ventures Limited,EQ,,5049,2023-09-18T09:15:00.000000+0530,2026-08-28T15:15:00.000000+0530
DWARKESH,Dwarikesh Sugar Industries Limited,EQ,,5047,2023-09-18T09:15:00.000000+0530,2026-08-28T15:15:00.000000+0530
DYCL,Dynamic Cables Limited,EQ,,5048,2023-09-18T09:15:00.000000+0530,2026-08-28T15:15:00.000000+0530
DYNAMATECH,Dynamatic Technologies Limited,EQ,,5049,2023-09-18T09:15:00.000000+0530,2026-08-28T15:15:00.000000+0530
DYNPRO,Dynemic Products Limited,EQ,,5042,2023-09-18T09:15:00.000000+0530,2026-08-28T15:15:00.000000+0530
E2E,E2E Networks Limited,BE,,4905,2023-09-18T09:15:00.000000+0530,2026-08-28T15:15:00.000000+0530
EASEMYTRIP,Easy Trip Planners Limited,EQ,,5049,2023-09-18T09:15:00.000000+0530,2026-08-28T15:15:00.000000+0530
EASTSILK,Eastern Silk Industries Limited,BE,,1164,2023-09-18T09:15:00.000000+0530,2026-08-28T14:15:00.000000+0530
EASTWEST,East West Freight Carriers Limited,EQ,,63,2026-08-18T09:15:00.000000+0530,2026-08-28T15:15:00.000000+0530
EBGNG,GNG Electronics Limited,EQ,,1850,2025-07-30T09:15:00.000000+0530,2026-08-28T15:15:00.000000+0530
EBIX,EBIX Limited,EQ,,56,2026-08-18T09:15:00.000000+0530,2026-08-28T15:15:00.000000+0530
ECLERX,eClerx Services Limited,EQ,Services,5050,2023-09-18T09:15:00.000000+0530,2026-08-28T15:15:00.000000+0530
ECORECO,Eco Recycling Limited,EQ,,63,2026-08-18T09:15:00.000000+0530,2026-08-28T15:15:00.000000+0530
ECOSMOBLTY,Ecos (India) Mobility & Hospitality Limited,BE,,3410,2024-09-04T09:15:00.000000+0530,2026-08-28T15:15:00.000000+0530
EDELWEISS,Edelweiss Financial Services Limited,EQ,,5049,2023-09-18T09:15:00.000000+0530,2026-08-28T15:15:00.000000+0530
EFCIL,EFC (I) Limited,EQ,,1751,2025-08-20T09:15:00.000000+0530,2026-08-28T15:15:00.000000+0530
EICHERMOT,Eicher Motors Limited,EQ,Automobile and Auto Components,5042,2023-09-18T09:15:00.000000+0530,2026-08-28T15:15:00.000000+0530
EIDPARRY,EID Parry India Limited,EQ,Fast Moving Consumer Goods,5050,2023-09-18T09:15:00.000000+0530,2026-08-28T15:15:00.000000+0530
EIEL,Enviro Infra Engineers Limited,EQ,,3003,2024-11-29T09:15:00.000000+0530,2026-08-28T15:15:00.000000+0530
EIFFL,Euro India Fresh Foods Limited,BE,,4940,2023-09-18T09:15:00.000000+0530,2026-08-28T15:15:00.000000+0530
EIHAHOTELS,EIH Associated Hotels Limited,EQ,,5048,2023-09-18T09:15:00.000000+0530,2026-08-28T15:15:00.000000+0530
EIHOTEL,EIH Limited,EQ,Consumer Services,5050,2023-09-18T09:15:00.000000+0530,2026-08-28T15:15:00.000000+0530
EIMCOELECO,Eimco Elecon (India) Limited,EQ,,5046,2023-09-18T09:15:00.000000+0530,2026-08-28T15:15:00.000000+0530
EKC,Everest Kanto Cylinder Limited,EQ,,5048,2023-09-18T09:15:00.000000+0530,2026-08-28T15:15:00.000000+0530
EKI,EKI Energy Services Limited,EQ,,62,2026-08-18T09:15:00.000000+0530,2026-08-28T15:15:00.000000+0530
ELANTAS,Elantas Beck India Limited,EQ,,624,2026-04-22T09:15:00.000000+0530,2026-08-28T15:15:00.000000+0530
ELCIDIN,EL CID Investments Limited,EQ,,431,2026-04-20T09:15:00.000000+0530,2026-08-28T14:15:00.000000+0530
ELDEHSG,Eldeco Housing And Industries Limited,EQ,,4786,2023-09-18T09:15:00.000000+0530,2026-08-28T15:15:00.000000+0530
ELECON,Elecon Engineering Company Limited,EQ,Capital Goods,5050,2023-09-18T09:15:00.000000+0530,2026-08-28T15:15:00.000000+0530
ELECTCAST,Electrosteel Castings Limited,EQ,,5048,2023-09-18T09:15:00.000000+0530,2026-08-28T15:15:00.000000+0530
ELECTHERM,Electrotherm (India) Limited,EQ,,4528,2023-09-18T09:15:00.000000+0530,2026-08-28T15:15:00.000000+0530
ELGIEQUIP,Elgi Equipments Limited,EQ,Capital Goods,5047,2023-09-18T09:15:00.000000+0530,2026-08-28T15:15:00.000000+0530
ELGIRUBCO,Elgi Rubber Company Limited,EQ,,4763,2023-09-18T09:15:00.000000+0530,2026-08-28T15:15:00.000000+0530
ELIN,Elin Electronics Limited,EQ,,5001,2023-09-18T09:15:00.000000+0530,2026-08-28T15:15:00.000000+0530
ELITECON,Elitecon International Limited,EQ,,63,2026-08-18T09:15:00.000000+0530,2026-08-28T15:15:00.000000+0530
ELLEN,Ellenbarrie Industrial Gases Limited,EQ,,1997,2025-07-01T09:15:00.000000+0530,2026-08-28T15:15:00.000000+0530
ELPROINTL,Elpro International Limited,EQ,,627,2026-04-22T09:15:00.000000+0530,2026-08-28T15:15:00.000000+0530
EMAMILTD,Emami Limited,EQ,Fast Moving Consumer Goods,5047,2023-09-18T09:15:00.000000+0530,2026-08-28T15:15:00.000000+0530
EMAMIPAP,Emami Paper Mills Limited,BE,,3201,2024-10-17T09:15:00.000000+0530,2026-08-28T15:15:00.000000+0530
EMAMIREAL,Emami Realty Limited,EQ,,4680,2023-09-18T09:15:00.000000+0530,2026-08-28T15:15:00.000000+0530
EMBDL,Embassy Developments Limited,EQ,,3607,2024-07-08T09:15:00.000000+0530,2026-08-28T15:15:00.000000+0530
EMCURE,Emcure Pharmaceuticals Limited,EQ,Healthcare,3425,2024-09-02T09:15:00.000000+0530,2026-08-28T15:15:00.000000+0530
EMIL,Electronics Mart India Limited,EQ,,5046,2023-09-18T09:15:00.000000+0530,2026-08-28T15:15:00.000000+0530
EMKAY,Emkay Global Financial Services Limited,EQ,,4689,2023-09-18T09:15:00.000000+0530,2026-08-28T15:15:00.000000+0530
EMMBI,Emmbi Industries Limited,BE,,5032,2023-09-18T09:15:00.000000+0530,2026-08-28T15:15:00.000000+0530
EMMVEE,Emmvee Photovoltaic Power Limited,EQ,Capital Goods,1337,2025-11-18T09:15:00.000000+0530,2026-08-28T15:15:00.000000+0530
EMPIND,Empire Industries Limited,EQ,,63,2026-08-18T09:15:00.000000+0530,2026-08-28T15:15:00.000000+0530
EMPOWER,Empower India Limited,EQ,,56,2026-08-19T09:15:00.000000+0530,2026-08-28T15:15:00.000000+0530
EMSLIMITED,EMS Limited,EQ,,3426,2024-09-02T09:15:00.000000+0530,2026-08-28T15:15:00.000000+0530
EMUDHRA,eMudhra Limited,EQ,,5047,2023-09-18T09:15:00.000000+0530,2026-08-28T15:15:00.000000+0530
ENDURANCE,Endurance Technologies Limited,EQ,Automobile and Auto Components,5049,2023-09-18T09:15:00.000000+0530,2026-08-28T15:15:00.000000+0530
ENERGYDEV,Energy Development Company Limited,EQ,,5011,2023-09-18T09:15:00.000000+0530,2026-08-28T15:15:00.000000+0530
ENGINERSIN,Engineers India Limited,EQ,Construction,5049,2023-09-18T09:15:00.000000+0530,2026-08-28T15:15:00.000000+0530
ENIL,Entertainment Network (India) Limited,EQ,,5046,2023-09-18T09:15:00.000000+0530,2026-08-28T15:15:00.000000+0530
ENKEIWHEL,Enkei Wheels (India) Limited,EQ,,55,2026-08-18T09:15:00.000000+0530,2026-08-28T15:15:00.000000+0530
ENRIN,Siemens Energy India Limited,EQ,Capital Goods,2053,2025-06-19T09:15:00.000000+0530,2026-08-28T15:15:00.000000+0530
ENTERO,Entero Healthcare Solutions Limited,EQ,,3425,2024-09-02T09:15:00.000000+0530,2026-08-28T15:15:00.000000+0530
EPACK,EPACK Durable Limited,EQ,,3426,2024-09-02T09:15:00.000000+0530,2026-08-28T15:15:00.000000+0530
EPACKPEB,EPack Prefab Technologies Limited,EQ,,1536,2025-10-06T09:15:00.000000+0530,2026-08-28T15:15:00.000000+0530
EPIGRAL,Epigral Limited,EQ,,5049,2023-09-18T09:15:00.000000+0530,2026-08-28T15:15:00.000000+0530
EPL,EPL Limited,EQ,,5049,2023-09-18T09:15:00.000000+0530,2026-08-28T15:15:00.000000+0530
EQUIPPP,Equippp Social Impact Technologies Limited,BE,,4652,2023-09-18T09:15:00.000000+0530,2026-08-28T14:15:00.000000+0530
EQUITASBNK,Equitas Small Finance Bank Limited,EQ,,5049,2023-09-18T09:15:00.000000+0530,2026-08-28T15:15:00.000000+0530
ERIS,Eris Lifesciences Limited,EQ,Healthcare,5049,2023-09-18T09:15:00.000000+0530,2026-08-28T15:15:00.000000+0530
ESABINDIA,Esab India Limited,EQ,,5051,2023-09-18T09:15:00.000000+0530,2026-08-28T15:15:00.000000+0530
ESAFSFB,ESAF Small Finance Bank Limited,BE,,3424,2024-09-02T09:15:00.000000+0530,2026-08-28T15:15:00.000000+0530
ESCORTS,Escorts Kubota Limited,EQ,Capital Goods,5050,2023-09-18T09:15:00.000000+0530,2026-08-28T15:15:00.000000+0530
ESSARSHPNG,Essar Shipping Limited,EQ,,4920,2023-09-18T09:15:00.000000+0530,2026-08-28T15:15:00.000000+0530
ESSENTIA,Integra Essentia Limited,EQ,,4844,2023-09-18T09:15:00.000000+0530,2026-08-28T15:15:00.000000+0530
ESTER,Ester Industries Limited,EQ,,5046,2023-09-18T09:15:00.000000+0530,2026-08-28T15:15:00.000000+0530
ETERNAL,ETERNAL LIMITED,EQ,Consumer Services,2378,2025-04-09T09:15:00.000000+0530,2026-08-28T15:15:00.000000+0530
ETHOSLTD,Ethos Limited,EQ,,5049,2023-09-18T09:15:00.000000+0530,2026-08-28T15:15:00.000000+0530
EUREKAFORB,Eureka Forbes Limited,EQ,,3377,2024-09-11T09:15:00.000000+0530,2026-08-28T15:15:00.000000+0530
EUROBOND,Euro Panel Products Limited,EQ,,1803,2025-08-01T09:15:00.000000+0530,2026-08-28T15:15:00.000000+0530
EUROPRATIK,Euro Pratik Sales Limited,EQ,,1591,2025-09-23T09:15:00.000000+0530,2026-08-28T15:15:00.000000+0530
EUROTEXIND,Eurotex Industries and Exports Limited,BE,,3264,2023-09-18T12:15:00.000000+0530,2026-08-27T14:15:00.000000+0530
EVEREADY,Eveready Industries India Limited,EQ,,5050,2023-09-18T09:15:00.000000+0530,2026-08-28T15:15:00.000000+0530
EVERESTIND,Everest Industries Limited,BE,,4934,2023-09-18T09:15:00.000000+0530,2026-08-28T15:15:00.000000+0530
EXCELINDUS,Excel Industries Limited,EQ,,5047,2023-09-18T09:15:00.000000+0530,2026-08-28T15:15:00.000000+0530
EXCELSOFT,Excelsoft Technologies Limited,EQ,,1296,2025-11-26T09:15:00.000000+0530,2026-08-28T15:15:00.000000+0530
EXICOM,Exicom Tele-Systems Limited,EQ,,3425,2024-09-02T09:15:00.000000+0530,2026-08-28T15:15:00.000000+0530
EXIDEIND,Exide Industries Limited,EQ,Automobile and Auto Components,5047,2023-09-18T09:15:00.000000+0530,2026-08-28T15:15:00.000000+0530
EXPLEOSOL,Expleo Solutions Limited,EQ,,5050,2023-09-18T09:15:00.000000+0530,2026-08-28T15:15:00.000000+0530
EXXARO,Exxaro Tiles Limited,EQ,,5050,2023-09-18T09:15:00.000000+0530,2026-08-28T15:15:00.000000+0530
FABTECH,Fabtech Technologies Limited,EQ,,1528,2025-10-07T09:15:00.000000+0530,2026-08-28T15:15:00.000000+0530
FACT,Fertilizers and Chemicals Travancore Limited,EQ,Chemicals,5047,2023-09-18T09:15:00.000000+0530,2026-08-28T15:15:00.000000+0530
FAIRCHEMOR,Fairchem Organics Limited,BE,,5010,2023-09-18T09:15:00.000000+0530,2026-08-28T14:15:00.000000+0530
FAZE3Q,Faze Three Limited,EQ,,5045,2023-09-18T09:15:00.000000+0530,2026-08-28T15:15:00.000000+0530
FCL,Fineotex Chemical Limited,EQ,,5050,2023-09-18T09:15:00.000000+0530,2026-08-28T15:15:00.000000+0530
FCSSOFT,FCS Software Solutions Limited,EQ,,4997,2023-09-18T09:15:00.000000+0530,2026-08-28T15:15:00.000000+0530
FDC,FDC Limited,EQ,,5050,2023-09-18T09:15:00.000000+0530,2026-08-28T15:15:00.000000+0530
FEDDERSHOL,Fedders Holding Limited,EQ,,63,2026-08-18T09:15:00.000000+0530,2026-08-28T15:15:00.000000+0530
FEDERALBNK,The Federal Bank  Limited,EQ,Financial Services,5042,2023-09-18T09:15:00.000000+0530,2026-08-28T15:15:00.000000+0530
FEDFINA,Fedbank Financial Services Limited,EQ,,3425,2024-09-02T09:15:00.000000+0530,2026-08-28T15:15:00.000000+0530
FEL,Future Enterprises Limited,BZ,,4429,2023-09-18T09:15:00.000000+0530,2026-08-28T15:15:00.000000+0530
FELDVR,Future Enterprises Limited,BZ,,3943,2023-09-18T09:15:00.000000+0530,2026-08-28T14:15:00.000000+0530
FERMENTA,Fermenta Biotech Limited,EQ,,63,2026-08-18T09:15:00.000000+0530,2026-08-28T15:15:00.000000+0530
FIBERWEB,Fiberweb (India) Limited,EQ,,5039,2023-09-18T09:15:00.000000+0530,2026-08-28T15:15:00.000000+0530
FIEMIND,Fiem Industries Limited,EQ,,5047,2023-09-18T09:15:00.000000+0530,2026-08-28T15:15:00.000000+0530
FILATEX,Filatex India Limited,EQ,,5049,2023-09-18T09:15:00.000000+0530,2026-08-28T15:15:00.000000+0530
FILATFASH,Filatex Fashions Limited,EQ,,3290,2024-09-02T09:15:00.000000+0530,2026-08-28T15:15:00.000000+0530
FINCABLES,Finolex Cables Limited,EQ,Capital Goods,5049,2023-09-18T09:15:00.000000+0530,2026-08-28T15:15:00.000000+0530
FINEORG,Fine Organic Industries Limited,EQ,,5046,2023-09-18T09:15:00.000000+0530,2026-08-28T15:15:00.000000+0530
FINKURVE,Finkurve Financial Services Limited,EQ,,1525,2025-10-06T09:15:00.000000+0530,2026-08-28T15:15:00.000000+0530
FINOPB,Fino Payments Bank Limited,EQ,,5049,2023-09-18T09:15:00.000000+0530,2026-08-28T15:15:00.000000+0530
FINPIPE,Finolex Industries Limited,EQ,,5049,2023-09-18T09:15:00.000000+0530,2026-08-28T15:15:00.000000+0530
FIRSTCRY,Brainbees Solutions Limited,EQ,Consumer Services,3426,2024-09-02T09:15:00.000000+0530,2026-08-28T15:15:00.000000+0530
FISCHER,Fischer Medical Ventures Limited,EQ,,1948,2025-07-10T09:15:00.000000+0530,2026-08-28T15:15:00.000000+0530
FIVESTAR,Five-Star Business Finance Limited,EQ,Financial Services,5050,2023-09-18T09:15:00.000000+0530,2026-08-28T15:15:00.000000+0530
FLAIR,Flair Writing Industries Limited,EQ,,3425,2024-09-02T09:15:00.000000+0530,2026-08-28T15:15:00.000000+0530
FLEXITUFF,Flexituff Ventures International Limited,BE,,4278,2023-09-18T09:15:00.000000+0530,2026-08-28T15:15:00.000000+0530
FLFL,Future Lifestyle Fashions Limited,BZ,,4593,2023-09-18T09:15:00.000000+0530,2026-08-28T14:15:00.000000+0530
FLUOROCHEM,Gujarat Fluorochemicals Limited,EQ,Chemicals,5050,2023-09-18T09:15:00.000000+0530,2026-08-28T15:15:00.000000+0530
FMGOETZE,Federal-Mogul Goetze (India) Limited.,EQ,,5049,2023-09-18T09:15:00.000000+0530,2026-08-28T15:15:00.000000+0530
FMNL,Future Market Networks Limited,EQ,,4732,2023-09-18T09:15:00.000000+0530,2026-08-28T15:15:00.000000+0530
FOCUS,Focus Lighting and Fixtures Limited,BE,,4927,2023-09-18T09:15:00.000000+0530,2026-08-28T15:15:00.000000+0530
FOODSIN,Foods & Inns Limited,EQ,,5050,2023-09-18T09:15:00.000000+0530,2026-08-28T15:15:00.000000+0530
FORCEMOT,FORCE MOTORS LTD,EQ,Automobile and Auto Components,4522,2023-09-18T09:15:00.000000+0530,2026-08-28T14:15:00.000000+0530
FORTIS,Fortis Healthcare Limited,EQ,Healthcare,5041,2023-09-18T09:15:00.000000+0530,2026-08-28T15:15:00.000000+0530
FOSECOIND,Foseco India Limited,EQ,,5048,2023-09-18T09:15:00.000000+0530,2026-08-28T15:15:00.000000+0530
FRACTAL,Fractal Analytics Limited,EQ,,917,2026-02-16T09:15:00.000000+0530,2026-08-28T15:15:00.000000+0530
FREDUN,Fredun Pharmaceuticals Limited,EQ,,63,2026-08-18T09:15:00.000000+0530,2026-08-28T15:15:00.000000+0530
FRONTSP,Frontier Springs Limited,EQ,,63,2026-08-18T09:15:00.000000+0530,2026-08-28T15:15:00.000000+0530
FSL,Firstsource Solutions Limited,EQ,Services,5050,2023-09-18T09:15:00.000000+0530,2026-08-28T15:15:00.000000+0530
FUSION,Fusion Finance Limited,EQ,,5048,2023-09-18T09:15:00.000000+0530,2026-08-28T15:15:00.000000+0530
GABRIEL,Gabriel India Limited,EQ,Automobile and Auto Components,5049,2023-09-18T09:15:00.000000+0530,2026-08-28T15:15:00.000000+0530
GAEL,Gujarat Ambuja Exports Limited,EQ,,5050,2023-09-18T09:15:00.000000+0530,2026-08-28T15:15:00.000000+0530
GAIL,GAIL (India) Limited,EQ,Oil Gas & Consumable Fuels,5047,2023-09-18T09:15:00.000000+0530,2026-08-28T15:15:00.000000+0530
GAJA,Gaja Alternative Asset Management Limited,EQ,,21,2026-08-26T09:15:00.000000+0530,2026-08-28T15:15:00.000000+0530
GALAPREC,Gala Precision Engineering Limited,EQ,,3387,2024-09-09T09:15:00.000000+0530,2026-08-28T15:15:00.000000+0530
GALAXYSURF,Galaxy Surfactants Limited,EQ,,5049,2023-09-18T09:15:00.000000+0530,2026-08-28T15:15:00.000000+0530
GALLANTT,Gallantt Ispat Limited,EQ,Capital Goods,5051,2023-09-18T09:15:00.000000+0530,2026-08-28T15:15:00.000000+0530
GANDHAR,Gandhar Oil Refinery (India) Limited,EQ,,3425,2024-09-02T09:15:00.000000+0530,2026-08-28T15:15:00.000000+0530
GANDHITUBE,Gandhi Special Tubes Limited,EQ,,5047,2023-09-18T09:15:00.000000+0530,2026-08-28T15:15:00.000000+0530
GANECOS,Ganesha Ecosphere Limited,EQ,,5049,2023-09-18T09:15:00.000000+0530,2026-08-28T15:15:00.000000+0530
GANESHBE,Ganesh Benzoplast Limited,BE,,5049,2023-09-18T09:15:00.000000+0530,2026-08-28T15:15:00.000000+0530
GANESHCP,Ganesh Consumer Products Limited,EQ,,1563,2025-09-29T09:15:00.000000+0530,2026-08-28T15:15:00.000000+0530
GANESHHOU,GANESH HOUSING LIMITED,EQ,,1634,2025-09-15T09:15:00.000000+0530,2026-08-28T15:15:00.000000+0530
GANGAFORGE,Ganga Forging Limited,EQ,,4942,2023-09-18T09:15:00.000000+0530,2026-08-28T15:15:00.000000+0530
GANGESSECU,Ganges Securities Limited,EQ,,4808,2023-09-18T09:15:00.000000+0530,2026-08-28T15:15:00.000000+0530
GARFIBRES,Garware Technical Fibres Limited,EQ,,5050,2023-09-18T09:15:00.000000+0530,2026-08-28T15:15:00.000000+0530
GARUDA,Garuda Construction and Engineering Limited,EQ,,3216,2024-10-15T09:15:00.000000+0530,2026-08-28T15:15:00.000000+0530
GATECH,GACM Technologies Limited,BE,,4539,2023-09-18T09:15:00.000000+0530,2026-08-28T15:15:00.000000+0530
GATECHDVR,GACM Technologies Limited,BE,,4889,2023-09-18T09:15:00.000000+0530,2026-08-28T15:15:00.000000+0530
GATEWAY,Gateway Distriparks Limited,EQ,,5049,2023-09-18T09:15:00.000000+0530,2026-08-28T15:15:00.000000+0530
GAUDIUMIVF,Gaudium IVF and Women Health Limited,BE,,756,2026-02-27T09:15:00.000000+0530,2026-08-28T14:15:00.000000+0530
GAYAHWS,Gayatri Highways Limited,EQ,,3775,2023-09-18T09:15:00.000000+0530,2026-08-28T15:15:00.000000+0530
GAYAPROJ,Gayatri Projects Limited,BE,,3172,2023-09-18T09:15:00.000000+0530,2026-08-28T15:15:00.000000+0530
GCSL,Gretex Corporate Services Limited,EQ,,1508,2025-09-04T09:15:00.000000+0530,2026-08-28T15:15:00.000000+0530
GEECEE,GeeCee Ventures Limited,BE,,4981,2023-09-18T09:15:00.000000+0530,2026-08-28T15:15:00.000000+0530
GEEKAYWIRE,Geekay Wires Limited,EQ,,4963,2023-09-18T09:15:00.000000+0530,2026-08-28T15:15:00.000000+0530
GEMAROMA,Gem Aromatics Limited,EQ,,1722,2025-08-26T09:15:00.000000+0530,2026-08-28T15:15:00.000000+0530
GENCON,Generic Engineering Construction and Projects Limited,EQ,,5015,2023-09-18T09:15:00.000000+0530,2026-08-28T15:15:00.000000+0530
GENESYS,Genesys International Corporation Limited,EQ,,5049,2023-09-18T09:15:00.000000+0530,2026-08-28T15:15:00.000000+0530
GENSOL,Gensol Engineering Limited,BZ,,4030,2023-09-18T09:15:00.000000+0530,2026-08-28T15:15:00.000000+0530
GENUSPAPER,Genus Paper & Boards Limited,EQ,,5049,2023-09-18T09:15:00.000000+0530,2026-08-28T15:15:00.000000+0530
GENUSPOWER,Genus Power Infrastructures Limited,EQ,,5049,2023-09-18T09:15:00.000000+0530,2026-08-28T15:15:00.000000+0530
GEOJITFSL,Geojit Financial Services Limited,EQ,,5049,2023-09-18T09:15:00.000000+0530,2026-08-28T15:15:00.000000+0530
GESHIP,The Great Eastern Shipping Company Limited,EQ,Services,5047,2023-09-18T09:15:00.000000+0530,2026-08-28T15:15:00.000000+0530
GFLLIMITED,GFL Limited,EQ,,5050,2023-09-18T09:15:00.000000+0530,2026-08-28T15:15:00.000000+0530
GHCL,GHCL Limited,EQ,,5046,2023-09-18T09:15:00.000000+0530,2026-08-28T15:15:00.000000+0530
GHCLTEXTIL,GHCL Textiles Limited,EQ,,5050,2023-09-18T09:15:00.000000+0530,2026-08-28T15:15:00.000000+0530
GICHSGFIN,GIC Housing Finance Limited,EQ,,5048,2023-09-18T09:15:00.000000+0530,2026-08-28T15:15:00.000000+0530
GICL,Globe International Carriers Limited,EQ,,897,2026-02-18T09:15:00.000000+0530,2026-08-28T15:15:00.000000+0530
GICRE,General Insurance Corporation of India,EQ,Financial Services,5049,2023-09-18T09:15:00.000000+0530,2026-08-28T15:15:00.000000+0530
GILLANDERS,Gillanders Arbuthnot & Company Limited,EQ,,4847,2023-09-18T09:15:00.000000+0530,2026-08-28T15:15:00.000000+0530
GILLETTE,Gillette India Limited,EQ,Fast Moving Consumer Goods,5050,2023-09-18T09:15:00.000000+0530,2026-08-28T15:15:00.000000+0530
GINNIFILA,Ginni Filaments Limited,BE,,4977,2023-09-18T09:15:00.000000+0530,2026-08-28T15:15:00.000000+0530
GIPCL,Gujarat Industries Power Company Limited,EQ,,5050,2023-09-18T09:15:00.000000+0530,2026-08-28T15:15:00.000000+0530
GKB,GKB Ophthalmics Limited,EQ,,35,2026-08-17T09:15:00.000000+0530,2026-08-28T15:15:00.000000+0530
GKENERGY,GK Energy Limited,EQ,,1570,2025-09-26T09:15:00.000000+0530,2026-08-28T15:15:00.000000+0530
GKSL,Gujarat Kidney And Super Speciality Limited,EQ,,1135,2025-12-30T09:15:00.000000+0530,2026-08-28T15:15:00.000000+0530
GKWLIMITED,GKW Limited,EQ,,4561,2023-09-18T09:15:00.000000+0530,2026-08-28T15:15:00.000000+0530
GLAND,Gland Pharma Limited,EQ,Healthcare,5049,2023-09-18T09:15:00.000000+0530,2026-08-28T15:15:00.000000+0530
GLAXO,GlaxoSmithKline Pharmaceuticals Limited,EQ,Healthcare,5049,2023-09-18T09:15:00.000000+0530,2026-08-28T15:15:00.000000+0530
GLENMARK,Glenmark Pharmaceuticals Limited,EQ,Healthcare,5038,2023-09-18T09:15:00.000000+0530,2026-08-28T14:15:00.000000+0530
GLFL,Gujarat Lease Financing Limited,EQ,,3155,2023-09-18T09:15:00.000000+0530,2026-08-28T14:15:00.000000+0530
GLOBAL,Global Education Limited,EQ,,5005,2023-09-18T09:15:00.000000+0530,2026-08-28T15:15:00.000000+0530
GLOBALE,Globale Tessile Limited,EQ,,3148,2024-09-02T09:15:00.000000+0530,2026-08-28T15:15:00.000000+0530
GLOBALVECT,Global Vectra Helicorp Limited,EQ,,4845,2023-09-18T09:15:00.000000+0530,2026-08-28T15:15:00.000000+0530
GLOBE,GLOBE ENTERPRISES (INDIA) LIMITED,EQ,,4942,2023-09-18T09:15:00.000000+0530,2026-08-28T15:15:00.000000+0530
GLOBECIVIL,Globe Civil Projects Limited,EQ,,1997,2025-07-01T09:15:00.000000+0530,2026-08-28T15:15:00.000000+0530
GLOBUSSPR,Globus Spirits Limited,EQ,,5047,2023-09-18T09:15:00.000000+0530,2026-08-28T15:15:00.000000+0530
GLOSTERLTD,Gloster Limited,EQ,,3381,2024-09-02T09:15:00.000000+0530,2026-08-28T15:15:00.000000+0530
GLOTTIS,Glottis Limited,EQ,,1529,2025-10-07T09:15:00.000000+0530,2026-08-28T15:15:00.000000+0530
GMBREW,GM Breweries Limited,EQ,,5050,2023-09-18T09:15:00.000000+0530,2026-08-28T15:15:00.000000+0530
GMDCLTD,Gujarat Mineral Development Corporation Limited,EQ,Metals & Mining,5048,2023-09-18T09:15:00.000000+0530,2026-08-28T15:15:00.000000+0530
GMMPFAUDLR,GMM Pfaudler Limited,EQ,,5049,2023-09-18T09:15:00.000000+0530,2026-08-28T15:15:00.000000+0530
GMRAIRPORT,GMR AIRPORTS LIMITED,EQ,Services,2941,2024-12-11T09:15:00.000000+0530,2026-08-28T15:15:00.000000+0530
GMRP&UI,GMR Power and Urban Infra Limited,EQ,,5050,2023-09-18T09:15:00.000000+0530,2026-08-28T15:15:00.000000+0530
GNA,GNA Axles Limited,EQ,,5050,2023-09-18T09:15:00.000000+0530,2026-08-28T15:15:00.000000+0530
GNFC,Gujarat Narmada Valley Fertilizers and Chemicals Limited,EQ,,5049,2023-09-18T09:15:00.000000+0530,2026-08-28T15:15:00.000000+0530
GNRL,Gujarat Natural Resources Limited,EQ,,63,2026-08-18T09:15:00.000000+0530,2026-08-28T15:15:00.000000+0530
GOACARBON,Goa Carbon Limited,EQ,,5050,2023-09-18T09:15:00.000000+0530,2026-08-28T15:15:00.000000+0530
GOCLCORP,GOCL Corporation Limited,EQ,,5050,2023-09-18T09:15:00.000000+0530,2026-08-28T15:15:00.000000+0530
GOCOLORS,Go Fashion (India) Limited,EQ,,5046,2023-09-18T09:15:00.000000+0530,2026-08-28T15:15:00.000000+0530
GODAVARIB,Godavari Biorefineries Limited,EQ,,3096,2024-10-30T09:15:00.000000+0530,2026-08-28T15:15:00.000000+0530
GODFRYPHLP,Godfrey Phillips India Limited,EQ,Fast Moving Consumer Goods,5043,2023-09-18T09:15:00.000000+0530,2026-08-28T15:15:00.000000+0530
GODIGIT,Go Digit General Insurance Limited,EQ,Financial Services,3422,2024-09-02T09:15:00.000000+0530,2026-08-28T15:15:00.000000+0530
GODREJAGRO,Godrej Agrovet Limited,EQ,,5050,2023-09-18T09:15:00.000000+0530,2026-08-28T15:15:00.000000+0530
GODREJCP,Godrej Consumer Products Limited,EQ,Fast Moving Consumer Goods,5042,2023-09-18T09:15:00.000000+0530,2026-08-28T15:15:00.000000+0530
GODREJIND,Godrej Industries Limited,EQ,Diversified,5048,2023-09-18T09:15:00.000000+0530,2026-08-28T15:15:00.000000+0530
GODREJPROP,Godrej Properties Limited,EQ,Realty,5040,2023-09-18T09:15:00.000000+0530,2026-08-28T14:15:00.000000+0530
GOKEX,Gokaldas Exports Limited,EQ,,5049,2023-09-18T09:15:00.000000+0530,2026-08-28T15:15:00.000000+0530
GOKUL,Gokul Refoils and Solvent Limited,EQ,,5018,2023-09-18T09:15:00.000000+0530,2026-08-28T15:15:00.000000+0530
GOKULAGRO,Gokul Agro Resources Limited,EQ,,5049,2023-09-18T09:15:00.000000+0530,2026-08-28T15:15:00.000000+0530
GOLDENTOBC,Golden Tobacco Limited,BZ,,4168,2023-09-18T09:15:00.000000+0530,2026-08-28T15:15:00.000000+0530
GOLDIAM,Goldiam International Limited,EQ,,5050,2023-09-18T09:15:00.000000+0530,2026-08-28T15:15:00.000000+0530
GOLDTECH,AION-TECH SOLUTIONS LIMITED,BE,,4870,2023-09-18T09:15:00.000000+0530,2026-08-28T15:15:00.000000+0530
GOODLUCK,Goodluck India Limited,EQ,,5049,2023-09-18T09:15:00.000000+0530,2026-08-28T15:15:00.000000+0530
GOODYEAR,Goodyear India Limited,EQ,,812,2023-09-18T09:15:00.000000+0530,2026-08-28T15:15:00.000000+0530
GOPAL,Gopal Snacks Limited,EQ,,3426,2024-09-02T09:15:00.000000+0530,2026-08-28T15:15:00.000000+0530
GOYALALUM,Goyal Aluminiums Limited,EQ,,4910,2023-09-18T09:15:00.000000+0530,2026-08-28T15:15:00.000000+0530
GPIL,Godawari Power And Ispat limited,EQ,Capital Goods,5048,2023-09-18T09:15:00.000000+0530,2026-08-28T15:15:00.000000+0530
GPPL,Gujarat Pipavav Port Limited,EQ,,5047,2023-09-18T09:15:00.000000+0530,2026-08-28T15:15:00.000000+0530
GPTHEALTH,GPT Healthcare Limited,EQ,,3425,2024-09-02T09:15:00.000000+0530,2026-08-28T15:15:00.000000+0530
GPTINFRA,GPT Infraprojects Limited,EQ,,4907,2023-09-18T09:15:00.000000+0530,2026-08-28T15:15:00.000000+0530
GRADIENTE,Gradiente Infotainment Limited,EQ,,538,2026-05-08T09:15:00.000000+0530,2026-08-28T15:15:00.000000+0530
GRANDOAK,Grand Oak Canyons Distillery Limited,EQ,,62,2026-08-18T09:15:00.000000+0530,2026-08-28T15:15:00.000000+0530
GRANULES,Granules India Limited,EQ,Healthcare,5049,2023-09-18T09:15:00.000000+0530,2026-08-28T15:15:00.000000+0530
GRAPHITE,Graphite India Limited,EQ,Capital Goods,5049,2023-09-18T09:15:00.000000+0530,2026-08-28T15:15:00.000000+0530
GRASIM,Grasim Industries Limited,EQ,Construction Materials,5044,2023-09-18T09:15:00.000000+0530,2026-08-28T15:15:00.000000+0530
GRAUWEIL,Grauer & Weil India Limited,EQ,,812,2023-09-18T09:15:00.000000+0530,2026-08-28T15:15:00.000000+0530
GRAVISSHO,Graviss Hospitality Limited,EQ,,32,2026-08-18T09:15:00.000000+0530,2026-08-28T15:15:00.000000+0530
GRAVITA,Gravita India Limited,EQ,Metals & Mining,5049,2023-09-18T09:15:00.000000+0530,2026-08-28T15:15:00.000000+0530
GREAVESCOT,Greaves Cotton Limited,EQ,,5049,2023-09-18T09:15:00.000000+0530,2026-08-28T15:15:00.000000+0530
GREENLAM,Greenlam Industries Limited,EQ,,5048,2023-09-18T09:15:00.000000+0530,2026-08-28T15:15:00.000000+0530
GREENPANEL,Greenpanel Industries Limited,EQ,,5049,2023-09-18T09:15:00.000000+0530,2026-08-28T15:15:00.000000+0530
GREENPLY,Greenply Industries Limited,EQ,,5049,2023-09-18T09:15:00.000000+0530,2026-08-28T15:15:00.000000+0530
GREENPOWER,Orient Green Power Company Limited,EQ,,5049,2023-09-18T09:15:00.000000+0530,2026-08-28T15:15:00.000000+0530
GRINDWELL,Grindwell Norton Limited,EQ,,5050,2023-09-18T09:15:00.000000+0530,2026-08-28T15:15:00.000000+0530
GRINFRA,G R Infraprojects Limited,EQ,,5050,2023-09-18T09:15:00.000000+0530,2026-08-28T15:15:00.000000+0530
GRMOVER,GRM Overseas Limited,EQ,,5050,2023-09-18T09:15:00.000000+0530,2026-08-28T15:15:00.000000+0530
GROBTEA,The Grob Tea Company Limited,EQ,,4155,2023-09-18T09:15:00.000000+0530,2026-08-28T14:15:00.000000+0530
GROWW,Billionbrains Garage Ventures Limited,EQ,Financial Services,1365,2025-11-12T09:15:00.000000+0530,2026-08-28T15:15:00.000000+0530
GRPLTD,GRP Limited,EQ,,4892,2023-09-18T09:15:00.000000+0530,2026-08-28T15:15:00.000000+0530
GRSE,Garden Reach Shipbuilders & Engineers Limited,EQ,Capital Goods,5049,2023-09-18T09:15:00.000000+0530,2026-08-28T15:15:00.000000+0530
GRWRHITECH,Garware Hi-Tech Films Limited,EQ,,5048,2023-09-18T09:15:00.000000+0530,2026-08-28T15:15:00.000000+0530
GSFC,Gujarat State Fertilizers & Chemicals Limited,EQ,,5050,2023-09-18T09:15:00.000000+0530,2026-08-28T15:15:00.000000+0530
GSLSU,Global Surfaces Limited,EQ,,5041,2023-09-18T09:15:00.000000+0530,2026-08-28T15:15:00.000000+0530
GSPCROP,GSP Crop Science Limited,EQ,,742,2026-03-24T09:15:00.000000+0530,2026-08-28T15:15:00.000000+0530
GSS,GSS Infotech Limited,EQ,,5045,2023-09-18T09:15:00.000000+0530,2026-08-28T15:15:00.000000+0530
GTECJAINX,G-TEC JAINX EDUCATION LIMITED,BE,,3685,2023-09-18T09:15:00.000000+0530,2026-08-28T15:15:00.000000+0530
GTL,GTL Limited,EQ,,4899,2023-09-18T09:15:00.000000+0530,2026-08-28T15:15:00.000000+0530
GTLINFRA,GTL Infrastructure Limited,EQ,,5048,2023-09-18T09:15:00.000000+0530,2026-08-28T15:15:00.000000+0530
GTPL,GTPL Hathway Limited,EQ,,5049,2023-09-18T09:15:00.000000+0530,2026-08-28T15:15:00.000000+0530
GUFICBIO,Gufic Biosciences Limited,EQ,,5048,2023-09-18T09:15:00.000000+0530,2026-08-28T15:15:00.000000+0530
GUJALKALI,Gujarat Alkalies and Chemicals Limited,EQ,,5050,2023-09-18T09:15:00.000000+0530,2026-08-28T15:15:00.000000+0530
GUJAPOLLO,Gujarat Apollo Industries Limited,EQ,,5012,2023-09-18T09:15:00.000000+0530,2026-08-28T15:15:00.000000+0530
GUJENERGY,GUJARAT ENERGY LIMITED,EQ,,298,2026-07-01T09:15:00.000000+0530,2026-08-28T15:15:00.000000+0530
GUJRAFFIA,Gujarat Raffia Industries Limited,EQ,,4458,2023-09-18T09:15:00.000000+0530,2026-08-28T15:15:00.000000+0530
GUJTHEM,Gujarat Themis Biosyn Limited,EQ,,2577,2025-02-25T09:15:00.000000+0530,2026-08-28T15:15:00.000000+0530
GULFOILLUB,Gulf Oil Lubricants India Limited,EQ,,5049,2023-09-18T09:15:00.000000+0530,2026-08-28T15:15:00.000000+0530
GULFPETRO,GP Petroleums Limited,BE,,5050,2023-09-18T09:15:00.000000+0530,2026-08-28T15:15:00.000000+0530
GULPOLY,Gulshan Polyols Limited,EQ,,5049,2023-09-18T09:15:00.000000+0530,2026-08-28T15:15:00.000000+0530
GVKPIL,GVK Power & Infrastructure Limited,BE,,5048,2023-09-18T09:15:00.000000+0530,2026-08-28T14:15:00.000000+0530
GVPIL,GE Power India Limited,EQ,,1717,2025-08-28T09:15:00.000000+0530,2026-08-28T15:15:00.000000+0530
GVPTECH,GVP Infotech Limited,EQ,,4998,2023-09-18T09:15:00.000000+0530,2026-08-28T15:15:00.000000+0530
GVT&D,GE Vernova T&D India Limited,EQ,Capital Goods,3108,2024-11-05T09:15:00.000000+0530,2026-08-28T14:15:00.000000+0530
GYFTR,Gyftr Limited,EQ,,248,2026-07-10T09:15:00.000000+0530,2026-08-28T15:15:00.000000+0530
HAL,Hindustan Aeronautics Limited,EQ,Capital Goods,5044,2023-09-18T09:15:00.000000+0530,2026-08-28T15:15:00.000000+0530
HALDER,Halder Venture Limited,EQ,,870,2026-01-19T09:15:00.000000+0530,2026-08-28T15:15:00.000000+0530
HALDYNGL,Haldyn Glass Limited,BE,,63,2026-08-18T09:15:00.000000+0530,2026-08-28T15:15:00.000000+0530
HALEOSLABS,HALEOS LABS LIMITED,EQ,,1140,2025-11-26T09:15:00.000000+0530,2026-08-28T15:15:00.000000+0530
HAMPTON,Hampton Sky Realty Limited,EQ,,63,2026-08-18T09:15:00.000000+0530,2026-08-28T15:15:00.000000+0530
HAPPSTMNDS,Happiest Minds Technologies Limited,EQ,,5046,2023-09-18T09:15:00.000000+0530,2026-08-28T15:15:00.000000+0530
HAPPYFORGE,Happy Forgings Limited,EQ,,3425,2024-09-02T09:15:00.000000+0530,2026-08-28T15:15:00.000000+0530
HARDWYN,Hardwyn India Limited,EQ,,4950,2023-09-18T09:15:00.000000+0530,2026-08-28T15:15:00.000000+0530
HARIOMPIPE,Hariom Pipe Industries Limited,EQ,,5049,2023-09-18T09:15:00.000000+0530,2026-08-28T15:15:00.000000+0530
HARRMALAYA,Harrisons  Malayalam Limited,EQ,,4997,2023-09-18T09:15:00.000000+0530,2026-08-28T15:15:00.000000+0530
HARSHA,Harsha Engineers International Limited,EQ,,5049,2023-09-18T09:15:00.000000+0530,2026-08-28T15:15:00.000000+0530
HATHWAY,Hathway Cable & Datacom Limited,EQ,,5050,2023-09-18T09:15:00.000000+0530,2026-08-28T15:15:00.000000+0530
HATSUN,Hatsun Agro Product Limited,EQ,,5048,2023-09-18T09:15:00.000000+0530,2026-08-28T15:15:00.000000+0530
HAVELLS,Havells India Limited,EQ,Consumer Durables,5046,2023-09-18T09:15:00.000000+0530,2026-08-28T15:15:00.000000+0530
HAVISHA,Sri Havisha Hospitality and Infrastructure Limited,EQ,,4995,2023-09-18T09:15:00.000000+0530,2026-08-28T15:15:00.000000+0530
HAWKINCOOK,Hawkins Cookers Limited,EQ,,618,2026-04-23T09:15:00.000000+0530,2026-08-28T15:15:00.000000+0530
HAZOOR,Hazoor Multi Projects Limited,EQ,,63,2026-08-18T09:15:00.000000+0530,2026-08-28T15:15:00.000000+0530
HBESD,HB Estate Developers Limited,EQ,,46,2026-08-18T09:15:00.000000+0530,2026-08-28T15:15:00.000000+0530
HBLENGINE,HBL Engineering Limited,EQ,Capital Goods,2891,2024-12-23T09:15:00.000000+0530,2026-08-28T15:15:00.000000+0530
HBPOR,HB Portfolio Limited,EQ,,48,2026-08-18T09:15:00.000000+0530,2026-08-28T15:15:00.000000+0530
HBSL,HB Stockholdings Limited,EQ,,4920,2023-09-18T09:15:00.000000+0530,2026-08-28T15:15:00.000000+0530
HCC,Hindustan Construction Company Limited,EQ,,5049,2023-09-18T09:15:00.000000+0530,2026-08-28T15:15:00.000000+0530
HCG,Healthcare Global Enterprises Limited,EQ,,5048,2023-09-18T09:15:00.000000+0530,2026-08-28T15:15:00.000000+0530
HCL-INSYS,HCL Infosystems Limited,EQ,,5048,2023-09-18T09:15:00.000000+0530,2026-08-28T15:15:00.000000+0530
HCLTECH,HCL Technologies Limited,EQ,Information Technology,5043,2023-09-18T09:15:00.000000+0530,2026-08-28T15:15:00.000000+0530
HDBFS,HDB Financial Services Limited,EQ,Financial Services,1990,2025-07-02T09:15:00.000000+0530,2026-08-28T15:15:00.000000+0530
HDFCAMC,HDFC Asset Management Company Limited,EQ,Financial Services,5040,2023-09-18T09:15:00.000000+0530,2026-08-28T14:15:00.000000+0530
HDFCBANK,HDFC Bank Limited,EQ,Financial Services,5045,2023-09-18T09:15:00.000000+0530,2026-08-28T15:15:00.000000+0530
HDFCLIFE,HDFC Life Insurance Company Limited,EQ,Financial Services,5046,2023-09-18T09:15:00.000000+0530,2026-08-28T14:15:00.000000+0530
HDIL,Housing Development and Infrastructure Limited,BZ,,3412,2023-09-18T09:15:00.000000+0530,2026-08-28T14:15:00.000000+0530
HEADSUP,Heads UP Ventures Limited,EQ,,4982,2023-09-18T09:15:00.000000+0530,2026-08-28T15:15:00.000000+0530
HEALTHX,Health X Platform Limited,EQ,,569,2026-04-30T09:15:00.000000+0530,2026-08-28T15:15:00.000000+0530
HECPROJECT,HEC Infra Projects Limited,EQ,,4823,2023-09-18T09:15:00.000000+0530,2026-08-28T15:15:00.000000+0530
HEG,HEG Limited,EQ,Capital Goods,5048,2023-09-18T09:15:00.000000+0530,2026-08-28T15:15:00.000000+0530
HEIDELBERG,HeidelbergCement India Limited,EQ,,5047,2023-09-18T09:15:00.000000+0530,2026-08-28T15:15:00.000000+0530
HEMIPROP,Hemisphere Properties India Limited,EQ,,5048,2023-09-18T09:15:00.000000+0530,2026-08-28T15:15:00.000000+0530
HERANBA,Heranba Industries Limited,EQ,,4976,2023-09-18T09:15:00.000000+0530,2026-08-28T15:15:00.000000+0530
HERITGFOOD,Heritage Foods Limited,EQ,,5050,2023-09-18T09:15:00.000000+0530,2026-08-28T15:15:00.000000+0530
HEROMOTOCO,Hero MotoCorp Limited,EQ,Automobile and Auto Components,5038,2023-09-18T09:15:00.000000+0530,2026-08-28T15:15:00.000000+0530
HESTERBIO,Hester Biosciences Limited,EQ,,5044,2023-09-18T09:15:00.000000+0530,2026-08-28T15:15:00.000000+0530
HEXAGON,Hexagon Nutrition Limited,BE,,382,2026-06-12T09:15:00.000000+0530,2026-08-28T15:15:00.000000+0530
HEXATRADEX,Hexa Tradex Limited,EQ,,4970,2023-09-18T09:15:00.000000+0530,2026-08-28T15:15:00.000000+0530
HEXT,Hexaware Technologies Limited,EQ,Information Technology,2605,2025-02-19T09:15:00.000000+0530,2026-08-28T15:15:00.000000+0530
HFCL,HFCL Limited,EQ,Telecommunication,5046,2023-09-18T09:15:00.000000+0530,2026-08-28T15:15:00.000000+0530
HGINFRA,H.G. Infra Engineering Limited,EQ,,5047,2023-09-18T09:15:00.000000+0530,2026-08-28T15:15:00.000000+0530
HGM,HandsOn Global Management (HGM) Limited,EQ,,1584,2025-09-03T09:15:00.000000+0530,2026-08-28T15:15:00.000000+0530
HGS,Hinduja Global Solutions Limited,EQ,,5049,2023-09-18T09:15:00.000000+0530,2026-08-28T15:15:00.000000+0530
HIKAL,Hikal Limited,EQ,,5047,2023-09-18T09:15:00.000000+0530,2026-08-28T15:15:00.000000+0530
HILINFRA,Highway Infrastructure Limited,EQ,,1784,2025-08-12T09:15:00.000000+0530,2026-08-28T15:15:00.000000+0530
HILTON,Hilton Metal Forging Limited,EQ,,5047,2023-09-18T09:15:00.000000+0530,2026-08-28T15:15:00.000000+0530
HIMATSEIDE,Himatsingka Seide Limited,EQ,,5047,2023-09-18T09:15:00.000000+0530,2026-08-28T15:15:00.000000+0530
HINDADH,Hindustan Adhesives Limited,EQ,,63,2026-08-18T09:15:00.000000+0530,2026-08-28T15:15:00.000000+0530
HINDALCO,Hindalco Industries Limited,EQ,Metals & Mining,5045,2023-09-18T09:15:00.000000+0530,2026-08-28T15:15:00.000000+0530
HINDALUMI,Hind Aluminium Industries Limited,EQ,,61,2026-08-18T09:15:00.000000+0530,2026-08-28T15:15:00.000000+0530
HINDCOMPOS,Hindustan Composites Limited,EQ,,5046,2023-09-18T09:15:00.000000+0530,2026-08-28T15:15:00.000000+0530
HINDCON,Hindcon Chemicals Limited,EQ,,4984,2023-09-18T09:15:00.000000+0530,2026-08-28T15:15:00.000000+0530
HINDCOPPER,Hindustan Copper Limited,EQ,Metals & Mining,5047,2023-09-18T09:15:00.000000+0530,2026-08-28T15:15:00.000000+0530
HINDOILEXP,Hindustan Oil Exploration Company Limited,EQ,,5047,2023-09-18T09:15:00.000000+0530,2026-08-28T15:15:00.000000+0530
HINDPETRO,Hindustan Petroleum Corporation Limited,EQ,Oil Gas & Consumable Fuels,5047,2023-09-18T09:15:00.000000+0530,2026-08-28T14:15:00.000000+0530
HINDUNILVR,Hindustan Unilever Limited,EQ,Fast Moving Consumer Goods,5041,2023-09-18T09:15:00.000000+0530,2026-08-28T15:15:00.000000+0530
HINDWAREAP,Hindware Home Innovation Limited,EQ,,5050,2023-09-18T09:15:00.000000+0530,2026-08-28T15:15:00.000000+0530
HINDZINC,Hindustan Zinc Limited,EQ,Metals & Mining,5042,2023-09-18T09:15:00.000000+0530,2026-08-28T15:15:00.000000+0530
HIRECT,Hirect Limited,EQ,,5020,2023-09-18T09:15:00.000000+0530,2026-08-28T15:15:00.000000+0530
HISARMETAL,Hisar Metal Industries Limited,EQ,,4785,2023-09-18T09:15:00.000000+0530,2026-08-28T15:15:00.000000+0530
HITECH,Hi-Tech Pipes Limited,EQ,,5047,2023-09-18T09:15:00.000000+0530,2026-08-28T15:15:00.000000+0530
HITECHCORP,Hitech Corporation Limited,BE,,4988,2023-09-18T09:15:00.000000+0530,2026-08-28T15:15:00.000000+0530
HITECHGEAR,The Hi-Tech Gears Limited,BE,,208,2025-09-16T09:15:00.000000+0530,2026-08-28T15:15:00.000000+0530
HLEGLAS,HLE Glascoat Limited,EQ,,5049,2023-09-18T09:15:00.000000+0530,2026-08-28T15:15:00.000000+0530
HLVLTD,HLV LIMITED,EQ,,5050,2023-09-18T09:15:00.000000+0530,2026-08-28T15:15:00.000000+0530
HMAAGRO,HMA Agro Industries Limited,EQ,,5050,2023-09-18T09:15:00.000000+0530,2026-08-28T15:15:00.000000+0530
HMT,HMT Limited,BZ,,5014,2023-09-18T09:15:00.000000+0530,2026-08-28T15:15:00.000000+0530
HMVL,Hindustan Media Ventures Limited,BE,,5039,2023-09-18T09:15:00.000000+0530,2026-08-28T15:15:00.000000+0530
HNDFDS,Hindustan Foods Limited,EQ,,5048,2023-09-18T09:15:00.000000+0530,2026-08-28T15:15:00.000000+0530
HOMEFIRST,Home First Finance Company India Limited,EQ,Financial Services,5049,2023-09-18T09:15:00.000000+0530,2026-08-28T15:15:00.000000+0530
HONASA,Honasa Consumer Limited,EQ,Fast Moving Consumer Goods,3425,2024-09-02T09:15:00.000000+0530,2026-08-28T15:15:00.000000+0530
HONAUT,Honeywell Automation India Limited,EQ,Capital Goods,5050,2023-09-18T09:15:00.000000+0530,2026-08-28T15:15:00.000000+0530
HONDAPOWER,Honda India Power Products Limited,EQ,,5050,2023-09-18T09:15:00.000000+0530,2026-08-28T15:15:00.000000+0530
HORIZONIND,Horizon Industrial Parks Limited,EQ,,35,2026-08-24T09:15:00.000000+0530,2026-08-28T15:15:00.000000+0530
HPAL,HP Adhesives Limited,EQ,,5048,2023-09-18T09:15:00.000000+0530,2026-08-28T15:15:00.000000+0530
HPIL,Hindprakash Industries Limited,EQ,,4564,2023-09-18T09:15:00.000000+0530,2026-08-28T15:15:00.000000+0530
HPL,HPL Electric & Power Limited,EQ,,5050,2023-09-18T09:15:00.000000+0530,2026-08-28T15:15:00.000000+0530
HRYNSHP,Hariyana Ship Breakers Limited,EQ,,47,2026-08-18T09:15:00.000000+0530,2026-08-28T13:15:00.000000+0530
HSCL,Himadri Speciality Chemical Limited,EQ,Chemicals,5046,2023-09-18T09:15:00.000000+0530,2026-08-28T15:15:00.000000+0530
HTMEDIA,HT Media Limited,EQ,,5049,2023-09-18T09:15:00.000000+0530,2026-08-28T15:15:00.000000+0530
HUBTOWN,Hubtown Limited,EQ,,5046,2023-09-18T09:15:00.000000+0530,2026-08-28T15:15:00.000000+0530
HUDCO,Housing & Urban Development Corporation Limited,EQ,Financial Services,5049,2023-09-18T09:15:00.000000+0530,2026-08-28T15:15:00.000000+0530
HUHTAMAKI,Huhtamaki India Limited,EQ,,5049,2023-09-18T09:15:00.000000+0530,2026-08-28T15:15:00.000000+0530
HYBRIDFIN,Hybrid Financial Services Limited,BE,,4520,2023-09-18T09:15:00.000000+0530,2026-08-28T14:15:00.000000+0530
HYUNDAI,Hyundai Motor India Limited,EQ,Automobile and Auto Components,3175,2024-10-22T09:15:00.000000+0530,2026-08-28T15:15:00.000000+0530
IBULLSLTD,Indiabulls Limited,EQ,,1265,2025-11-10T09:15:00.000000+0530,2026-08-28T15:15:00.000000+0530
ICDSLTD,ICDS Limited,EQ,,3569,2023-09-18T11:15:00.000000+0530,2026-08-28T15:15:00.000000+0530
ICEMAKE,Ice Make Refrigeration Limited,EQ,,5049,2023-09-18T09:15:00.000000+0530,2026-08-28T15:15:00.000000+0530
ICICIAMC,ICICI Prudential Asset Management Company Limited,EQ,Financial Services,1176,2025-12-19T09:15:00.000000+0530,2026-08-28T15:15:00.000000+0530
ICICIBANK,ICICI Bank Limited,EQ,Financial Services,5046,2023-09-18T09:15:00.000000+0530,2026-08-28T15:15:00.000000+0530
ICICIGI,ICICI Lombard General Insurance Company Limited,EQ,Financial Services,213,2025-09-16T09:15:00.000000+0530,2026-08-28T15:15:00.000000+0530
ICICIPRULI,ICICI Prudential Life Insurance Company Limited,EQ,Financial Services,5043,2023-09-18T09:15:00.000000+0530,2026-08-28T14:15:00.000000+0530
ICIL,Indo Count Industries Limited,EQ,,5047,2023-09-18T09:15:00.000000+0530,2026-08-28T15:15:00.000000+0530
ICRA,ICRA Limited,EQ,,5049,2023-09-18T09:15:00.000000+0530,2026-08-28T15:15:00.000000+0530
IDBI,IDBI Bank Limited,EQ,Financial Services,5049,2023-09-18T09:15:00.000000+0530,2026-08-28T15:15:00.000000+0530
IDEA,Vodafone Idea Limited,EQ,Telecommunication,5036,2023-09-18T09:15:00.000000+0530,2026-08-28T15:15:00.000000+0530
IDEAFORGE,Ideaforge Technology Limited,EQ,,5049,2023-09-18T09:15:00.000000+0530,2026-08-28T15:15:00.000000+0530
IDFCFIRSTB,IDFC First Bank Limited,EQ,Financial Services,5045,2023-09-18T09:15:00.000000+0530,2026-08-28T15:15:00.000000+0530
IEX,Indian Energy Exchange Limited,EQ,Financial Services,5044,2023-09-18T09:15:00.000000+0530,2026-08-28T15:15:00.000000+0530
IFBAGRO,IFB Agro Industries Limited,EQ,,5033,2023-09-18T09:15:00.000000+0530,2026-08-28T15:15:00.000000+0530
IFBIND,IFB Industries Limited,EQ,,5050,2023-09-18T09:15:00.000000+0530,2026-08-28T15:15:00.000000+0530
IFCI,IFCI Limited,EQ,Financial Services,5049,2023-09-18T09:15:00.000000+0530,2026-08-28T15:15:00.000000+0530
IFGLEXPOR,IFGL Refractories Limited,EQ,,5050,2023-09-18T09:15:00.000000+0530,2026-08-28T15:15:00.000000+0530
IGARASHI,Igarashi Motors India Limited,EQ,,5048,2023-09-18T09:15:00.000000+0530,2026-08-28T15:15:00.000000+0530
IGCL,Indogulf Cropsciences Limited,EQ,,1984,2025-07-03T09:15:00.000000+0530,2026-08-28T15:15:00.000000+0530
IGIL,International Gemological Institute Limited,EQ,Services,2864,2024-12-30T09:15:00.000000+0530,2026-08-28T15:15:00.000000+0530
IGL,Indraprastha Gas Limited,EQ,Oil Gas & Consumable Fuels,5045,2023-09-18T09:15:00.000000+0530,2026-08-28T15:15:00.000000+0530
IGPL,IG Petrochemicals Limited,EQ,,5050,2023-09-18T09:15:00.000000+0530,2026-08-28T15:15:00.000000+0530
IIFL,IIFL Finance Limited,EQ,Financial Services,221,2025-09-16T09:15:00.000000+0530,2026-08-28T15:15:00.000000+0530
IIFLCAPS,IIFL Capital Services Limited,EQ,,2991,2024-12-03T09:15:00.000000+0530,2026-08-28T15:15:00.000000+0530
IITL,Industrial Investment Trust Limited,EQ,,4643,2023-09-18T09:15:00.000000+0530,2026-08-28T15:15:00.000000+0530
IKIO,IKIO Technologies Limited,EQ,,5046,2023-09-18T09:15:00.000000+0530,2026-08-28T15:15:00.000000+0530
IKS,Inventurus Knowledge Solutions Limited,EQ,Information Technology,2907,2024-12-19T09:15:00.000000+0530,2026-08-28T15:15:00.000000+0530
IL&FSENGG,IL&FS Engineering and Construction Company Limited,BZ,,4348,2023-09-18T09:15:00.000000+0530,2026-08-28T15:15:00.000000+0530
IL&FSTRANS,IL&FS Transportation Networks Limited,BZ,,4668,2023-09-18T09:15:00.000000+0530,2026-08-28T15:15:00.000000+0530
IMAGICAA,Imagicaaworld Entertainment Limited,EQ,,5047,2023-09-18T09:15:00.000000+0530,2026-08-28T15:15:00.000000+0530
IMFA,Indian Metals & Ferro Alloys Limited,EQ,,5049,2023-09-18T09:15:00.000000+0530,2026-08-28T15:15:00.000000+0530
IMPAL,India Motor Parts and Accessories Limited,EQ,,5038,2023-09-18T09:15:00.000000+0530,2026-08-28T15:15:00.000000+0530
IMPEXFERRO,Impex Ferro Tech Limited,BZ,,4159,2023-09-18T09:15:00.000000+0530,2026-08-28T15:15:00.000000+0530
INA,Insolation Energy Limited,EQ,,819,2026-03-09T09:15:00.000000+0530,2026-08-28T15:15:00.000000+0530
INCREDIBLE,INCREDIBLE INDUSTRIES LIMITED,EQ,,4744,2023-09-18T09:15:00.000000+0530,2026-08-28T14:15:00.000000+0530
INDBANK,Indbank Merchant Banking Services Limited,EQ,,5049,2023-09-18T09:15:00.000000+0530,2026-08-28T15:15:00.000000+0530
INDGN,Indegene Limited,EQ,Healthcare,3426,2024-09-02T09:15:00.000000+0530,2026-08-28T15:15:00.000000+0530
INDHOTEL,The Indian Hotels Company Limited,EQ,Consumer Services,5042,2023-09-18T09:15:00.000000+0530,2026-08-28T15:15:00.000000+0530
INDIACEM,The India Cements Limited,EQ,Construction Materials,5050,2023-09-18T09:15:00.000000+0530,2026-08-28T15:15:00.000000+0530
INDIAGLYCO,India Glycols Limited,EQ,,5050,2023-09-18T09:15:00.000000+0530,2026-08-28T15:15:00.000000+0530
INDIAMART,Indiamart Intermesh Limited,EQ,Consumer Services,5046,2023-09-18T09:15:00.000000+0530,2026-08-28T15:15:00.000000+0530
INDIANB,Indian Bank,EQ,Financial Services,5036,2023-09-18T09:15:00.000000+0530,2026-08-28T14:15:00.000000+0530
INDIANCARD,Indian Card Clothing Company Limited,EQ,,4887,2023-09-18T09:15:00.000000+0530,2026-08-28T15:15:00.000000+0530
INDIANHUME,Indian Hume Pipe Company Limited,EQ,,5049,2023-09-18T09:15:00.000000+0530,2026-08-28T15:15:00.000000+0530
INDIASHLTR,India Shelter Finance Corporation Limited,EQ,,3423,2024-09-02T09:15:00.000000+0530,2026-08-28T15:15:00.000000+0530
INDIGO,InterGlobe Aviation Limited,EQ,Services,5040,2023-09-18T09:15:00.000000+0530,2026-08-28T15:15:00.000000+0530
INDIGOPNTS,Indigo Paints Limited,EQ,,5049,2023-09-18T09:15:00.000000+0530,2026-08-28T15:15:00.000000+0530
INDIQUBE,Indiqube Spaces Limited,EQ,,1850,2025-07-30T09:15:00.000000+0530,2026-08-28T15:15:00.000000+0530
INDNIPPON,India Nippon Electricals Limited,EQ,,5050,2023-09-18T09:15:00.000000+0530,2026-08-28T15:15:00.000000+0530
INDOAMIN,Indo Amines Limited,BE,,5049,2023-09-18T09:15:00.000000+0530,2026-08-28T15:15:00.000000+0530
INDOBORAX,Indo Borax & Chemicals Limited,EQ,,5049,2023-09-18T09:15:00.000000+0530,2026-08-28T15:15:00.000000+0530
INDOCO,Indoco Remedies Limited,EQ,,5049,2023-09-18T09:15:00.000000+0530,2026-08-28T15:15:00.000000+0530
INDOFARM,Indo Farm Equipment Limited,EQ,,2763,2025-01-07T09:15:00.000000+0530,2026-08-28T15:15:00.000000+0530
INDOKEM,Indokem Limited,EQ,,62,2026-08-18T09:15:00.000000+0530,2026-08-28T15:15:00.000000+0530
INDOMIM,INDO-MIM Limited,EQ,,154,2026-07-30T09:15:00.000000+0530,2026-08-28T15:15:00.000000+0530
INDORAMA,Indo Rama Synthetics (India) Limited,EQ,,5051,2023-09-18T09:15:00.000000+0530,2026-08-28T15:15:00.000000+0530
INDOSTAR,IndoStar Capital Finance Limited,EQ,,5050,2023-09-18T09:15:00.000000+0530,2026-08-28T15:15:00.000000+0530
INDOTECH,Indo Tech Transformers Limited,EQ,,4971,2023-09-18T09:15:00.000000+0530,2026-08-28T15:15:00.000000+0530
INDOTHAI,Indo Thai Securities Limited,EQ,,4887,2023-09-18T09:15:00.000000+0530,2026-08-28T15:15:00.000000+0530
INDOUS,Indo Us Biotech Limited,EQ,,3255,2024-09-27T09:15:00.000000+0530,2026-08-28T15:15:00.000000+0530
INDOWIND,Indowind Energy Limited,EQ,,4948,2023-09-18T09:15:00.000000+0530,2026-08-28T15:15:00.000000+0530
INDPRUD,Industrial & Prudential Investment Company Limited,EQ,,43,2026-08-18T09:15:00.000000+0530,2026-08-28T15:15:00.000000+0530
INDRAMEDCO,Indraprastha Medical Corporation Limited,EQ,,5050,2023-09-18T09:15:00.000000+0530,2026-08-28T15:15:00.000000+0530
INDSWFTLAB,Ind-Swift Laboratories Limited,EQ,,4962,2023-09-18T09:15:00.000000+0530,2026-08-28T15:15:00.000000+0530
INDTERRAIN,Indian Terrain Fashions Limited,EQ,,5039,2023-09-18T09:15:00.000000+0530,2026-08-28T15:15:00.000000+0530
INDUSINDBK,IndusInd Bank Limited,EQ,Financial Services,5043,2023-09-18T09:15:00.000000+0530,2026-08-28T15:15:00.000000+0530
INDUSTOWER,Indus Towers Limited,EQ,Telecommunication,5043,2023-09-18T09:15:00.000000+0530,2026-08-28T15:15:00.000000+0530
INFOBEAN,InfoBeans Technologies Limited,EQ,,5046,2023-09-18T09:15:00.000000+0530,2026-08-28T15:15:00.000000+0530
INFOMEDIA,Infomedia Press Limited,EQ,,3465,2023-09-18T09:15:00.000000+0530,2026-08-28T15:15:00.000000+0530
INFY,Infosys Limited,EQ,Information Technology,5047,2023-09-18T09:15:00.000000+0530,2026-08-28T14:15:00.000000+0530
INGERRAND,Ingersoll Rand (India) Limited,EQ,,5047,2023-09-18T09:15:00.000000+0530,2026-08-28T15:15:00.000000+0530
INNOVACAP,Innova Captab Limited,EQ,,3422,2024-09-02T09:15:00.000000+0530,2026-08-28T15:15:00.000000+0530
INNOVANA,Innovana Thinklabs Limited,EQ,,2851,2024-12-17T09:15:00.000000+0530,2026-08-28T15:15:00.000000+0530
INNOVISION,Innovision Limited,EQ,,749,2026-03-23T09:15:00.000000+0530,2026-08-28T15:15:00.000000+0530
INOXGREEN,Inox Green Energy Services Limited,EQ,,5050,2023-09-18T09:15:00.000000+0530,2026-08-28T15:15:00.000000+0530
INOXINDIA,INOX India Limited,EQ,,3424,2024-09-02T09:15:00.000000+0530,2026-08-28T15:15:00.000000+0530
INOXWIND,Inox Wind Limited,EQ,Capital Goods,5044,2023-09-18T09:15:00.000000+0530,2026-08-28T15:15:00.000000+0530
INSECTICID,Insecticides (India) Limited,EQ,,5048,2023-09-18T09:15:00.000000+0530,2026-08-28T15:15:00.000000+0530
INSPIRISYS,Inspirisys Solutions Limited,BE,,4283,2023-09-18T09:15:00.000000+0530,2026-08-28T15:15:00.000000+0530
INTELLECT,Intellect Design Arena Limited,EQ,Information Technology,5045,2023-09-18T09:15:00.000000+0530,2026-08-28T15:15:00.000000+0530
INTENTECH,Intense Technologies Limited,EQ,,4995,2023-09-18T09:15:00.000000+0530,2026-08-28T15:15:00.000000+0530
INTERARCH,Interarch Building Solutions Limited,EQ,,3424,2024-09-02T09:15:00.000000+0530,2026-08-28T15:15:00.000000+0530
INTLCONV,International Conveyors Limited,EQ,,5046,2023-09-18T09:15:00.000000+0530,2026-08-28T15:15:00.000000+0530
INVENTURE,Inventure Growth & Securities Limited,EQ,,5025,2023-09-18T09:15:00.000000+0530,2026-08-28T15:15:00.000000+0530
INVPRECQ,Investment & Precision Castings Limited,BE,,54,2026-08-18T09:15:00.000000+0530,2026-08-28T14:15:00.000000+0530
IOB,Indian Overseas Bank,EQ,Financial Services,5046,2023-09-18T09:15:00.000000+0530,2026-08-28T15:15:00.000000+0530
IOC,Indian Oil Corporation Limited,EQ,Oil Gas & Consumable Fuels,5045,2023-09-18T09:15:00.000000+0530,2026-08-28T14:15:00.000000+0530
IOLCP,IOL Chemicals and Pharmaceuticals Limited,EQ,,5046,2023-09-18T09:15:00.000000+0530,2026-08-28T15:15:00.000000+0530
IONEXCHANG,ION Exchange (India) Limited,EQ,,5049,2023-09-18T09:15:00.000000+0530,2026-08-28T15:15:00.000000+0530
IPCALAB,IPCA Laboratories Limited,EQ,Healthcare,5050,2023-09-18T09:15:00.000000+0530,2026-08-28T15:15:00.000000+0530
IPL,India Pesticides Limited,EQ,,5047,2023-09-18T09:15:00.000000+0530,2026-08-28T15:15:00.000000+0530
IPRINGLTD,IP Rings Limited,EQ,,60,2026-08-17T14:15:00.000000+0530,2026-08-28T12:15:00.000000+0530
IRB,IRB Infrastructure Developers Limited,EQ,Construction,5049,2023-09-18T09:15:00.000000+0530,2026-08-28T15:15:00.000000+0530
IRCON,Ircon International Limited,EQ,Construction,5046,2023-09-18T09:15:00.000000+0530,2026-08-28T15:15:00.000000+0530
IRCTC,Indian Railway Catering And Tourism Corporation Limited,EQ,Consumer Services,5049,2023-09-18T09:15:00.000000+0530,2026-08-28T15:15:00.000000+0530
IREDA,Indian Renewable Energy Development Agency Limited,EQ,Financial Services,3421,2024-09-02T09:15:00.000000+0530,2026-08-28T15:15:00.000000+0530
IRFC,Indian Railway Finance Corporation Limited,EQ,Financial Services,5046,2023-09-18T09:15:00.000000+0530,2026-08-28T15:15:00.000000+0530
IRIS,IRIS RegTech Solutions Limited,EQ,,4745,2023-09-18T09:15:00.000000+0530,2026-08-28T15:15:00.000000+0530
IRISDOREME,Iris Clothings Limited,EQ,,5046,2023-09-18T09:15:00.000000+0530,2026-08-28T15:15:00.000000+0530
IRMENERGY,IRM Energy Limited,EQ,,3426,2024-09-02T09:15:00.000000+0530,2026-08-28T15:15:00.000000+0530
ISFT,Intrasoft Technologies Limited,EQ,,5043,2023-09-18T09:15:00.000000+0530,2026-08-28T15:15:00.000000+0530
ISGEC,Isgec Heavy Engineering Limited,EQ,,5049,2023-09-18T09:15:00.000000+0530,2026-08-28T15:15:00.000000+0530
ISHANCH,Ishan Dyes and Chemicals Limited,EQ,,2345,2025-03-25T09:15:00.000000+0530,2026-08-28T15:15:00.000000+0530
ISTLTD,I S T Limited,EQ,,50,2026-08-18T09:15:00.000000+0530,2026-08-28T15:15:00.000000+0530
ITC,ITC Limited,EQ,Fast Moving Consumer Goods,5047,2023-09-18T09:15:00.000000+0530,2026-08-28T15:15:00.000000+0530
ITCHOTELS,ITC Hotels Limited,EQ,Consumer Services,2710,2025-01-29T09:15:00.000000+0530,2026-08-28T15:15:00.000000+0530
ITDC,India Tourism Development Corporation Limited,EQ,,5049,2023-09-18T09:15:00.000000+0530,2026-08-28T15:15:00.000000+0530
ITI,ITI Limited,EQ,Telecommunication,5049,2023-09-18T09:15:00.000000+0530,2026-08-28T15:15:00.000000+0530
ITL,ITL Industries Limited,EQ,,60,2026-08-18T09:15:00.000000+0530,2026-08-28T15:15:00.000000+0530
IVALUE,Ivalue Infosolutions Limited,EQ,,1577,2025-09-25T09:15:00.000000+0530,2026-08-28T15:15:00.000000+0530
IVC,IL&FS Investment Managers Limited,EQ,,5049,2023-09-18T09:15:00.000000+0530,2026-08-28T15:15:00.000000+0530
IVP,IVP Limited,BE,,4957,2023-09-18T09:15:00.000000+0530,2026-08-28T15:15:00.000000+0530
IWP,The Indian Wood Products Company Limited,EQ,,60,2026-08-18T09:15:00.000000+0530,2026-08-28T15:15:00.000000+0530
IXIGO,Le Travenues Technology Limited,EQ,,3424,2024-09-02T09:15:00.000000+0530,2026-08-28T15:15:00.000000+0530
IZMO,IZMO Limited,EQ,,4803,2023-09-18T09:15:00.000000+0530,2026-08-28T15:15:00.000000+0530
J&KBANK,The Jammu & Kashmir Bank Limited,EQ,Financial Services,5047,2023-09-18T09:15:00.000000+0530,2026-08-28T15:15:00.000000+0530
JAGRAN,Jagran Prakashan Limited,EQ,,5049,2023-09-18T09:15:00.000000+0530,2026-08-28T15:15:00.000000+0530
JAGSNPHARM,Jagsonpal Pharmaceuticals Limited,EQ,,5050,2023-09-18T09:15:00.000000+0530,2026-08-28T15:15:00.000000+0530
JAIBALAJI,Jai Balaji Industries Limited,EQ,,5049,2023-09-18T09:15:00.000000+0530,2026-08-28T15:15:00.000000+0530
JAICORPLTD,Jai Corp Limited,EQ,,5049,2023-09-18T09:15:00.000000+0530,2026-08-28T15:15:00.000000+0530
JAINREC,Jain Resource Recycling Limited,EQ,Metals & Mining,1535,2025-10-06T09:15:00.000000+0530,2026-08-28T15:15:00.000000+0530
JAIPURKURT,Nandani Creation Limited,EQ,,4905,2023-09-18T09:15:00.000000+0530,2026-08-28T15:15:00.000000+0530
JAMNAAUTO,Jamna Auto Industries Limited,EQ,,5046,2023-09-18T09:15:00.000000+0530,2026-08-28T15:15:00.000000+0530
JARO,Jaro Institute of Technology Management and Research Limited,EQ,,1557,2025-09-30T09:15:00.000000+0530,2026-08-28T15:15:00.000000+0530
JASH,Jash Engineering Limited,EQ,,5046,2023-09-18T09:15:00.000000+0530,2026-08-28T15:15:00.000000+0530
JAYAGROGN,Jayant Agro Organics Limited,EQ,,5041,2023-09-18T09:15:00.000000+0530,2026-08-28T15:15:00.000000+0530
JAYBARMARU,Jay Bharat Maruti Limited,EQ,,5049,2023-09-18T09:15:00.000000+0530,2026-08-28T15:15:00.000000+0530
JAYKAY,Jaykay Enterprises Limited,EQ,,1261,2025-12-03T09:15:00.000000+0530,2026-08-28T15:15:00.000000+0530
JAYNECOIND,Jayaswal Neco Industries Limited,EQ,,5049,2023-09-18T09:15:00.000000+0530,2026-08-28T15:15:00.000000+0530
JAYSREETEA,Jayshree Tea & Industries Limited,EQ,,5049,2023-09-18T09:15:00.000000+0530,2026-08-28T15:15:00.000000+0530
JBMA,JBM Auto Limited,EQ,Automobile and Auto Components,5049,2023-09-18T09:15:00.000000+0530,2026-08-28T15:15:00.000000+0530
JENBURPH,Jenburkt Pharmaceuticals Limited,EQ,,60,2026-08-18T09:15:00.000000+0530,2026-08-28T15:15:00.000000+0530
JETFREIGHT,Jet Freight Logistics Limited,EQ,,5044,2023-09-18T09:15:00.000000+0530,2026-08-28T15:15:00.000000+0530
JGCHEM,J.G.Chemicals Limited,EQ,,3424,2024-09-02T09:15:00.000000+0530,2026-08-28T15:15:00.000000+0530
JHS,JHS Svendgaard Laboratories Limited,EQ,,4915,2023-09-18T09:15:00.000000+0530,2026-08-28T15:15:00.000000+0530
JINDALPHOT,Jindal Photo Limited,EQ,,4992,2023-09-18T09:15:00.000000+0530,2026-08-28T15:15:00.000000+0530
JINDALPOLY,Jindal Poly Films Limited,EQ,,5048,2023-09-18T09:15:00.000000+0530,2026-08-28T15:15:00.000000+0530
JINDALSAW,Jindal Saw Limited,EQ,Capital Goods,5049,2023-09-18T09:15:00.000000+0530,2026-08-28T15:15:00.000000+0530
JINDALSTEL,JINDAL STEEL LIMITED,EQ,Metals & Mining,5042,2023-09-18T09:15:00.000000+0530,2026-08-28T14:15:00.000000+0530
JINDRILL,Jindal Drilling And Industries Limited,EQ,,5049,2023-09-18T09:15:00.000000+0530,2026-08-28T15:15:00.000000+0530
JINDWORLD,Jindal Worldwide Limited,EQ,,5050,2023-09-18T09:15:00.000000+0530,2026-08-28T15:15:00.000000+0530
JIOFIN,Jio Financial Services Limited,EQ,Financial Services,5049,2023-09-18T09:15:00.000000+0530,2026-08-28T14:15:00.000000+0530
JISLDVREQS,Jain Irrigation Systems Limited,EQ,,5019,2023-09-18T09:15:00.000000+0530,2026-08-28T15:15:00.000000+0530
JISLJALEQS,Jain Irrigation Systems Limited,EQ,,5050,2023-09-18T09:15:00.000000+0530,2026-08-28T15:15:00.000000+0530
JITFINFRA,JITF Infralogistics Limited,EQ,,4901,2023-09-18T09:15:00.000000+0530,2026-08-28T15:15:00.000000+0530
JKCEMENT,JK Cement Limited,EQ,Construction Materials,5048,2023-09-18T09:15:00.000000+0530,2026-08-28T15:15:00.000000+0530
JKIL,J.Kumar Infraprojects Limited,EQ,,5049,2023-09-18T09:15:00.000000+0530,2026-08-28T15:15:00.000000+0530
JKIPL,Jinkushal Industries Limited,EQ,,1537,2025-10-03T09:15:00.000000+0530,2026-08-28T15:15:00.000000+0530
JKLAKSHMI,JK Lakshmi Cement Limited,EQ,,5049,2023-09-18T09:15:00.000000+0530,2026-08-28T15:15:00.000000+0530
JKPAPER,JK Paper Limited,EQ,,5048,2023-09-18T09:15:00.000000+0530,2026-08-28T15:15:00.000000+0530
JKTYRE,JK Tyre & Industries Limited,EQ,Automobile and Auto Components,5049,2023-09-18T09:15:00.000000+0530,2026-08-28T15:15:00.000000+0530
JLHL,Jupiter Life Line Hospitals Limited,EQ,,5050,2023-09-18T09:15:00.000000+0530,2026-08-28T15:15:00.000000+0530
JMA,Jullundur Motor Agency (Delhi) Limited,EQ,,5034,2023-09-18T09:15:00.000000+0530,2026-08-28T15:15:00.000000+0530
JMFINANCIL,JM Financial Limited,EQ,Financial Services,5049,2023-09-18T09:15:00.000000+0530,2026-08-28T15:15:00.000000+0530
JNKINDIA,JNK India Limited,EQ,,3426,2024-09-02T09:15:00.000000+0530,2026-08-28T15:15:00.000000+0530
JNPR,Juniper Green Energy Limited,EQ,,119,2026-08-06T09:15:00.000000+0530,2026-08-28T15:15:00.000000+0530
JOCIL,Jocil Limited,BE,,4843,2023-09-18T09:15:00.000000+0530,2026-08-28T14:15:00.000000+0530
JPOLYINVST,Jindal Poly Investment and Finance Company Limited,EQ,,5049,2023-09-18T09:15:00.000000+0530,2026-08-28T15:15:00.000000+0530
JPPOWER,Jaiprakash Power Ventures Limited,EQ,Power,5049,2023-09-18T09:15:00.000000+0530,2026-08-28T15:15:00.000000+0530
JSFB,Jana Small Finance Bank Limited,EQ,,3425,2024-09-02T09:15:00.000000+0530,2026-08-28T15:15:00.000000+0530
JSL,Jindal Stainless Limited,EQ,Metals & Mining,5049,2023-09-18T09:15:00.000000+0530,2026-08-28T15:15:00.000000+0530
JSLL,Jeena Sikho Lifecare Limited,EQ,,1795,2025-08-11T09:15:00.000000+0530,2026-08-28T15:15:00.000000+0530
JSWCEMENT,JSW Cement Limited,EQ,Construction Materials,1771,2025-08-14T09:15:00.000000+0530,2026-08-28T15:15:00.000000+0530
JSWDULUX,JSW Dulux Limited,EQ,Consumer Durables,658,2026-04-15T09:15:00.000000+0530,2026-08-28T15:15:00.000000+0530
JSWENERGY,JSW Energy Limited,EQ,Power,5046,2023-09-18T09:15:00.000000+0530,2026-08-28T15:15:00.000000+0530
JSWHL,JSW Holdings Limited,EQ,,5049,2023-09-18T09:15:00.000000+0530,2026-08-28T15:15:00.000000+0530
JSWINFRA,JSW Infrastructure Limited,EQ,Services,3425,2024-09-02T09:15:00.000000+0530,2026-08-28T15:15:00.000000+0530
JSWSTEEL,JSW Steel Limited,EQ,Metals & Mining,5036,2023-09-18T09:15:00.000000+0530,2026-08-28T15:15:00.000000+0530
JTEKTINDIA,Jtekt India Limited,EQ,,5047,2023-09-18T09:15:00.000000+0530,2026-08-28T15:15:00.000000+0530
JTLIND,JTL INDUSTRIES LIMITED,EQ,,5047,2023-09-18T09:15:00.000000+0530,2026-08-28T15:15:00.000000+0530
JUBLCPL,Jubilant Agri and Consumer Products Limited,EQ,,2618,2025-02-14T09:15:00.000000+0530,2026-08-28T15:15:00.000000+0530
JUBLFOOD,Jubilant Foodworks Limited,EQ,Consumer Services,5043,2023-09-18T09:15:00.000000+0530,2026-08-28T15:15:00.000000+0530
JUBLINGREA,Jubilant Ingrevia Limited,EQ,Chemicals,5049,2023-09-18T09:15:00.000000+0530,2026-08-28T15:15:00.000000+0530
JUBLPHARMA,Jubilant Pharmova Limited,EQ,Healthcare,5048,2023-09-18T09:15:00.000000+0530,2026-08-28T15:15:00.000000+0530
JUNIPER,Juniper Hotels Limited,EQ,,3426,2024-09-02T09:15:00.000000+0530,2026-08-28T15:15:00.000000+0530
JUSTDIAL,Just Dial Limited,EQ,,5049,2023-09-18T09:15:00.000000+0530,2026-08-28T15:15:00.000000+0530
JWL,Jupiter Wagons Limited,EQ,Capital Goods,5049,2023-09-18T09:15:00.000000+0530,2026-08-28T15:15:00.000000+0530
JYOTHYLAB,Jyothy Labs Limited,EQ,,5046,2023-09-18T09:15:00.000000+0530,2026-08-28T15:15:00.000000+0530
JYOTICNC,Jyoti CNC Automation Limited,EQ,Capital Goods,3426,2024-09-02T09:15:00.000000+0530,2026-08-28T15:15:00.000000+0530
JYOTIRES,Jyoti Resins & Adhesives Limited,EQ,,63,2026-08-18T09:15:00.000000+0530,2026-08-28T15:15:00.000000+0530
JYOTISTRUC,Jyoti Structures Limited,EQ,,4966,2023-09-18T09:15:00.000000+0530,2026-08-28T15:15:00.000000+0530
KABRAEXTRU,Kabra Extrusion Technik Limited,EQ,,5049,2023-09-18T09:15:00.000000+0530,2026-08-28T15:15:00.000000+0530
KAJARIACER,Kajaria Ceramics Limited,EQ,Consumer Durables,5050,2023-09-18T09:15:00.000000+0530,2026-08-28T15:15:00.000000+0530
KAKATCEM,Kakatiya Cement Sugar & Industries Limited,EQ,,4913,2023-09-18T09:15:00.000000+0530,2026-08-28T15:15:00.000000+0530
KALAMANDIR,Sai Silks (Kalamandir) Limited,EQ,,3425,2024-09-02T09:15:00.000000+0530,2026-08-28T15:15:00.000000+0530
KALPATARU,Kalpataru Limited,EQ,,1997,2025-07-01T09:15:00.000000+0530,2026-08-28T15:15:00.000000+0530
KALYANI,Kalyani Commercials Limited,BE,,4,2025-07-02T09:15:00.000000+0530,2026-08-28T10:15:00.000000+0530
KALYANIFRG,Kalyani Forge Limited,EQ,,4823,2023-09-18T09:15:00.000000+0530,2026-08-28T15:15:00.000000+0530
KALYANKJIL,Kalyan Jewellers India Limited,EQ,Consumer Durables,5047,2023-09-18T09:15:00.000000+0530,2026-08-28T14:15:00.000000+0530
KAMAHOLD,Kama Holdings Limited,EQ,,63,2026-08-18T09:15:00.000000+0530,2026-08-28T15:15:00.000000+0530
KAMANWALA,Kamanwala Housing Construction Limited,EQ,,54,2026-08-18T09:15:00.000000+0530,2026-08-28T15:15:00.000000+0530
KAMATHOTEL,Kamat Hotels (I) Limited,EQ,,5049,2023-09-18T09:15:00.000000+0530,2026-08-28T15:15:00.000000+0530
KAMDHENU,Kamdhenu Limited,BE,,5048,2023-09-18T09:15:00.000000+0530,2026-08-28T15:15:00.000000+0530
KAMOPAINTS,Kamdhenu Ventures Limited,EQ,,4963,2023-09-18T09:15:00.000000+0530,2026-08-28T15:15:00.000000+0530
KANANIIND,Kanani Industries Limited,EQ,,5025,2023-09-18T09:15:00.000000+0530,2026-08-28T15:15:00.000000+0530
KANCHI,Kanchi Karpooram Limited,EQ,,55,2026-08-18T10:15:00.000000+0530,2026-08-28T15:15:00.000000+0530
KANCOTEA,Kanco Tea & Industries Limited,EQ,,31,2026-08-18T09:15:00.000000+0530,2026-08-28T14:15:00.000000+0530
KANORICHEM,Kanoria Chemicals & Industries Limited,BE,,5036,2023-09-18T09:15:00.000000+0530,2026-08-28T15:15:00.000000+0530
KANPRPLA,Kanpur Plastipack Limited,EQ,,5026,2023-09-18T09:15:00.000000+0530,2026-08-28T15:15:00.000000+0530
KANSAINER,Kansai Nerolac Paints Limited,EQ,,5050,2023-09-18T09:15:00.000000+0530,2026-08-28T15:15:00.000000+0530
KAPSTON,Kapston Services Limited,EQ,,4969,2023-09-18T09:15:00.000000+0530,2026-08-28T15:15:00.000000+0530
KARMAENG,Karma Energy Limited,EQ,,4808,2023-09-18T09:15:00.000000+0530,2026-08-28T15:15:00.000000+0530
KARURVYSYA,Karur Vysya Bank Limited,EQ,Financial Services,5046,2023-09-18T09:15:00.000000+0530,2026-08-28T15:15:00.000000+0530
KAUSHALYA,Kaushalya Infrastructure Development Corporation Limited,BE,,4575,2023-09-18T09:15:00.000000+0530,2026-08-28T14:15:00.000000+0530
KAVDEFENCE,Kavveri Defence & Wireless Technologies Limited,EQ,,1923,2025-06-23T09:15:00.000000+0530,2026-08-28T15:15:00.000000+0530
KAYA,Kaya Limited,BE,,4871,2023-09-18T09:15:00.000000+0530,2026-08-28T15:15:00.000000+0530
KAYNES,Kaynes Technology India Limited,EQ,Capital Goods,5042,2023-09-18T09:15:00.000000+0530,2026-08-28T14:15:00.000000+0530
KCP,KCP Limited,EQ,,5046,2023-09-18T09:15:00.000000+0530,2026-08-28T15:15:00.000000+0530
KCPSUGIND,KCP Sugar and Industries Corporation Limited,BE,,4982,2023-09-18T09:15:00.000000+0530,2026-08-28T15:15:00.000000+0530
KDDL,KDDL Limited,EQ,,5050,2023-09-18T09:15:00.000000+0530,2026-08-28T15:15:00.000000+0530
KEC,KEC International Limited,EQ,Construction,5049,2023-09-18T09:15:00.000000+0530,2026-08-28T15:15:00.000000+0530
KECL,Kirloskar Electric Company Limited,EQ,,4996,2023-09-18T09:15:00.000000+0530,2026-08-28T15:15:00.000000+0530
KEEPLEARN,DSJ Keep Learning Limited,EQ,,4563,2023-09-18T09:15:00.000000+0530,2026-08-28T15:15:00.000000+0530
KEI,KEI Industries Limited,EQ,Capital Goods,5040,2023-09-18T09:15:00.000000+0530,2026-08-28T14:15:00.000000+0530
KELLTONTEC,Kellton Tech Solutions Limited,EQ,,221,2025-09-16T09:15:00.000000+0530,2026-08-28T15:15:00.000000+0530
KENNAMET,Kennametal India Limited,EQ,,812,2023-09-18T09:15:00.000000+0530,2026-08-28T15:15:00.000000+0530
KERNEX,Kernex Microsystems (India) Limited,EQ,,5048,2023-09-18T09:15:00.000000+0530,2026-08-28T15:15:00.000000+0530
KESORAMIND,Kesoram Industries Limited,BE,,4830,2023-09-18T09:15:00.000000+0530,2026-08-28T14:15:00.000000+0530
KEYFINSERV,Keynote Financial Services Limited,EQ,,4843,2023-09-18T09:15:00.000000+0530,2026-08-28T15:15:00.000000+0530
KFINTECH,Kfin Technologies Limited,EQ,Financial Services,5044,2023-09-18T09:15:00.000000+0530,2026-08-28T15:15:00.000000+0530
KHADIM,Khadim India Limited,BE,,5046,2023-09-18T09:15:00.000000+0530,2026-08-28T15:15:00.000000+0530
KHAICHEM,Khaitan Chemicals & Fertilizers Limited,EQ,,5001,2023-09-18T09:15:00.000000+0530,2026-08-28T15:15:00.000000+0530
KHAITANLTD,Khaitan (India) Limited,EQ,,4674,2023-09-18T09:15:00.000000+0530,2026-08-28T15:15:00.000000+0530
KHANDSE,Khandwala Securities Limited,EQ,,4654,2023-09-18T09:15:00.000000+0530,2026-08-28T15:15:00.000000+0530
KICL,Kalyani Investment Company Limited,EQ,,5046,2023-09-18T09:15:00.000000+0530,2026-08-28T15:15:00.000000+0530
KILITCH,Kilitch Drugs (India) Limited,BE,,4924,2023-09-18T09:15:00.000000+0530,2026-08-28T15:15:00.000000+0530
KIMS,Krishna Institute of Medical Sciences Limited,EQ,Healthcare,5049,2023-09-18T09:15:00.000000+0530,2026-08-28T15:15:00.000000+0530
KINGFA,Kingfa Science & Technology (India) Limited,EQ,,5050,2023-09-18T09:15:00.000000+0530,2026-08-28T15:15:00.000000+0530
KIOCL,KIOCL Limited,EQ,,5049,2023-09-18T09:15:00.000000+0530,2026-08-28T15:15:00.000000+0530
KIRANVYPAR,Kiran Vyapar Limited,EQ,,49,2026-08-18T10:15:00.000000+0530,2026-08-28T15:15:00.000000+0530
KIRIINDUS,Kiri Industries Limited,EQ,,5048,2023-09-18T09:15:00.000000+0530,2026-08-28T15:15:00.000000+0530
KIRLFER,Kirloskar Ferrous Industries Limited,EQ,,812,2023-09-18T09:15:00.000000+0530,2026-08-28T15:15:00.000000+0530
KIRLOSBROS,Kirloskar Brothers Limited,EQ,,5050,2023-09-18T09:15:00.000000+0530,2026-08-28T15:15:00.000000+0530
KIRLOSENG,Kirloskar Oil Engines Limited,EQ,Capital Goods,5048,2023-09-18T09:15:00.000000+0530,2026-08-28T15:15:00.000000+0530
KIRLOSIND,Kirloskar Industries Limited,EQ,,5049,2023-09-18T09:15:00.000000+0530,2026-08-28T15:15:00.000000+0530
KIRLPNU,Kirloskar Pneumatic Company Limited,EQ,,5050,2023-09-18T09:15:00.000000+0530,2026-08-28T15:15:00.000000+0530
KISSHT,OnEMI Technology Solutions Limited,EQ,,550,2026-05-08T09:15:00.000000+0530,2026-08-28T15:15:00.000000+0530
KITEX,Kitex Garments Limited,EQ,,5049,2023-09-18T09:15:00.000000+0530,2026-08-28T15:15:00.000000+0530
KJMCFIN,KJMC Financial Services Limited,EQ,,51,2026-08-18T09:15:00.000000+0530,2026-08-28T15:15:00.000000+0530
KKCL,Kewal Kiran Clothing Limited,EQ,,5050,2023-09-18T09:15:00.000000+0530,2026-08-28T15:15:00.000000+0530
KLBRENG-B,Kilburn Engineering Limited,EQ,,63,2026-08-18T09:15:00.000000+0530,2026-08-28T15:15:00.000000+0530
KMCSHIL,K M C Speciality Hospitals (India) Limited,EQ,,63,2026-08-18T09:15:00.000000+0530,2026-08-28T15:15:00.000000+0530
KMEW,Knowledge Marine & Engineering Works Limited,EQ,,2971,2024-12-06T09:15:00.000000+0530,2026-08-28T15:15:00.000000+0530
KMSUGAR,K.M.Sugar Mills Limited,EQ,,5050,2023-09-18T09:15:00.000000+0530,2026-08-28T15:15:00.000000+0530
KNACK,Knack Packaging Limited,EQ,,263,2026-07-08T09:15:00.000000+0530,2026-08-28T15:15:00.000000+0530
KNAGRI,KN Agri Resources Limited,EQ,,1204,2025-12-09T09:15:00.000000+0530,2026-08-28T15:15:00.000000+0530
KNRCON,KNR Constructions Limited,EQ,,5048,2023-09-18T09:15:00.000000+0530,2026-08-28T15:15:00.000000+0530
KOHINOOR,Kohinoor Foods Limited,EQ,,5049,2023-09-18T09:15:00.000000+0530,2026-08-28T15:15:00.000000+0530
KOKUYOCMLN,Kokuyo Camlin Limited,EQ,,5048,2023-09-18T09:15:00.000000+0530,2026-08-28T15:15:00.000000+0530
KOLTEPATIL,Kolte - Patil Developers Limited,EQ,,5051,2023-09-18T09:15:00.000000+0530,2026-08-28T15:15:00.000000+0530
KOPRAN,Kopran Limited,BE,,5050,2023-09-18T09:15:00.000000+0530,2026-08-28T15:15:00.000000+0530
KOTAKBANK,Kotak Mahindra Bank Limited,EQ,Financial Services,5045,2023-09-18T09:15:00.000000+0530,2026-08-28T15:15:00.000000+0530
KOTARISUG,Kothari Sugars And Chemicals Limited,BE,,5050,2023-09-18T09:15:00.000000+0530,2026-08-28T15:15:00.000000+0530
KOTHARIPET,Kothari Petrochemicals Limited,EQ,,5048,2023-09-18T09:15:00.000000+0530,2026-08-28T15:15:00.000000+0530
KOTHARIPRO,Kothari Products Limited,EQ,,5029,2023-09-18T09:15:00.000000+0530,2026-08-28T15:15:00.000000+0530
KOTIC,Kothari Industrial Corporation Limited,EQ,,63,2026-08-18T09:15:00.000000+0530,2026-08-28T15:15:00.000000+0530
KOTYARK,Kotyark Industries Limited,BE,,797,2026-03-12T09:15:00.000000+0530,2026-08-28T15:15:00.000000+0530
KOVAI,Kovai Medical Center & Hospital Limited,EQ,,812,2023-09-18T09:15:00.000000+0530,2026-08-28T15:15:00.000000+0530
KPEL,K.P. Energy Limited,EQ,,3047,2024-11-21T09:15:00.000000+0530,2026-08-28T15:15:00.000000+0530
KPIGREEN,KPI Green Energy Limited,EQ,,5049,2023-09-18T09:15:00.000000+0530,2026-08-28T15:15:00.000000+0530
KPIL,Kalpataru Projects International Limited,EQ,Construction,5049,2023-09-18T09:15:00.000000+0530,2026-08-28T15:15:00.000000+0530
KPITTECH,KPIT Technologies Limited,EQ,Information Technology,5044,2023-09-18T09:15:00.000000+0530,2026-08-28T15:15:00.000000+0530
KPL,Kwality Pharmaceuticals Limited,EQ,,63,2026-08-18T09:15:00.000000+0530,2026-08-28T15:15:00.000000+0530
KPRMILL,K.P.R. Mill Limited,EQ,Textiles,5050,2023-09-18T09:15:00.000000+0530,2026-08-28T15:15:00.000000+0530
KRBL,KRBL Limited,EQ,,5047,2023-09-18T09:15:00.000000+0530,2026-08-28T15:15:00.000000+0530
KREBSBIO,Krebs Biochemicals and Industries Limited,EQ,,4706,2023-09-18T09:15:00.000000+0530,2026-08-28T15:15:00.000000+0530
KRIDHANINF,Kridhan Infra Limited,BE,,4708,2023-09-18T09:15:00.000000+0530,2026-08-28T14:15:00.000000+0530
KRISHANA,Krishana Phoschem Limited,EQ,,5049,2023-09-18T09:15:00.000000+0530,2026-08-28T15:15:00.000000+0530
KRISHIVAL,Krishival Foods Limited,EQ,,1961,2025-06-20T09:15:00.000000+0530,2026-08-28T15:15:00.000000+0530
KRISHNADEF,Krishna Defence And Allied Industries Limited,EQ,,1134,2025-12-30T09:15:00.000000+0530,2026-08-28T15:15:00.000000+0530
KRITI,Kriti Industries (India) Limited,EQ,,4959,2023-09-18T09:15:00.000000+0530,2026-08-28T15:15:00.000000+0530
KRITIKA,Kritika Wires Limited,EQ,,4831,2023-09-18T09:15:00.000000+0530,2026-08-28T15:15:00.000000+0530
KRITINUT,Kriti Nutrients Limited,EQ,,5014,2023-09-18T09:15:00.000000+0530,2026-08-28T15:15:00.000000+0530
KRN,KRN Heat Exchanger and Refrigeration Limited,EQ,,3270,2024-10-03T09:15:00.000000+0530,2026-08-28T15:15:00.000000+0530
KRONOX,Kronox Lab Sciences Limited,BE,,3423,2024-09-02T09:15:00.000000+0530,2026-08-28T15:15:00.000000+0530
KROSS,Kross Limited,EQ,,3355,2024-09-16T09:15:00.000000+0530,2026-08-28T15:15:00.000000+0530
KRSNAA,Krsnaa Diagnostics Limited,EQ,,5047,2023-09-18T09:15:00.000000+0530,2026-08-28T15:15:00.000000+0530
KRYSTAL,Krystal Integrated Services Limited,EQ,,3423,2024-09-02T09:15:00.000000+0530,2026-08-28T15:15:00.000000+0530
KSB,Ksb Limited,EQ,,5049,2023-09-18T09:15:00.000000+0530,2026-08-28T15:15:00.000000+0530
KSCL,Kaveri Seed Company Limited,EQ,,5050,2023-09-18T09:15:00.000000+0530,2026-08-28T15:15:00.000000+0530
KSE,KSE Limited,EQ,,70,2026-08-17T09:15:00.000000+0530,2026-08-28T15:15:00.000000+0530
KSHINTL,KSH International Limited,EQ,,1162,2025-12-23T09:15:00.000000+0530,2026-08-28T15:15:00.000000+0530
KSHITIJ-RE,Kshitij Polyline Ltd-RE,BE,,14,2026-08-27T09:15:00.000000+0530,2026-08-28T15:15:00.000000+0530
KSHITIJPOL,Kshitij Polyline Limited,EQ,,4976,2023-09-18T09:15:00.000000+0530,2026-08-28T15:15:00.000000+0530
KSL,Kalyani Steels Limited,EQ,,5050,2023-09-18T09:15:00.000000+0530,2026-08-28T15:15:00.000000+0530
KSOLVES,Ksolves India Limited,EQ,,5050,2023-09-18T09:15:00.000000+0530,2026-08-28T15:15:00.000000+0530
KSR,KSR Footwear Limited,EQ,,1222,2025-11-27T09:15:00.000000+0530,2026-08-28T15:15:00.000000+0530
KTKBANK,The Karnataka Bank Limited,EQ,,5048,2023-09-18T09:15:00.000000+0530,2026-08-28T15:15:00.000000+0530
KUANTUM,Kuantum Papers Limited,EQ,,5050,2023-09-18T09:15:00.000000+0530,2026-08-28T15:15:00.000000+0530
KUSUMGAR,Kusumgar Limited,EQ,,228,2026-07-15T09:15:00.000000+0530,2026-08-28T15:15:00.000000+0530
KWIL,Kwality Wall's (India) Limited,EQ,,917,2026-02-16T09:15:00.000000+0530,2026-08-28T15:15:00.000000+0530
LADDERUP,Ladderup Finance Limited,EQ,,27,2026-08-18T09:15:00.000000+0530,2026-08-28T14:15:00.000000+0530
LAGNAM,Lagnam Spintex Limited,EQ,,4946,2023-09-18T09:15:00.000000+0530,2026-08-28T15:15:00.000000+0530
LAHOTIOV,Lahoti Overseas Limited,EQ,,42,2026-08-18T09:15:00.000000+0530,2026-08-28T14:15:00.000000+0530
LAKPRE,Lakshmi Precision Screws Limited,BZ,,1586,2023-09-18T09:15:00.000000+0530,2026-08-28T15:15:00.000000+0530
LAKSHMIMIL,Lakshmi Mills Company Limited,EQ,,39,2026-08-18T09:15:00.000000+0530,2026-08-28T12:15:00.000000+0530
LAL,Lorenzini Apparels Limited,EQ,,4805,2023-09-18T09:15:00.000000+0530,2026-08-28T15:15:00.000000+0530
LALITHAA,Lalithaa Jewellery Mart Limited,EQ,,35,2026-08-24T09:15:00.000000+0530,2026-08-28T15:15:00.000000+0530
LALPATHLAB,Dr. Lal Path Labs Ltd.,EQ,Healthcare,5049,2023-09-18T09:15:00.000000+0530,2026-08-28T15:15:00.000000+0530
LAMBODHARA,Lambodhara Textiles Limited,EQ,,5028,2023-09-18T09:15:00.000000+0530,2026-08-28T15:15:00.000000+0530
LANCER,Lancer Container Lines Limited,EQ,,64,2026-08-17T15:15:00.000000+0530,2026-08-28T15:15:00.000000+0530
LANCORHOL,Lancor Holdings Limited,EQ,,3401,2024-09-02T09:15:00.000000+0530,2026-08-28T15:15:00.000000+0530
LANDMARK,Landmark Cars Limited,EQ,,5048,2023-09-18T09:15:00.000000+0530,2026-08-28T15:15:00.000000+0530
LANDSMILL,Landsmill Green Limited,EQ,,707,2026-04-02T09:15:00.000000+0530,2026-08-28T15:15:00.000000+0530
LAOPALA,La Opala RG Limited,EQ,,5048,2023-09-18T09:15:00.000000+0530,2026-08-28T15:15:00.000000+0530
LASA,Lasa Supergenerics Limited,EQ,,4916,2023-09-18T09:15:00.000000+0530,2026-08-28T15:15:00.000000+0530
LASERPOWER,Laser Power & Infra Limited,EQ,,221,2026-07-16T09:15:00.000000+0530,2026-08-28T15:15:00.000000+0530
LATENTVIEW,Latent View Analytics Limited,EQ,Information Technology,5049,2023-09-18T09:15:00.000000+0530,2026-08-28T15:15:00.000000+0530
LATTEYS,Latteys Industries Limited,EQ,,4747,2023-09-18T09:15:00.000000+0530,2026-08-28T15:15:00.000000+0530
LAURUSLABS,Laurus Labs Limited,EQ,Healthcare,5045,2023-09-18T09:15:00.000000+0530,2026-08-28T15:15:00.000000+0530
LAXMICOT,Laxmi Cotspin Limited,EQ,,4987,2023-09-18T09:15:00.000000+0530,2026-08-28T15:15:00.000000+0530
LAXMIDENTL,Laxmi Dental Limited,EQ,,2759,2025-01-20T09:15:00.000000+0530,2026-08-28T15:15:00.000000+0530
LAXMIINDIA,Laxmi India Finance Limited,EQ,,1823,2025-08-05T09:15:00.000000+0530,2026-08-28T15:15:00.000000+0530
LCCINFOTEC,LCC Infotech Limited,EQ,,4469,2023-09-18T09:15:00.000000+0530,2026-08-28T15:15:00.000000+0530
LCL,Lohia Corp Limited,EQ,,154,2026-07-30T09:15:00.000000+0530,2026-08-28T15:15:00.000000+0530
LEAPIND,LEAP India Limited,EQ,,77,2026-08-14T09:15:00.000000+0530,2026-08-28T15:15:00.000000+0530
LEENEE,Lee & Nee Softwares Exports Limited,EQ,,62,2026-08-18T09:15:00.000000+0530,2026-08-28T15:15:00.000000+0530
LEMERITE,Le Merite Exports Limited,EQ,,1204,2025-12-12T09:15:00.000000+0530,2026-08-28T15:15:00.000000+0530
LEMONTREE,Lemon Tree Hotels Limited,EQ,Consumer Services,5047,2023-09-18T09:15:00.000000+0530,2026-08-28T15:15:00.000000+0530
LENSKART,Lenskart Solutions Limited,EQ,Consumer Services,1379,2025-11-10T09:15:00.000000+0530,2026-08-28T15:15:00.000000+0530
LEXUS,Lexus Granito (India) Limited,EQ,,4906,2023-09-18T09:15:00.000000+0530,2026-08-28T15:15:00.000000+0530
LFIC,Lakshmi Finance & Industrial Corporation Limited,EQ,,4728,2023-09-18T09:15:00.000000+0530,2026-08-28T15:15:00.000000+0530
LGBBROSLTD,LG Balakrishnan & Bros Limited,EQ,,5049,2023-09-18T09:15:00.000000+0530,2026-08-28T15:15:00.000000+0530
LGEINDIA,LG Electronics India Limited,EQ,Consumer Durables,1493,2025-10-14T09:15:00.000000+0530,2026-08-28T15:15:00.000000+0530
LGHL,Laxmi Goldorna House Limited,EQ,,4480,2023-11-10T10:15:00.000000+0530,2026-08-28T15:15:00.000000+0530
LIBAS,Libas Consumer Products Limited,EQ,,5040,2023-09-18T09:15:00.000000+0530,2026-08-28T15:15:00.000000+0530
LIBERTSHOE,Liberty Shoes Limited,EQ,,5046,2023-09-18T09:15:00.000000+0530,2026-08-28T15:15:00.000000+0530
LICHSGFIN,LIC Housing Finance Limited,EQ,Financial Services,5048,2023-09-18T09:15:00.000000+0530,2026-08-28T15:15:00.000000+0530
LICI,Life Insurance Corporation Of India,EQ,Financial Services,5047,2023-09-18T09:15:00.000000+0530,2026-08-28T14:15:00.000000+0530
LIKHITHA,Likhitha Infrastructure Limited,EQ,,5049,2023-09-18T09:15:00.000000+0530,2026-08-28T15:15:00.000000+0530
LINC,Linc Limited,EQ,,5048,2023-09-18T09:15:00.000000+0530,2026-08-28T15:15:00.000000+0530
LINCOLN,Lincoln Pharmaceuticals Limited,EQ,,5050,2023-09-18T09:15:00.000000+0530,2026-08-28T15:15:00.000000+0530
LINDEINDIA,Linde India Limited,EQ,Chemicals,5048,2023-09-18T09:15:00.000000+0530,2026-08-28T15:15:00.000000+0530
LKPSEC,LKP Securities Limited,EQ,,61,2026-08-18T09:15:00.000000+0530,2026-08-28T15:15:00.000000+0530
LLOYDSENGG,LLOYDS ENGINEERING WORKS LIMITED,EQ,,4923,2023-10-16T09:15:00.000000+0530,2026-08-28T15:15:00.000000+0530
LLOYDSENT,Lloyds Enterprises Limited,EQ,,3201,2024-10-17T09:15:00.000000+0530,2026-08-28T15:15:00.000000+0530
LLOYDSME,Lloyds Metals And Energy Limited,EQ,Metals & Mining,5049,2023-09-18T09:15:00.000000+0530,2026-08-28T15:15:00.000000+0530
LMW,LMW Limited,EQ,,3237,2024-10-10T09:15:00.000000+0530,2026-08-28T15:15:00.000000+0530
LODHA,Lodha Developers Limited,EQ,Realty,5041,2023-09-18T09:15:00.000000+0530,2026-08-28T15:15:00.000000+0530
LOKESHMACH,Lokesh Machines Limited,BE,,4906,2023-09-18T09:15:00.000000+0530,2026-08-28T15:15:00.000000+0530
LORDSCHLO,Lords Chloro Alkali Limited,EQ,,4936,2023-09-18T09:15:00.000000+0530,2026-08-28T15:15:00.000000+0530
LOTUSCHO,Lotus Chocolate Company Limited,EQ,,63,2026-08-18T09:15:00.000000+0530,2026-08-28T15:15:00.000000+0530
LOTUSDEV,Sri Lotus Developers and Realty Limited,BE,,1813,2025-08-06T09:15:00.000000+0530,2026-08-28T15:15:00.000000+0530
LOTUSEYE,Lotus Eye Hospital and Institute Limited,EQ,,5008,2023-09-18T09:15:00.000000+0530,2026-08-28T15:15:00.000000+0530
LOVABLE,Lovable Lingerie Limited,EQ,,5046,2023-09-18T09:15:00.000000+0530,2026-08-28T15:15:00.000000+0530
LOYALTEX,Loyal Textile Mills Limited,EQ,,4110,2023-09-18T09:15:00.000000+0530,2026-08-28T15:15:00.000000+0530
LPDC,Landmark Property Development Company Limited,EQ,,4992,2023-09-18T09:15:00.000000+0530,2026-08-28T15:15:00.000000+0530
LT,Larsen & Toubro Limited,EQ,Construction,5046,2023-09-18T09:15:00.000000+0530,2026-08-28T15:15:00.000000+0530
LTF,L&T Finance Limited,EQ,Financial Services,4046,2024-04-23T09:15:00.000000+0530,2026-08-28T15:15:00.000000+0530
LTFOODS,LT Foods Limited,EQ,Fast Moving Consumer Goods,4824,2023-11-06T09:15:00.000000+0530,2026-08-28T15:15:00.000000+0530
LTM,LTM Limited,EQ,Information Technology,842,2026-02-27T09:15:00.000000+0530,2026-08-28T15:15:00.000000+0530
LTTS,L&T Technology Services Limited,EQ,Information Technology,5048,2023-09-18T09:15:00.000000+0530,2026-08-28T15:15:00.000000+0530
LUMAXIND,Lumax Industries Limited,EQ,,5047,2023-09-18T09:15:00.000000+0530,2026-08-28T15:15:00.000000+0530
LUMAXTECH,Lumax Auto Technologies Limited,EQ,,5049,2023-09-18T09:15:00.000000+0530,2026-08-28T15:15:00.000000+0530
LUPIN,Lupin Limited,EQ,Healthcare,5044,2023-09-18T09:15:00.000000+0530,2026-08-28T15:15:00.000000+0530
LUXIND,Lux Industries Limited,EQ,,5046,2023-09-18T09:15:00.000000+0530,2026-08-28T15:15:00.000000+0530
LXCHEM,Laxmi Organic Industries Limited,EQ,,5048,2023-09-18T09:15:00.000000+0530,2026-08-28T15:15:00.000000+0530
LYKALABS,Lyka Labs Limited,BE,,5017,2023-09-18T09:15:00.000000+0530,2026-08-28T14:15:00.000000+0530
M&M,Mahindra & Mahindra Limited,EQ,Automobile and Auto Components,5044,2023-09-18T09:15:00.000000+0530,2026-08-28T15:15:00.000000+0530
M&MFIN,Mahindra & Mahindra Financial Services Limited,EQ,Financial Services,5046,2023-09-18T09:15:00.000000+0530,2026-08-28T15:15:00.000000+0530
MAANALU,Maan Aluminium Limited,EQ,,5028,2023-09-18T09:15:00.000000+0530,2026-08-28T15:15:00.000000+0530
MACPOWER,Macpower CNC Machines Limited,EQ,,4793,2023-09-18T09:15:00.000000+0530,2026-08-28T15:15:00.000000+0530
MADHAV,Madhav Marbles and Granites Limited,EQ,,4779,2023-09-18T09:15:00.000000+0530,2026-08-28T14:15:00.000000+0530
MADHAVIPL,Madhav Infra Projects Limited,EQ,,63,2026-08-18T09:15:00.000000+0530,2026-08-28T15:15:00.000000+0530
MADHUCON,Madhucon Projects Limited,BE,,4769,2023-09-18T09:15:00.000000+0530,2026-08-28T14:15:00.000000+0530
MADRASFERT,Madras Fertilizers Limited,EQ,,5049,2023-09-18T09:15:00.000000+0530,2026-08-28T15:15:00.000000+0530
MAFATIND,Mafatlal Industries Limited,EQ,,620,2026-04-23T09:15:00.000000+0530,2026-08-28T15:15:00.000000+0530
MAGADSUGAR,Magadh Sugar & Energy Limited,EQ,,5047,2023-09-18T09:15:00.000000+0530,2026-08-28T15:15:00.000000+0530
MAGNUM,Magnum Ventures Limited,EQ,,5023,2023-09-18T09:15:00.000000+0530,2026-08-28T15:15:00.000000+0530
MAHABANK,Bank of Maharashtra,EQ,Financial Services,5048,2023-09-18T09:15:00.000000+0530,2026-08-28T15:15:00.000000+0530
MAHAPEXLTD,Maha Rashtra Apex Corporation Limited,EQ,,5004,2023-09-18T09:15:00.000000+0530,2026-08-28T15:15:00.000000+0530
MAHASTEEL,Mahamaya Steel Industries Limited,BE,,4671,2023-09-18T09:15:00.000000+0530,2026-08-28T15:15:00.000000+0530
MAHEPC,Mahindra EPC Irrigation Limited,EQ,,5048,2023-09-18T09:15:00.000000+0530,2026-08-28T15:15:00.000000+0530
MAHESHWARI,Maheshwari Logistics Limited,BE,,4969,2023-09-18T09:15:00.000000+0530,2026-08-28T15:15:00.000000+0530
MAHLIFE,Mahindra Lifespace Developers Limited,EQ,,5050,2023-09-18T09:15:00.000000+0530,2026-08-28T15:15:00.000000+0530
MAHLOG,Mahindra Logistics Limited,EQ,,5050,2023-09-18T09:15:00.000000+0530,2026-08-28T15:15:00.000000+0530
MAHSCOOTER,Maharashtra Scooters Limited,EQ,,5027,2023-09-18T09:15:00.000000+0530,2026-08-28T15:15:00.000000+0530
MAHSEAMLES,Maharashtra Seamless Limited,EQ,,5048,2023-09-18T09:15:00.000000+0530,2026-08-28T15:15:00.000000+0530
MAITHANALL,Maithan Alloys Limited,EQ,,219,2025-09-16T09:15:00.000000+0530,2026-08-28T15:15:00.000000+0530
MAJESAUT,Majestic Auto Limited,BE,,604,2026-04-23T12:15:00.000000+0530,2026-08-28T15:15:00.000000+0530
MAKERSL,Makers Laboratories Limited,EQ,,60,2026-08-18T09:15:00.000000+0530,2026-08-28T15:15:00.000000+0530
MALLCOM,Mallcom (India) Limited,EQ,,5045,2023-09-18T09:15:00.000000+0530,2026-08-28T15:15:00.000000+0530
MALUPAPER,Malu Paper Mills Limited,EQ,,4904,2023-09-18T09:15:00.000000+0530,2026-08-28T15:15:00.000000+0530
MAMATA,Mamata Machinery Limited,EQ,,2873,2024-12-27T09:15:00.000000+0530,2026-08-28T15:15:00.000000+0530
MANAKALUCO,Manaksia Aluminium Company Limited,EQ,,5014,2023-09-18T09:15:00.000000+0530,2026-08-28T15:15:00.000000+0530
MANAKCOAT,Manaksia Coated Metals & Industries Limited,EQ,,4878,2023-09-18T09:15:00.000000+0530,2026-08-28T15:15:00.000000+0530
MANAKSIA,Manaksia Limited,EQ,,5048,2023-09-18T09:15:00.000000+0530,2026-08-28T15:15:00.000000+0530
MANAKSTEEL,Manaksia Steels Limited,EQ,,4971,2023-09-18T09:15:00.000000+0530,2026-08-28T15:15:00.000000+0530
MANALIPETC,Manali Petrochemicals Limited,EQ,,5048,2023-09-18T09:15:00.000000+0530,2026-08-28T15:15:00.000000+0530
MANAPPURAM,Manappuram Finance Limited,EQ,Financial Services,5043,2023-09-18T09:15:00.000000+0530,2026-08-28T14:15:00.000000+0530
MANBA,Manba Finance Limited,EQ,,3285,2024-09-30T09:15:00.000000+0530,2026-08-28T15:15:00.000000+0530
MANBRO,Manbro Industries Limited,EQ,,63,2026-08-18T09:15:00.000000+0530,2026-08-28T15:15:00.000000+0530
MANCREDIT,Mangal Credit and Fincorp Limited,EQ,,3326,2024-09-02T09:15:00.000000+0530,2026-08-28T15:15:00.000000+0530
MANGALAM,Mangalam Drugs And Organics Limited,EQ,,4995,2023-09-18T09:15:00.000000+0530,2026-08-28T15:15:00.000000+0530
MANGLMCEM,Mangalam Cement Limited,EQ,,5049,2023-09-18T09:15:00.000000+0530,2026-08-28T15:15:00.000000+0530
MANINDS,Man Industries (India) Limited,EQ,,5050,2023-09-18T09:15:00.000000+0530,2026-08-28T15:15:00.000000+0530
MANINFRA,Man Infraconstruction Limited,EQ,,5050,2023-09-18T09:15:00.000000+0530,2026-08-28T15:15:00.000000+0530
MANIPALHOS,Manipal Health Enterprises Limited,EQ,,126,2026-08-05T09:15:00.000000+0530,2026-08-28T15:15:00.000000+0530
MANKIND,Mankind Pharma Limited,EQ,Healthcare,5038,2023-09-18T09:15:00.000000+0530,2026-08-28T15:15:00.000000+0530
MANOMAY,Manomay Tex India Limited,EQ,,4795,2023-09-18T09:15:00.000000+0530,2026-08-28T15:15:00.000000+0530
MANORAMA,Manorama Industries Limited,EQ,,5049,2023-09-18T09:15:00.000000+0530,2026-08-28T15:15:00.000000+0530
MANORG,Mangalam Organics Limited,EQ,,4910,2023-09-18T09:15:00.000000+0530,2026-08-28T15:15:00.000000+0530
MANUGRAPH,Manugraph India Limited,BE,,4747,2023-09-18T09:15:00.000000+0530,2026-08-28T15:15:00.000000+0530
MANYAVAR,Vedant Fashions Limited,EQ,,5047,2023-09-18T09:15:00.000000+0530,2026-08-28T15:15:00.000000+0530
MAPMYINDIA,C.E. Info Systems Limited,EQ,Information Technology,5049,2023-09-18T09:15:00.000000+0530,2026-08-28T15:15:00.000000+0530
MARALOVER,Maral Overseas Limited,EQ,,4998,2023-09-18T09:15:00.000000+0530,2026-08-28T14:15:00.000000+0530
MARATHON,Marathon Nextgen Realty Limited,EQ,,5050,2023-09-18T09:15:00.000000+0530,2026-08-28T15:15:00.000000+0530
MARICO,Marico Limited,EQ,Fast Moving Consumer Goods,5040,2023-09-18T09:15:00.000000+0530,2026-08-28T14:15:00.000000+0530
MARINE,Marine Electricals (India) Limited,EQ,,5049,2023-09-18T09:15:00.000000+0530,2026-08-28T15:15:00.000000+0530
MARKOLINES,Markolines Pavement Technologies Limited,EQ,,1494,2025-10-14T09:15:00.000000+0530,2026-08-28T15:15:00.000000+0530
MARKSANS,Marksans Pharma Limited,EQ,,5047,2023-09-18T09:15:00.000000+0530,2026-08-28T15:15:00.000000+0530
MARSONS,Marsons Limited,EQ,,791,2026-03-13T09:15:00.000000+0530,2026-08-28T15:15:00.000000+0530
MARUTI,Maruti Suzuki India Limited,EQ,Automobile and Auto Components,5047,2023-09-18T09:15:00.000000+0530,2026-08-28T15:15:00.000000+0530
MASFIN,MAS Financial Services Limited,EQ,,5050,2023-09-18T09:15:00.000000+0530,2026-08-28T15:15:00.000000+0530
MASKINVEST,Mask Investments Limited,EQ,,2624,2023-09-18T09:15:00.000000+0530,2026-08-28T11:15:00.000000+0530
MASTEK,Mastek Limited,EQ,,5050,2023-09-18T09:15:00.000000+0530,2026-08-28T15:15:00.000000+0530
MASTERTR,Master Trust Limited,EQ,,2971,2024-12-06T09:15:00.000000+0530,2026-08-28T15:15:00.000000+0530
MATRIMONY,Matrimony.Com Limited,EQ,,5049,2023-09-18T09:15:00.000000+0530,2026-08-28T15:15:00.000000+0530
MAWANASUG,Mawana Sugars Limited,EQ,,221,2025-09-16T09:15:00.000000+0530,2026-08-28T15:15:00.000000+0530
MAXESTATES,Max Estates Limited,EQ,,3423,2024-09-02T09:15:00.000000+0530,2026-08-28T15:15:00.000000+0530
MAXHEALTH,Max Healthcare Institute Limited,EQ,Healthcare,5047,2023-09-18T09:15:00.000000+0530,2026-08-28T15:15:00.000000+0530
MAXIND,Max India Limited,EQ,,5051,2023-09-18T09:15:00.000000+0530,2026-08-28T15:15:00.000000+0530
MAYURUNIQ,Mayur Uniquoters Ltd,EQ,,5050,2023-09-18T09:15:00.000000+0530,2026-08-28T15:15:00.000000+0530
MAZDA,Mazda Limited,BE,,5002,2023-09-18T09:15:00.000000+0530,2026-08-28T15:15:00.000000+0530
MAZDOCK,Mazagon Dock Shipbuilders Limited,EQ,Capital Goods,5041,2023-09-18T09:15:00.000000+0530,2026-08-28T14:15:00.000000+0530
MBAPL,Madhya Bharat Agro Products Limited,EQ,,5049,2023-09-18T09:15:00.000000+0530,2026-08-28T15:15:00.000000+0530
MBEL,M & B Engineering Limited,EQ,,1815,2025-08-06T09:15:00.000000+0530,2026-08-28T15:15:00.000000+0530
MBLINFRA,MBL Infrastructure Limited,EQ,,4902,2023-09-18T09:15:00.000000+0530,2026-08-28T15:15:00.000000+0530
MCCHRLS-B,Mac Charles India Limited,EQ,,39,2026-08-18T09:15:00.000000+0530,2026-08-28T15:15:00.000000+0530
MCL,M TEK COPPER LIMITED,EQ,,4951,2023-09-18T09:15:00.000000+0530,2026-08-28T15:15:00.000000+0530
MCLEODRUSS,Mcleod Russel India Limited,EQ,,4931,2023-09-18T09:15:00.000000+0530,2026-08-28T15:15:00.000000+0530
MCLOUD,Magellanic Cloud Limited,EQ,,2663,2025-02-07T09:15:00.000000+0530,2026-08-28T15:15:00.000000+0530
MCX,Multi Commodity Exchange of India Limited,EQ,Financial Services,5044,2023-09-18T09:15:00.000000+0530,2026-08-28T15:15:00.000000+0530
MEDANTA,Global Health Limited,EQ,Healthcare,5047,2023-09-18T09:15:00.000000+0530,2026-08-28T15:15:00.000000+0530
MEDIASSIST,Medi Assist Healthcare Services Limited,EQ,,3426,2024-09-02T09:15:00.000000+0530,2026-08-28T15:15:00.000000+0530
MEDICAMEQ,Medicamen Biotech Limited,EQ,,5046,2023-09-18T09:15:00.000000+0530,2026-08-28T15:15:00.000000+0530
MEDICAPQ,Medi Caps Limited,EQ,,53,2026-08-18T09:15:00.000000+0530,2026-08-28T15:15:00.000000+0530
MEDICO,Medico Remedies Limited,EQ,,4988,2023-09-18T09:15:00.000000+0530,2026-08-28T15:15:00.000000+0530
MEDPLUS,Medplus Health Services Limited,EQ,,5048,2023-09-18T09:15:00.000000+0530,2026-08-28T15:15:00.000000+0530
MEESHO,Meesho Limited,EQ,Consumer Services,1225,2025-12-10T09:15:00.000000+0530,2026-08-28T15:15:00.000000+0530
MEGASTAR,Megastar Foods Limited,EQ,,4965,2023-09-18T09:15:00.000000+0530,2026-08-28T15:15:00.000000+0530
MEIL,Mangal Electrical Industries Limited,EQ,,1717,2025-08-28T09:15:00.000000+0530,2026-08-28T15:15:00.000000+0530
MENNPIS,Menon Pistons Limited,EQ,,63,2026-08-18T09:15:00.000000+0530,2026-08-28T15:15:00.000000+0530
MENONBE,Menon Bearings Limited,BE,,5050,2023-09-18T09:15:00.000000+0530,2026-08-28T15:15:00.000000+0530
MEP,MEP Infrastructure Developers Limited,BZ,,4233,2023-09-18T09:15:00.000000+0530,2026-08-28T15:15:00.000000+0530
MERCANTILE,Mercantile Ventures Limited,EQ,,43,2026-08-19T09:15:00.000000+0530,2026-08-28T15:15:00.000000+0530
MERCURYEV,Mercury Ev-Tech Limited,EQ,,389,2026-06-02T09:15:00.000000+0530,2026-08-28T15:15:00.000000+0530
METROBRAND,Metro Brands Limited,EQ,,5047,2023-09-18T09:15:00.000000+0530,2026-08-28T15:15:00.000000+0530
METROGLOBL,Metroglobal Limited,EQ,,524,2026-04-22T09:15:00.000000+0530,2026-08-28T15:15:00.000000+0530
METROPOLIS,Metropolis Healthcare Limited,EQ,,5048,2023-09-18T09:15:00.000000+0530,2026-08-28T15:15:00.000000+0530
MFML,Mahalaxmi Fabric Mills Limited,EQ,,2921,2024-09-02T09:15:00.000000+0530,2026-08-28T15:15:00.000000+0530
MFSL,Max Financial Services Limited,EQ,Financial Services,5043,2023-09-18T09:15:00.000000+0530,2026-08-28T15:15:00.000000+0530
MGEL,Mangalam Global Enterprise Limited,BE,,5039,2023-09-18T09:15:00.000000+0530,2026-08-28T15:15:00.000000+0530
MGL,Mahanagar Gas Limited,EQ,Oil Gas & Consumable Fuels,5049,2023-09-18T09:15:00.000000+0530,2026-08-28T15:15:00.000000+0530
MHLXMIRU,Mahalaxmi Rubtech Limited,BE,,4886,2023-09-18T09:15:00.000000+0530,2026-08-28T14:15:00.000000+0530
MHRIL,Mahindra Holidays & Resorts India Limited,EQ,,5047,2023-09-18T09:15:00.000000+0530,2026-08-28T15:15:00.000000+0530
MICEL,MIC Electronics Limited,BE,,5049,2023-09-18T09:15:00.000000+0530,2026-08-28T15:15:00.000000+0530
MIDHANI,Mishra Dhatu Nigam Limited,EQ,,5050,2023-09-18T09:15:00.000000+0530,2026-08-28T15:15:00.000000+0530
MIDWESTLTD,Midwest Limited,EQ,,1449,2025-10-24T09:15:00.000000+0530,2026-08-28T15:15:00.000000+0530
MIIL,Meghna Infracon Infrastructure Limited,EQ,,63,2026-08-18T09:15:00.000000+0530,2026-08-28T15:15:00.000000+0530
MILKYMIST,Milky Mist Dairy Food Limited,EQ,,63,2026-08-18T09:15:00.000000+0530,2026-08-28T15:15:00.000000+0530
MINALIND,Minal Industries Limited,BE,,60,2026-08-18T09:15:00.000000+0530,2026-08-28T15:15:00.000000+0530
MINDACORP,Minda Corporation Limited,EQ,Automobile and Auto Components,5049,2023-09-18T09:15:00.000000+0530,2026-08-28T15:15:00.000000+0530
MINDTECK,Mindteck (India) Limited,EQ,,4999,2023-09-18T09:15:00.000000+0530,2026-08-28T15:15:00.000000+0530
MIRZAINT,Mirza International Limited,EQ,,5050,2023-09-18T09:15:00.000000+0530,2026-08-28T15:15:00.000000+0530
MITCON,MITCON Consultancy & Engineering Services Limited,BE,,4901,2023-09-18T09:15:00.000000+0530,2026-08-28T14:15:00.000000+0530
MITTAL,Mittal Life Style Limited,EQ,,5023,2023-09-18T09:15:00.000000+0530,2026-08-28T15:15:00.000000+0530
MKEXIM,M.K. Exim (India) Limited,EQ,,59,2026-08-18T09:15:00.000000+0530,2026-08-28T15:15:00.000000+0530
MKPL,M K Proteins Limited,EQ,,4902,2023-09-18T09:15:00.000000+0530,2026-08-28T15:15:00.000000+0530
MLKFOOD,Milkfood Limited,EQ,,63,2026-08-18T09:15:00.000000+0530,2026-08-28T15:15:00.000000+0530
MMFL,MM Forgings Limited,EQ,,5048,2023-09-18T09:15:00.000000+0530,2026-08-28T15:15:00.000000+0530
MMP,MMP Industries Limited,EQ,,5021,2023-09-18T09:15:00.000000+0530,2026-08-28T15:15:00.000000+0530
MMTC,MMTC Limited,EQ,Services,5049,2023-09-18T09:15:00.000000+0530,2026-08-28T15:15:00.000000+0530
MMWL,Media Matrix Worldwide Limited,EQ,,611,2026-04-22T09:15:00.000000+0530,2026-08-28T15:15:00.000000+0530
MOBIKWIK,One Mobikwik Systems Limited,EQ,,2912,2024-12-18T09:15:00.000000+0530,2026-08-28T15:15:00.000000+0530
MODINATUR,Modi Naturals Limited,BE,,1182,2025-12-11T09:15:00.000000+0530,2026-08-28T15:15:00.000000+0530
MODIRUBBER,Modi Rubber Limited,EQ,,4808,2023-09-18T09:15:00.000000+0530,2026-08-28T15:15:00.000000+0530
MODIS,Modis Navnirman Limited,EQ,,1318,2025-11-14T09:15:00.000000+0530,2026-08-28T15:15:00.000000+0530
MODISONLTD,MODISON LIMITED,BE,,5050,2023-09-18T09:15:00.000000+0530,2026-08-28T15:15:00.000000+0530
MODTHREAD,Modern Threads (India) Limited,EQ,,174,2025-09-16T09:15:00.000000+0530,2026-08-28T15:15:00.000000+0530
MOHITE,Mohite Industries Limited,EQ,,62,2026-08-18T09:15:00.000000+0530,2026-08-28T15:15:00.000000+0530
MOHITIND,Mohit Industries Limited,EQ,,4877,2023-09-18T09:15:00.000000+0530,2026-08-28T14:15:00.000000+0530
MOIL,MOIL Limited,EQ,,5049,2023-09-18T09:15:00.000000+0530,2026-08-28T15:15:00.000000+0530
MOKSH,Moksh Ornaments Limited,EQ,,4958,2023-09-18T09:15:00.000000+0530,2026-08-28T15:15:00.000000+0530
MOL,Meghmani Organics Limited,EQ,,5048,2023-09-18T09:15:00.000000+0530,2026-08-28T15:15:00.000000+0530
MOLBIO,Molbio Diagnostics Limited,EQ,,70,2026-08-17T09:15:00.000000+0530,2026-08-28T15:15:00.000000+0530
MOLDTECH,Mold-Tek Technologies Limited,BE,,5050,2023-09-18T09:15:00.000000+0530,2026-08-28T15:15:00.000000+0530
MOLDTKPAC,Mold-Tek Packaging Limited,EQ,,5049,2023-09-18T09:15:00.000000+0530,2026-08-28T15:15:00.000000+0530
MONARCH,Monarch Networth Capital Limited,EQ,,5049,2023-09-18T09:15:00.000000+0530,2026-08-28T15:15:00.000000+0530
MONEYBOXX,Moneyboxx Finance Limited,EQ,,1461,2025-10-15T09:15:00.000000+0530,2026-08-28T15:15:00.000000+0530
MONTECARLO,Monte Carlo Fashions Limited,EQ,,5047,2023-09-18T09:15:00.000000+0530,2026-08-28T15:15:00.000000+0530
MOREPENLAB,Morepen Laboratories Limited,EQ,,5047,2023-09-18T09:15:00.000000+0530,2026-08-28T15:15:00.000000+0530
MOSCHIP,Moschip Technologies Limited,EQ,,2676,2025-02-05T09:15:00.000000+0530,2026-08-28T15:15:00.000000+0530
MOTHERSON,Samvardhana Motherson International Limited,EQ,Automobile and Auto Components,5046,2023-09-18T09:15:00.000000+0530,2026-08-28T15:15:00.000000+0530
MOTILALOFS,Motilal Oswal Financial Services Limited,EQ,Financial Services,5038,2023-09-18T09:15:00.000000+0530,2026-08-28T14:15:00.000000+0530
MOTISONS,Motisons Jewellers Limited,EQ,,3427,2024-09-02T09:15:00.000000+0530,2026-08-28T15:15:00.000000+0530
MOTOGENFIN,The Motor & General Finance Limited,BE,,4732,2023-09-18T09:15:00.000000+0530,2026-08-28T14:15:00.000000+0530
MPDL,MPDL Limited,BE,,48,2026-08-18T10:15:00.000000+0530,2026-08-28T15:15:00.000000+0530
MPHASIS,MphasiS Limited,EQ,Information Technology,5041,2023-09-18T09:15:00.000000+0530,2026-08-28T14:15:00.000000+0530
MPSLTD,MPS Limited,EQ,,5048,2023-09-18T09:15:00.000000+0530,2026-08-28T15:15:00.000000+0530
MRF,MRF Limited,EQ,Automobile and Auto Components,5049,2023-09-18T09:15:00.000000+0530,2026-08-28T15:15:00.000000+0530
MRPL,Mangalore Refinery and Petrochemicals Limited,EQ,Oil Gas & Consumable Fuels,5046,2023-09-18T09:15:00.000000+0530,2026-08-28T15:15:00.000000+0530
MSL,Mangalam Seeds Limited,EQ,,31,2026-08-18T09:15:00.000000+0530,2026-08-28T14:15:00.000000+0530
MSPL,MSP Steel & Power Limited,EQ,,4924,2023-09-18T09:15:00.000000+0530,2026-08-28T15:15:00.000000+0530
MSTCLTD,Mstc Limited,EQ,,5051,2023-09-18T09:15:00.000000+0530,2026-08-28T15:15:00.000000+0530
MSUMI,Motherson Sumi Wiring India Limited,EQ,Automobile and Auto Components,5049,2023-09-18T09:15:00.000000+0530,2026-08-28T15:15:00.000000+0530
MTARTECH,Mtar Technologies Limited,BE,,5049,2023-09-18T09:15:00.000000+0530,2026-08-28T15:15:00.000000+0530
MTEDUCARE,MT Educare Limited,BE,,4058,2023-09-18T09:15:00.000000+0530,2026-08-28T15:15:00.000000+0530
MTNL,Mahanagar Telephone Nigam Limited,EQ,,5048,2023-09-18T09:15:00.000000+0530,2026-08-28T15:15:00.000000+0530
MUFIN,Mufin Green Finance Limited,EQ,,3425,2024-09-02T09:15:00.000000+0530,2026-08-28T15:15:00.000000+0530
MUFTI,Credo Brands Marketing Limited,EQ,,3426,2024-09-02T09:15:00.000000+0530,2026-08-28T15:15:00.000000+0530
MUKANDLTD,Mukand Limited,EQ,,5050,2023-09-18T09:15:00.000000+0530,2026-08-28T15:15:00.000000+0530
MUKESHB,Mukesh Babu Financial Services Limited,EQ,,18,2026-08-18T09:15:00.000000+0530,2026-08-28T15:15:00.000000+0530
MUKKA,Mukka Proteins Limited,EQ,,3426,2024-09-02T09:15:00.000000+0530,2026-08-28T15:15:00.000000+0530
MUKTAARTS,Mukta Arts Limited,BE,,4774,2023-09-18T09:15:00.000000+0530,2026-08-28T15:15:00.000000+0530
MUNJALAU,Munjal Auto Industries Limited,EQ,,5051,2023-09-18T09:15:00.000000+0530,2026-08-28T15:15:00.000000+0530
MUNJALSHOW,Munjal Showa Limited,EQ,,5049,2023-09-18T09:15:00.000000+0530,2026-08-28T15:15:00.000000+0530
MURUDCERA,Murudeshwar Ceramics Limited,EQ,,5010,2023-09-18T09:15:00.000000+0530,2026-08-28T15:15:00.000000+0530
MUTHOOTCAP,Muthoot Capital Services Limited,EQ,,5046,2023-09-18T09:15:00.000000+0530,2026-08-28T15:15:00.000000+0530
MUTHOOTFIN,Muthoot Finance Limited,EQ,Financial Services,5046,2023-09-18T09:15:00.000000+0530,2026-08-28T14:15:00.000000+0530
MUTHOOTMF,Muthoot Microfin Limited,EQ,,3426,2024-09-02T09:15:00.000000+0530,2026-08-28T15:15:00.000000+0530
MVELECTRO,MV Electrosystems Limited,EQ,,119,2026-08-06T09:15:00.000000+0530,2026-08-28T15:15:00.000000+0530
MVGJL,Manoj Vaibhav Gems N Jewellers Limited,EQ,,3424,2024-09-02T09:15:00.000000+0530,2026-08-28T15:15:00.000000+0530
MWL,Mangalam Worldwide Limited,EQ,,1600,2025-09-18T09:15:00.000000+0530,2026-08-28T15:15:00.000000+0530
MYSORPETRO,Mysore Petro Chemicals Limited,BE,,62,2026-08-18T09:15:00.000000+0530,2026-08-28T15:15:00.000000+0530
NACLIND,NACL Industries Limited,EQ,,5050,2023-09-18T09:15:00.000000+0530,2026-08-28T15:15:00.000000+0530
NAGREEKCAP,Nagreeka Capital & Infrastructure Limited,EQ,,4253,2023-09-18T10:15:00.000000+0530,2026-08-28T15:15:00.000000+0530
NAGREEKEXP,Nagreeka Exports Limited,EQ,,4880,2023-09-18T09:15:00.000000+0530,2026-08-28T15:15:00.000000+0530
NAHARCAP,Nahar Capital and Financial Services Limited,EQ,,4954,2023-09-18T09:15:00.000000+0530,2026-08-28T15:15:00.000000+0530
NAHARINDUS,Nahar Industrial Enterprises Limited,EQ,,5032,2023-09-18T09:15:00.000000+0530,2026-08-28T15:15:00.000000+0530
NAHARPOLY,Nahar Poly Films Limited,EQ,,5047,2023-09-18T09:15:00.000000+0530,2026-08-28T15:15:00.000000+0530
NAHARSPING,Nahar Spinning Mills Limited,EQ,,4995,2023-09-18T09:15:00.000000+0530,2026-08-28T15:15:00.000000+0530
NAM-INDIA,Nippon Life India Asset Management Limited,EQ,Financial Services,5039,2023-09-18T09:15:00.000000+0530,2026-08-28T14:15:00.000000+0530
NARMADA,Narmada Agrobase Limited,EQ,,4900,2023-09-18T09:15:00.000000+0530,2026-08-28T15:15:00.000000+0530
NATCAPSUQ,Natural Capsules Limited,EQ,,2552,2025-02-14T09:15:00.000000+0530,2026-08-28T15:15:00.000000+0530
NATCOPHARM,Natco Pharma Limited,EQ,Healthcare,5050,2023-09-18T09:15:00.000000+0530,2026-08-28T15:15:00.000000+0530
NATHBIOGEN,Nath Bio-Genes (India) Limited,EQ,,5047,2023-09-18T09:15:00.000000+0530,2026-08-28T15:15:00.000000+0530
NATIONALUM,National Aluminium Company Limited,EQ,Metals & Mining,5043,2023-09-18T09:15:00.000000+0530,2026-08-28T14:15:00.000000+0530
NATIONSTD,National Standard (India) Limited,EQ,,63,2026-08-18T09:15:00.000000+0530,2026-08-28T15:15:00.000000+0530
NAUKRI,Info Edge (India) Limited,EQ,Consumer Services,5044,2023-09-18T09:15:00.000000+0530,2026-08-28T15:15:00.000000+0530
NAVA,NAVA LIMITED,EQ,Power,5049,2023-09-18T09:15:00.000000+0530,2026-08-28T15:15:00.000000+0530
NAVINFLUOR,Navin Fluorine International Limited,EQ,Chemicals,5049,2023-09-18T09:15:00.000000+0530,2026-08-28T15:15:00.000000+0530
NAVKARCORP,Navkar Corporation Limited,EQ,,5049,2023-09-18T09:15:00.000000+0530,2026-08-28T15:15:00.000000+0530
NAVKARURB,Navkar Urbanstructure Limited,BE,,2651,2025-01-17T09:15:00.000000+0530,2026-08-28T15:15:00.000000+0530
NAVNETEDUL,Navneet Education Limited,EQ,,5050,2023-09-18T09:15:00.000000+0530,2026-08-28T15:15:00.000000+0530
NAZARA,Nazara Technologies Limited,EQ,,5050,2023-09-18T09:15:00.000000+0530,2026-08-28T15:15:00.000000+0530
NBCC,NBCC (India) Limited,EQ,Construction,5047,2023-09-18T09:15:00.000000+0530,2026-08-28T15:15:00.000000+0530
NBIFIN,N. B. I. Industrial Finance Company Limited,EQ,,4512,2023-09-18T09:15:00.000000+0530,2026-08-28T15:15:00.000000+0530
NCC,NCC Limited,EQ,Construction,5049,2023-09-18T09:15:00.000000+0530,2026-08-28T15:15:00.000000+0530
NCLIND,NCL Industries Limited,EQ,,5048,2023-09-18T09:15:00.000000+0530,2026-08-28T15:15:00.000000+0530
NDGL,Naga Dhunseri Group Limited,EQ,,4474,2023-09-18T09:15:00.000000+0530,2026-08-28T15:15:00.000000+0530
NDL,Nandan Denim Limited,EQ,,5013,2023-09-18T09:15:00.000000+0530,2026-08-28T15:15:00.000000+0530
NDLVENTURE,NDL Ventures Limited,EQ,,4938,2023-09-18T09:15:00.000000+0530,2026-08-28T15:15:00.000000+0530
NDRAUTO,Ndr Auto Components Limited,EQ,,4955,2023-09-18T09:15:00.000000+0530,2026-08-28T15:15:00.000000+0530
NDTV,New Delhi Television Limited,EQ,,5047,2023-09-18T09:15:00.000000+0530,2026-08-28T15:15:00.000000+0530
NEAGI,Neelamalai Agro Industries Limited,EQ,,31,2026-08-18T09:15:00.000000+0530,2026-08-28T13:15:00.000000+0530
NECCLTD,North Eastern Carrying Corporation Limited,BE,,5016,2023-09-18T09:15:00.000000+0530,2026-08-28T15:15:00.000000+0530
NECLIFE,Nectar Lifesciences Limited,EQ,,4915,2023-09-18T09:15:00.000000+0530,2026-08-28T15:15:00.000000+0530
NELCAST,Nelcast Limited,EQ,,5048,2023-09-18T09:15:00.000000+0530,2026-08-28T15:15:00.000000+0530
NELCO,NELCO Limited,EQ,,5049,2023-09-18T09:15:00.000000+0530,2026-08-28T15:15:00.000000+0530
NEOGEN,Neogen Chemicals Limited,EQ,,5050,2023-09-18T09:15:00.000000+0530,2026-08-28T15:15:00.000000+0530
NEPHROPLUS,Nephrocare Health Services Limited,EQ,,1191,2025-12-17T09:15:00.000000+0530,2026-08-28T15:15:00.000000+0530
NESCO,Nesco Limited,EQ,,5049,2023-09-18T09:15:00.000000+0530,2026-08-28T15:15:00.000000+0530
NESTLEIND,Nestle India Limited,EQ,Fast Moving Consumer Goods,5043,2023-09-18T09:15:00.000000+0530,2026-08-28T14:15:00.000000+0530
NETWEB,Netweb Technologies India Limited,EQ,Information Technology,5048,2023-09-18T09:15:00.000000+0530,2026-08-28T15:15:00.000000+0530
NETWORK18,Network18 Media & Investments Limited,EQ,,5048,2023-09-18T09:15:00.000000+0530,2026-08-28T15:15:00.000000+0530
NEUEON,Neueon Corporation Limited,BE,,451,2025-12-23T09:15:00.000000+0530,2026-08-28T15:15:00.000000+0530
NEULANDLAB,Neuland Laboratories Limited,EQ,Healthcare,5050,2023-09-18T09:15:00.000000+0530,2026-08-28T15:15:00.000000+0530
NEWGEN,Newgen Software Technologies Limited,EQ,Information Technology,5048,2023-09-18T09:15:00.000000+0530,2026-08-28T15:15:00.000000+0530
NEXTMEDIA,Next Mediaworks Limited,EQ,,4780,2023-09-18T09:15:00.000000+0530,2026-08-28T15:15:00.000000+0530
NFL,National Fertilizers Limited,EQ,,5049,2023-09-18T09:15:00.000000+0530,2026-08-28T15:15:00.000000+0530
NGIL,Nakoda Group of Industries Limited,EQ,,4953,2023-09-18T09:15:00.000000+0530,2026-08-28T15:15:00.000000+0530
NGLFINE,NGL Fine-Chem Limited,EQ,,4942,2023-09-18T09:15:00.000000+0530,2026-08-28T15:15:00.000000+0530
NH,Narayana Hrudayalaya Ltd.,EQ,Healthcare,5048,2023-09-18T09:15:00.000000+0530,2026-08-28T15:15:00.000000+0530
NHPC,NHPC Limited,EQ,Power,5042,2023-09-18T09:15:00.000000+0530,2026-08-28T14:15:00.000000+0530
NIACL,The New India Assurance Company Limited,EQ,Financial Services,5047,2023-09-18T09:15:00.000000+0530,2026-08-28T15:15:00.000000+0530
NIBE,NIBE Limited,EQ,,2662,2025-02-07T09:15:00.000000+0530,2026-08-28T15:15:00.000000+0530
NIBL,NRB Industrial Bearings Limited,EQ,,4945,2023-09-18T09:15:00.000000+0530,2026-08-28T15:15:00.000000+0530
NICCOPAR,Nicco Parks & Resorts Limited,EQ,,55,2026-08-18T09:15:00.000000+0530,2026-08-28T15:15:00.000000+0530
NIITLTD,NIIT Limited,EQ,,5047,2023-09-18T09:15:00.000000+0530,2026-08-28T15:15:00.000000+0530
NIITMTS,NIIT Learning Systems Limited,EQ,,221,2025-09-16T09:15:00.000000+0530,2026-08-28T15:15:00.000000+0530
NILAINFRA,Nila Infrastructures Limited,EQ,,5023,2023-09-18T09:15:00.000000+0530,2026-08-28T15:15:00.000000+0530
NILASPACES,Nila Spaces Limited,EQ,,4732,2023-09-18T09:15:00.000000+0530,2026-08-28T15:15:00.000000+0530
NILE,Nile Limited,EQ,,63,2026-08-18T09:15:00.000000+0530,2026-08-28T15:15:00.000000+0530
NILKAMAL,Nilkamal Limited,EQ,,5050,2023-09-18T09:15:00.000000+0530,2026-08-28T15:15:00.000000+0530
NIMBSPROJ,Nimbus Projects Limited,EQ,,582,2026-04-06T09:15:00.000000+0530,2026-08-28T15:15:00.000000+0530
NINSYS,NINtec Systems Limited,EQ,,5039,2023-09-18T09:15:00.000000+0530,2026-08-28T15:15:00.000000+0530
NIPPOBATRY,Indo-National Limited,EQ,,4970,2023-09-18T09:15:00.000000+0530,2026-08-28T14:15:00.000000+0530
NIRAJ,Niraj Cement Structurals Limited,EQ,,4952,2023-09-18T09:15:00.000000+0530,2026-08-28T15:15:00.000000+0530
NIRAJISPAT,Niraj Ispat Industries Limited,EQ,,1122,2024-09-04T14:15:00.000000+0530,2026-08-28T15:15:00.000000+0530
NIRLON,Nirlon Limited,EQ,,620,2026-04-23T09:15:00.000000+0530,2026-08-28T15:15:00.000000+0530
NITCO,Nitco Limited,EQ,,4829,2023-09-18T09:15:00.000000+0530,2026-08-28T15:15:00.000000+0530
NITINSPIN,Nitin Spinners Limited,EQ,,5049,2023-09-18T09:15:00.000000+0530,2026-08-28T15:15:00.000000+0530
NITIRAJ,Nitiraj Engineers Limited,EQ,,4714,2023-09-18T09:15:00.000000+0530,2026-08-28T15:15:00.000000+0530
NITTAGELA,Nitta Gelatin India Limited,EQ,,620,2026-04-23T09:15:00.000000+0530,2026-08-28T15:15:00.000000+0530
NIVABUPA,Niva Bupa Health Insurance Company Limited,EQ,Financial Services,3068,2024-11-14T09:15:00.000000+0530,2026-08-28T15:15:00.000000+0530
NKIND,NK Industries Limited,EQ,,3475,2023-09-18T09:15:00.000000+0530,2026-08-28T15:15:00.000000+0530
NLCINDIA,NLC India Limited,EQ,Power,5046,2023-09-18T09:15:00.000000+0530,2026-08-28T15:15:00.000000+0530
NMDC,NMDC Limited,EQ,Metals & Mining,5041,2023-09-18T09:15:00.000000+0530,2026-08-28T15:15:00.000000+0530
NOCIL,NOCIL Limited,EQ,,5048,2023-09-18T09:15:00.000000+0530,2026-08-28T15:15:00.000000+0530
NOIDATOLL,Noida Toll Bridge Company Limited,EQ,,4689,2023-09-18T09:15:00.000000+0530,2026-08-28T15:15:00.000000+0530
NORBTEAEXP,Norben Tea & Exports Limited,EQ,,4015,2023-09-18T09:15:00.000000+0530,2026-08-28T15:15:00.000000+0530
NORTHARC,Northern Arc Capital Limited,EQ,,3313,2024-09-24T09:15:00.000000+0530,2026-08-28T15:15:00.000000+0530
NOVAAGRI,Nova Agritech Limited,BE,,3426,2024-09-02T09:15:00.000000+0530,2026-08-28T15:15:00.000000+0530
NOVARTIND,Novartis India Limited,EQ,,812,2023-09-18T09:15:00.000000+0530,2026-08-28T15:15:00.000000+0530
NPST,Network People Services Technologies Limited,EQ,,2296,2025-04-30T09:15:00.000000+0530,2026-08-28T15:15:00.000000+0530
NRAIL,N R Agarwal Industries Limited,EQ,,4944,2023-09-18T09:15:00.000000+0530,2026-08-28T15:15:00.000000+0530
NRBBEARING,NRB Bearing Limited,EQ,,5050,2023-09-18T09:15:00.000000+0530,2026-08-28T15:15:00.000000+0530
NRL,Nupur Recyclers Limited,BE,,5003,2023-09-18T09:15:00.000000+0530,2026-08-28T14:15:00.000000+0530
NSIL,Nalwa Sons Investments Limited,EQ,,5048,2023-09-18T09:15:00.000000+0530,2026-08-28T15:15:00.000000+0530
NSLNISP,NMDC Steel Limited,EQ,Metals & Mining,5050,2023-09-18T09:15:00.000000+0530,2026-08-28T15:15:00.000000+0530
NTCIND,NTC Industries Limited,EQ,,55,2026-08-18T09:15:00.000000+0530,2026-08-28T15:15:00.000000+0530
NTPC,NTPC Limited,EQ,Power,5044,2023-09-18T09:15:00.000000+0530,2026-08-28T15:15:00.000000+0530
NTPCGREEN,NTPC Green Energy Limited,EQ,Power,3019,2024-11-27T09:15:00.000000+0530,2026-08-28T15:15:00.000000+0530
NUCLEUS,Nucleus Software Exports Limited,EQ,,5050,2023-09-18T09:15:00.000000+0530,2026-08-28T15:15:00.000000+0530
NURECA,Nureca Limited,BE,,4988,2023-09-18T09:15:00.000000+0530,2026-08-28T15:15:00.000000+0530
NUVAMA,Nuvama Wealth Management Limited,EQ,Financial Services,3425,2024-09-02T09:15:00.000000+0530,2026-08-28T15:15:00.000000+0530
NUVOCO,Nuvoco Vistas Corporation Limited,EQ,Construction Materials,5047,2023-09-18T09:15:00.000000+0530,2026-08-28T15:15:00.000000+0530
NYKAA,FSN E-Commerce Ventures Limited,EQ,Consumer Services,5042,2023-09-18T09:15:00.000000+0530,2026-08-28T14:15:00.000000+0530
OAL,Oriental Aromatics Limited,EQ,,5049,2023-09-18T09:15:00.000000+0530,2026-08-28T15:15:00.000000+0530
OBCL,OBCL Limited,EQ,,4831,2023-09-18T09:15:00.000000+0530,2026-08-28T15:15:00.000000+0530
OBEROIRLTY,Oberoi Realty Limited,EQ,Realty,5042,2023-09-18T09:15:00.000000+0530,2026-08-28T14:15:00.000000+0530
OCCLLTD,OCCL Limited,BE,,3145,2024-10-29T09:15:00.000000+0530,2026-08-28T15:15:00.000000+0530
ODIGMA,Odigma Consultancy Solutions Limited,EQ,,2804,2024-12-12T09:15:00.000000+0530,2026-08-28T15:15:00.000000+0530
ODYCORP,Odyssey Corporation Limited,EQ,,61,2026-08-18T09:15:00.000000+0530,2026-08-28T15:15:00.000000+0530
OFSS,Oracle Financial Services Software Limited,EQ,Information Technology,5039,2023-09-18T09:15:00.000000+0530,2026-08-28T14:15:00.000000+0530
OIL,Oil India Limited,EQ,Oil Gas & Consumable Fuels,5041,2023-09-18T09:15:00.000000+0530,2026-08-28T15:15:00.000000+0530
OILCOUNTUB,Oil Country Tubular Limited,BE,,4735,2023-09-18T09:15:00.000000+0530,2026-08-28T15:15:00.000000+0530
OLAELEC,Ola Electric Mobility Limited,EQ,Automobile and Auto Components,3425,2024-09-02T09:15:00.000000+0530,2026-08-28T15:15:00.000000+0530
OLECTRA,Olectra Greentech Limited,EQ,Automobile and Auto Components,5048,2023-09-18T09:15:00.000000+0530,2026-08-28T15:15:00.000000+0530
OMAXAUTO,Omax Autos Limited,EQ,,4912,2023-09-18T09:15:00.000000+0530,2026-08-28T15:15:00.000000+0530
OMAXE,Omaxe Limited,EQ,,5049,2023-09-18T09:15:00.000000+0530,2026-08-28T15:15:00.000000+0530
OMFREIGHT,Om Freight Forwarders Limited,BE,,1519,2025-10-08T09:15:00.000000+0530,2026-08-28T15:15:00.000000+0530
OMINFRAL,OM INFRA LIMITED,EQ,,4942,2023-09-18T09:15:00.000000+0530,2026-08-28T15:15:00.000000+0530
OMNI,Omnitech Engineering Limited,EQ,,833,2026-03-05T09:15:00.000000+0530,2026-08-28T15:15:00.000000+0530
OMPOWER,Om Power Transmission Limited,EQ,,644,2026-04-17T09:15:00.000000+0530,2026-08-28T15:15:00.000000+0530
ONEGLOBAL,One Global Service Provider Limited,EQ,,63,2026-08-18T09:15:00.000000+0530,2026-08-28T15:15:00.000000+0530
ONELIFECAP,Onelife Capital Advisors Limited,BE,,4770,2023-09-18T09:15:00.000000+0530,2026-08-28T14:15:00.000000+0530
ONEPOINT,One Point One Solutions Limited,EQ,,5014,2023-09-18T09:15:00.000000+0530,2026-08-28T15:15:00.000000+0530
ONESOURCE,Onesource Specialty Pharma Limited,EQ,Healthcare,2732,2025-01-24T09:15:00.000000+0530,2026-08-28T15:15:00.000000+0530
ONGC,Oil & Natural Gas Corporation Limited,EQ,Oil Gas & Consumable Fuels,5045,2023-09-18T09:15:00.000000+0530,2026-08-28T14:15:00.000000+0530
ONIDA,Onida Electronics Limited,EQ,,347,2026-06-19T09:15:00.000000+0530,2026-08-28T15:15:00.000000+0530
ONIXSOLAR,Onix Solar Energy Limited,EQ,,63,2026-08-18T09:15:00.000000+0530,2026-08-28T15:15:00.000000+0530
ONMOBILE,OnMobile Global Limited,BE,,5020,2023-09-18T09:15:00.000000+0530,2026-08-28T14:15:00.000000+0530
ONWARDTEC,Onward Technologies Limited,EQ,,4997,2023-09-18T09:15:00.000000+0530,2026-08-28T15:15:00.000000+0530
OPTIEMUS,Optiemus Infracom Limited,EQ,,5048,2023-09-18T09:15:00.000000+0530,2026-08-28T15:15:00.000000+0530
OPTIFIN,Optimus Finance Limited,EQ,,62,2026-08-18T09:15:00.000000+0530,2026-08-28T15:15:00.000000+0530
ORBTEXP,Orbit Exports Limited,BE,,4954,2023-09-18T09:15:00.000000+0530,2026-08-28T15:15:00.000000+0530
ORCHASP,Orchasp Limited,EQ,,2616,2025-02-07T09:15:00.000000+0530,2026-08-28T15:15:00.000000+0530
ORCHPHARMA,Orchid Pharma Limited,EQ,,5048,2023-09-18T09:15:00.000000+0530,2026-08-28T15:15:00.000000+0530
ORICONENT,Oricon Enterprises Limited,EQ,,5045,2023-09-18T09:15:00.000000+0530,2026-08-28T15:15:00.000000+0530
ORIENTALTL,Oriental Trimex Limited,EQ,,4929,2023-09-18T09:15:00.000000+0530,2026-08-28T15:15:00.000000+0530
ORIENTBELL,Orient Bell Limited,EQ,,5049,2023-09-18T09:15:00.000000+0530,2026-08-28T15:15:00.000000+0530
ORIENTCEM,Orient Cement Limited,EQ,,5050,2023-09-18T09:15:00.000000+0530,2026-08-28T15:15:00.000000+0530
ORIENTCER,ORIENT CERATECH LIMITED,EQ,,5051,2023-09-18T09:15:00.000000+0530,2026-08-28T15:15:00.000000+0530
ORIENTELEC,Orient Electric Limited,EQ,,5047,2023-09-18T09:15:00.000000+0530,2026-08-28T15:15:00.000000+0530
ORIENTHOT,Oriental Hotels Limited,EQ,,5049,2023-09-18T09:15:00.000000+0530,2026-08-28T15:15:00.000000+0530
ORIENTLTD,Orient Press Limited,BE,,4854,2023-09-18T09:15:00.000000+0530,2026-08-28T14:15:00.000000+0530
ORIENTPPR,Orient Paper & Industries Limited,EQ,,5050,2023-09-18T09:15:00.000000+0530,2026-08-28T15:15:00.000000+0530
ORIENTTECH,Orient Technologies Limited,EQ,,3427,2024-09-02T09:15:00.000000+0530,2026-08-28T15:15:00.000000+0530
ORIRAIL,Oriental Rail Infrastructure Limited,EQ,,63,2026-08-18T09:15:00.000000+0530,2026-08-28T15:15:00.000000+0530
ORISSAMINE,The Orissa Minerals Development Company Limited,EQ,,5050,2023-09-18T09:15:00.000000+0530,2026-08-28T15:15:00.000000+0530
ORKLAINDIA,Orkla India Limited,EQ,,1394,2025-11-06T09:15:00.000000+0530,2026-08-28T15:15:00.000000+0530
ORTINGLOBE,ORTIN GLOBAL LIMITED,EQ,,2973,2024-09-03T09:15:00.000000+0530,2026-08-28T15:15:00.000000+0530
OSIAHYPER,Osia Hyper Retail Limited,BE,,4803,2023-09-18T09:15:00.000000+0530,2026-08-28T15:15:00.000000+0530
OSWALAGRO,Oswal Agro Mills Limited,EQ,,4997,2023-09-18T09:15:00.000000+0530,2026-08-28T15:15:00.000000+0530
OSWALGREEN,Oswal Greentech Limited,EQ,,5048,2023-09-18T09:15:00.000000+0530,2026-08-28T15:15:00.000000+0530
OSWALPUMPS,Oswal Pumps Limited,EQ,,2044,2025-06-20T09:15:00.000000+0530,2026-08-28T15:15:00.000000+0530
OSWALSEEDS,ShreeOswal Seeds And Chemicals Limited,EQ,,5045,2023-09-18T09:15:00.000000+0530,2026-08-28T15:15:00.000000+0530
PACEDIGITK,Pace Digitek Limited,EQ,,1536,2025-10-06T09:15:00.000000+0530,2026-08-28T15:15:00.000000+0530
PACIFICI,Pacific Industries Limited,EQ,,52,2026-08-18T09:15:00.000000+0530,2026-08-28T15:15:00.000000+0530
PAGEIND,Page Industries Limited,EQ,Textiles,5037,2023-09-18T09:15:00.000000+0530,2026-08-28T14:15:00.000000+0530
PAISALO,Paisalo Digital Limited,EQ,,5049,2023-09-18T09:15:00.000000+0530,2026-08-28T15:15:00.000000+0530
PAKKA,PAKKA LIMITED,EQ,,5049,2023-09-18T09:15:00.000000+0530,2026-08-28T15:15:00.000000+0530
PALASHSECU,Palash Securities Limited,EQ,,4704,2023-09-18T10:15:00.000000+0530,2026-08-28T14:15:00.000000+0530
PALREDTEC,Palred Technologies Limited,BE,,4485,2023-09-18T09:15:00.000000+0530,2026-08-28T14:15:00.000000+0530
PANACEABIO,Panacea Biotec Limited,EQ,,5050,2023-09-18T09:15:00.000000+0530,2026-08-28T15:15:00.000000+0530
PANACHE,Panache Digilife Limited,BE,,4377,2023-09-18T09:15:00.000000+0530,2026-08-28T14:15:00.000000+0530
PANAMAPET,Panama Petrochem Limited,EQ,,5050,2023-09-18T09:15:00.000000+0530,2026-08-28T15:15:00.000000+0530
PANCHMAHQ,Panchmahal Steel Limited,EQ,,29,2026-08-18T09:15:00.000000+0530,2026-08-28T15:15:00.000000+0530
PANORAMA,Panorama Studios International Limited,EQ,,63,2026-08-18T09:15:00.000000+0530,2026-08-28T15:15:00.000000+0530
PANSARI,Pansari Developers Limited,EQ,,3894,2023-09-18T10:15:00.000000+0530,2026-08-28T15:15:00.000000+0530
PAR,Par Drugs And Chemicals Limited,EQ,,4988,2023-09-18T09:15:00.000000+0530,2026-08-28T14:15:00.000000+0530
PARACABLES,Paramount Communications Limited,EQ,,5050,2023-09-18T09:15:00.000000+0530,2026-08-28T15:15:00.000000+0530
PARADEEP,Paradeep Phosphates Limited,EQ,Chemicals,5045,2023-09-18T09:15:00.000000+0530,2026-08-28T15:15:00.000000+0530
PARAGMILK,Parag Milk Foods Limited,EQ,,5049,2023-09-18T09:15:00.000000+0530,2026-08-28T15:15:00.000000+0530
PARAS,Paras Defence and Space Technologies Limited,EQ,,5047,2023-09-18T09:15:00.000000+0530,2026-08-28T15:15:00.000000+0530
PARASPETRO,Paras Petrofils Limited,EQ,,4637,2023-09-18T09:15:00.000000+0530,2026-08-28T15:15:00.000000+0530
PARKHOSPS,Park Medi World Limited,EQ,,1191,2025-12-17T09:15:00.000000+0530,2026-08-28T15:15:00.000000+0530
PARKHOTELS,Apeejay Surrendra Park Hotels Limited,EQ,,3426,2024-09-02T09:15:00.000000+0530,2026-08-28T15:15:00.000000+0530
PARNAXLAB,Parnax Lab Limited,EQ,,43,2026-08-18T09:15:00.000000+0530,2026-08-28T15:15:00.000000+0530
PARSVNATH,Parsvnath Developers Limited,BE,,4797,2023-09-18T09:15:00.000000+0530,2026-08-28T15:15:00.000000+0530
PASHUPATI,Pashupati Cotspin Limited,EQ,,1763,2025-07-17T09:15:00.000000+0530,2026-08-28T15:15:00.000000+0530
PASUPTAC,Pasupati Acrylon Limited,BE,,5002,2023-09-18T09:15:00.000000+0530,2026-08-28T15:15:00.000000+0530
PATANJALI,Patanjali Foods Limited,EQ,Fast Moving Consumer Goods,5043,2023-09-18T09:15:00.000000+0530,2026-08-28T14:15:00.000000+0530
PATELENG,Patel Engineering Limited,EQ,,5048,2023-09-18T09:15:00.000000+0530,2026-08-28T15:15:00.000000+0530
PATELRMART,Patel Retail Limited,EQ,,1725,2025-08-26T09:15:00.000000+0530,2026-08-28T15:15:00.000000+0530
PATINTLOG,Patel Integrated Logistics Limited,BE,,5048,2023-09-18T09:15:00.000000+0530,2026-08-28T15:15:00.000000+0530
PAUSHAKLTD,Paushak Limited,EQ,,1274,2025-12-01T09:15:00.000000+0530,2026-08-28T15:15:00.000000+0530
PAVNAIND,Pavna Industries Limited,EQ,,5013,2023-09-18T09:15:00.000000+0530,2026-08-28T15:15:00.000000+0530
PAYTM,One 97 Communications Limited,EQ,Financial Services,5042,2023-09-18T09:15:00.000000+0530,2026-08-28T14:15:00.000000+0530
PBMPOLY,PBM Polytex Limited,EQ,,20,2026-08-18T09:15:00.000000+0530,2026-08-28T15:15:00.000000+0530
PCBL,PCBL Chemical Limited,EQ,Chemicals,5049,2023-09-18T09:15:00.000000+0530,2026-08-28T15:15:00.000000+0530
PCJEWELLER,PC Jeweller Limited,EQ,,5049,2023-09-18T09:15:00.000000+0530,2026-08-28T15:15:00.000000+0530
PDMJEPAPER,Pudumjee Paper Products Limited,EQ,,4993,2023-09-18T09:15:00.000000+0530,2026-08-28T15:15:00.000000+0530
PDSL,PDS Limited,EQ,,5050,2023-09-18T09:15:00.000000+0530,2026-08-28T15:15:00.000000+0530
PEARLPOLY,Pearl Polymers Limited,EQ,,4976,2023-09-18T09:15:00.000000+0530,2026-08-28T15:15:00.000000+0530
PENIND,Pennar Industries Limited,EQ,,5048,2023-09-18T09:15:00.000000+0530,2026-08-28T15:15:00.000000+0530
PENINLAND,Peninsula Land Limited,BE,,4907,2023-09-18T09:15:00.000000+0530,2026-08-28T15:15:00.000000+0530
PERMAGN,Permanent Magnets Limited,EQ,,62,2026-08-18T09:15:00.000000+0530,2026-08-28T15:15:00.000000+0530
PERSISTENT,Persistent Systems Limited,EQ,Information Technology,5038,2023-09-18T09:15:00.000000+0530,2026-08-28T15:15:00.000000+0530
PETRONET,Petronet LNG Limited,EQ,Oil Gas & Consumable Fuels,5044,2023-09-18T09:15:00.000000+0530,2026-08-28T15:15:00.000000+0530
PFC,Power Finance Corporation Limited,EQ,Financial Services,5044,2023-09-18T09:15:00.000000+0530,2026-08-28T15:15:00.000000+0530
PFIZER,Pfizer Limited,EQ,Healthcare,5047,2023-09-18T09:15:00.000000+0530,2026-08-28T15:15:00.000000+0530
PFOCUS,Prime Focus Limited,EQ,Media Entertainment & Publication,5050,2023-09-18T09:15:00.000000+0530,2026-08-28T15:15:00.000000+0530
PFS,PTC India Financial Services Limited,EQ,,5050,2023-09-18T09:15:00.000000+0530,2026-08-28T15:15:00.000000+0530
PGEL,PG Electroplast Limited,EQ,Consumer Durables,5042,2023-09-18T09:15:00.000000+0530,2026-08-28T14:15:00.000000+0530
PGHH,Procter & Gamble Hygiene and Health Care Limited,EQ,,5049,2023-09-18T09:15:00.000000+0530,2026-08-28T15:15:00.000000+0530
PGHL,Procter & Gamble Health Limited,EQ,,5050,2023-09-18T09:15:00.000000+0530,2026-08-28T15:15:00.000000+0530
PGIL,Pearl Global Industries Limited,EQ,,5050,2023-09-18T09:15:00.000000+0530,2026-08-28T15:15:00.000000+0530
PHOENIXLTD,The Phoenix Mills Limited,EQ,Realty,5037,2023-09-18T09:15:00.000000+0530,2026-08-28T14:15:00.000000+0530
PHOENXINTL,Phoenix International Limited,EQ,,61,2026-08-18T09:15:00.000000+0530,2026-08-28T15:15:00.000000+0530
PICCADIL,Piccadily Agro Industries Limited,EQ,,1988,2025-07-02T09:15:00.000000+0530,2026-08-28T15:15:00.000000+0530
PIDILITIND,Pidilite Industries Limited,EQ,Chemicals,5045,2023-09-18T09:15:00.000000+0530,2026-08-28T15:15:00.000000+0530
PIGL,Power & Instrumentation (Gujarat) Limited,EQ,,4490,2023-09-18T09:15:00.000000+0530,2026-08-28T15:15:00.000000+0530
PIIND,PI Industries Limited,EQ,Chemicals,5042,2023-09-18T09:15:00.000000+0530,2026-08-28T15:15:00.000000+0530
PILANIINVS,Pilani Investment and Industries Corporation Limited,EQ,,5041,2023-09-18T09:15:00.000000+0530,2026-08-28T15:15:00.000000+0530
PILITA,PIL ITALICA LIFESTYLE LIMITED,EQ,,5013,2023-09-18T09:15:00.000000+0530,2026-08-28T15:15:00.000000+0530
PINELABS,Pine Labs Limited,EQ,Financial Services,1352,2025-11-14T09:15:00.000000+0530,2026-08-28T15:15:00.000000+0530
PIONEEREMB,Pioneer Embroideries Limited,EQ,,4935,2023-09-18T09:15:00.000000+0530,2026-08-28T15:15:00.000000+0530
PIONRINV,Pioneer Investcorp Limited,BE,,43,2026-08-18T09:15:00.000000+0530,2026-08-28T14:15:00.000000+0530
PIRAMALFIN,Piramal Finance Limited,EQ,Financial Services,1387,2025-11-07T09:15:00.000000+0530,2026-08-28T15:15:00.000000+0530
PITTIENG,Pitti Engineering Limited,EQ,,5050,2023-09-18T09:15:00.000000+0530,2026-08-28T15:15:00.000000+0530
PIXTRANS,Pix Transmissions Limited,EQ,,5050,2023-09-18T09:15:00.000000+0530,2026-08-28T15:15:00.000000+0530
PKTEA,The Peria Karamalai Tea & Produce Company Limited,EQ,,3733,2023-09-18T11:15:00.000000+0530,2026-08-28T15:15:00.000000+0530
PLASTIBLEN,Plastiblends India Limited,EQ,,5043,2023-09-18T09:15:00.000000+0530,2026-08-28T15:15:00.000000+0530
PLATIND,Platinum Industries Limited,EQ,,3423,2024-09-02T09:15:00.000000+0530,2026-08-28T15:15:00.000000+0530
PLAZACABLE,Plaza Wires Limited,EQ,,3422,2024-09-02T09:15:00.000000+0530,2026-08-28T15:15:00.000000+0530
PML,Paul Merchants Limited,EQ,,40,2026-08-19T09:15:00.000000+0530,2026-08-28T15:15:00.000000+0530
PNB,Punjab National Bank,EQ,Financial Services,5047,2023-09-18T09:15:00.000000+0530,2026-08-28T15:15:00.000000+0530
PNBGILTS,PNB Gilts Limited,EQ,,5047,2023-09-18T09:15:00.000000+0530,2026-08-28T15:15:00.000000+0530
PNBHOUSING,PNB Housing Finance Limited,EQ,Financial Services,5042,2023-09-18T09:15:00.000000+0530,2026-08-28T14:15:00.000000+0530
PNC,Pritish Nandy Communications Limited,EQ,,4773,2023-09-18T09:15:00.000000+0530,2026-08-28T15:15:00.000000+0530
PNCINFRA,PNC Infratech Limited,EQ,,5048,2023-09-18T09:15:00.000000+0530,2026-08-28T15:15:00.000000+0530
PNGJL,P N Gadgil Jewellers Limited,EQ,,3348,2024-09-17T09:15:00.000000+0530,2026-08-28T15:15:00.000000+0530
PNGSREVA,PNGS Reva Diamond Jewellery Limited,EQ,,840,2026-03-04T09:15:00.000000+0530,2026-08-28T15:15:00.000000+0530
POCL,Pondy Oxides & Chemicals Limited,EQ,,5049,2023-09-18T09:15:00.000000+0530,2026-08-28T15:15:00.000000+0530
PODDARMENT,Poddar Pigments Limited,EQ,,4919,2023-09-18T09:15:00.000000+0530,2026-08-28T15:15:00.000000+0530
POEL,POCL Enterprises Limited,EQ,,63,2026-08-18T09:15:00.000000+0530,2026-08-28T15:15:00.000000+0530
POKARNA,Pokarna Limited,EQ,,5050,2023-09-18T09:15:00.000000+0530,2026-08-28T15:15:00.000000+0530
POLICYBZR,PB Fintech Limited,EQ,Financial Services,5038,2023-09-18T09:15:00.000000+0530,2026-08-28T14:15:00.000000+0530
POLYCAB,Polycab India Limited,EQ,Capital Goods,5040,2023-09-18T09:15:00.000000+0530,2026-08-28T14:15:00.000000+0530
POLYMED,Poly Medicure Limited,EQ,Healthcare,5047,2023-09-18T09:15:00.000000+0530,2026-08-28T15:15:00.000000+0530
POLYPLEX,Polyplex Corporation Limited,EQ,,5048,2023-09-18T09:15:00.000000+0530,2026-08-28T15:15:00.000000+0530
POLYSPIN,Polyspin Exports Limited,EQ,,39,2026-08-18T09:15:00.000000+0530,2026-08-28T15:15:00.000000+0530
PONNIERODE,Ponni Sugars (Erode) Limited,EQ,,5047,2023-09-18T09:15:00.000000+0530,2026-08-28T15:15:00.000000+0530
POONAWALLA,Poonawalla Fincorp Limited,EQ,Financial Services,5049,2023-09-18T09:15:00.000000+0530,2026-08-28T15:15:00.000000+0530
POWERGRID,Power Grid Corporation of India Limited,EQ,Power,5045,2023-09-18T09:15:00.000000+0530,2026-08-28T15:15:00.000000+0530
POWERICA,Powerica Limited,EQ,,707,2026-04-02T09:15:00.000000+0530,2026-08-28T15:15:00.000000+0530
POWERINDIA,Hitachi Energy India Limited,EQ,Capital Goods,5044,2023-09-18T09:15:00.000000+0530,2026-08-28T14:15:00.000000+0530
POWERMECH,Power Mech Projects Limited,EQ,,5047,2023-09-18T09:15:00.000000+0530,2026-08-28T15:15:00.000000+0530
PPAP,PPAP Automotive Limited,BE,,4989,2023-09-18T09:15:00.000000+0530,2026-08-28T15:15:00.000000+0530
PPL,Prakash Pipes Limited,BE,,5048,2023-09-18T09:15:00.000000+0530,2026-08-28T15:15:00.000000+0530
PPLPHARMA,Piramal Pharma Limited,EQ,Healthcare,5049,2023-09-18T09:15:00.000000+0530,2026-08-28T15:15:00.000000+0530
PRABHA,Prabha Energy Limited,EQ,,2468,2025-03-19T09:15:00.000000+0530,2026-08-28T15:15:00.000000+0530
PRADPME,Pradeep Metals Limited,BE,,61,2026-08-18T09:15:00.000000+0530,2026-08-28T15:15:00.000000+0530
PRAENG,Prajay Engineers Syndicate Limited,EQ,,4854,2023-09-18T09:15:00.000000+0530,2026-08-28T15:15:00.000000+0530
PRAJIND,Praj Industries Limited,EQ,,5048,2023-09-18T09:15:00.000000+0530,2026-08-28T15:15:00.000000+0530
PRAKASH,Prakash Industries Limited,EQ,,5049,2023-09-18T09:15:00.000000+0530,2026-08-28T15:15:00.000000+0530
PRAKASHSTL,Prakash Steelage Limited,EQ,,4862,2023-09-18T09:15:00.000000+0530,2026-08-28T15:15:00.000000+0530
PRAVEG,Praveg Limited,EQ,,63,2026-08-18T09:15:00.000000+0530,2026-08-28T15:15:00.000000+0530
PRAXIS,Praxis Home Retail Limited,EQ,,4570,2023-09-18T09:15:00.000000+0530,2026-08-28T15:15:00.000000+0530
PRECAM,Precision Camshafts Limited,EQ,,5050,2023-09-18T09:15:00.000000+0530,2026-08-28T15:15:00.000000+0530
PRECOT,Precot Limited,EQ,,4841,2023-09-18T09:15:00.000000+0530,2026-08-28T15:15:00.000000+0530
PRECWIRE,Precision Wires India Limited,EQ,,5046,2023-09-18T09:15:00.000000+0530,2026-08-28T15:15:00.000000+0530
PREMCO,Premco Global Limited,EQ,,60,2026-08-18T09:15:00.000000+0530,2026-08-28T15:15:00.000000+0530
PREMEXPLN,Premier Explosives Limited,EQ,,5050,2023-09-18T09:15:00.000000+0530,2026-08-28T15:15:00.000000+0530
PREMIER,Premier Limited,BE,,3347,2023-09-18T09:15:00.000000+0530,2026-08-28T15:15:00.000000+0530
PREMIERENE,Premier Energies Limited,EQ,Capital Goods,3411,2024-09-03T09:15:00.000000+0530,2026-08-28T15:15:00.000000+0530
PREMIERPOL,Premier Polyfilm Limited,EQ,,4968,2023-09-18T09:15:00.000000+0530,2026-08-28T15:15:00.000000+0530
PRESTIGE,Prestige Estates Projects Limited,EQ,Realty,5041,2023-09-18T09:15:00.000000+0530,2026-08-28T14:15:00.000000+0530
PRICOLLTD,Pricol Limited,EQ,,5048,2023-09-18T09:15:00.000000+0530,2026-08-28T15:15:00.000000+0530
PRIMESECU,Prime Securities Limited,EQ,,5035,2023-09-18T09:15:00.000000+0530,2026-08-28T15:15:00.000000+0530
PRIMO,Primo Chemicals Limited,EQ,,2340,2025-04-22T09:15:00.000000+0530,2026-08-28T15:15:00.000000+0530
PRINCEPIPE,Prince Pipes And Fittings Limited,EQ,,5049,2023-09-18T09:15:00.000000+0530,2026-08-28T15:15:00.000000+0530
PRISMX,Prismx Global Ventures Limited,EQ,,63,2026-08-18T09:15:00.000000+0530,2026-08-28T15:15:00.000000+0530
PRITI,Priti International Limited,BE,,5044,2023-09-18T09:15:00.000000+0530,2026-08-28T15:15:00.000000+0530
PRITIKAUTO,Pritika Auto Industries Limited,BE,,4968,2023-09-18T09:15:00.000000+0530,2026-08-28T15:15:00.000000+0530
PRIVISCL,Privi Speciality Chemicals Limited,EQ,,5051,2023-09-18T09:15:00.000000+0530,2026-08-28T15:15:00.000000+0530
PROSTARM,Prostarm Info Systems Limited,EQ,,2138,2025-06-03T09:15:00.000000+0530,2026-08-28T15:15:00.000000+0530
PROTEAN,Protean eGov Technologies Limited,EQ,,2667,2025-02-06T09:15:00.000000+0530,2026-08-28T15:15:00.000000+0530
PROZONER,Prozone Realty Limited,EQ,,4842,2023-09-18T09:15:00.000000+0530,2026-08-28T15:15:00.000000+0530
PRSMJOHNSN,Prism Johnson Limited,EQ,,5048,2023-09-18T09:15:00.000000+0530,2026-08-28T15:15:00.000000+0530
PRUDENT,Prudent Corporate Advisory Services Limited,EQ,,5049,2023-09-18T09:15:00.000000+0530,2026-08-28T15:15:00.000000+0530
PRUDMOULI,Prudential Sugar Corporation Limited,BE,,2935,2024-09-02T09:15:00.000000+0530,2026-08-28T14:15:00.000000+0530
PSB,Punjab & Sind Bank,EQ,,5050,2023-09-18T09:15:00.000000+0530,2026-08-28T15:15:00.000000+0530
PSPPROJECT,PSP Projects Limited,EQ,,5049,2023-09-18T09:15:00.000000+0530,2026-08-28T15:15:00.000000+0530
PTC,PTC India Limited,EQ,,5048,2023-09-18T09:15:00.000000+0530,2026-08-28T15:15:00.000000+0530
PTCIL,PTC Industries Limited,EQ,Capital Goods,5049,2023-09-18T09:15:00.000000+0530,2026-08-28T15:15:00.000000+0530
PTL,PTL Enterprises Limited,EQ,,5050,2023-09-18T09:15:00.000000+0530,2026-08-28T15:15:00.000000+0530
PUNJABCHEM,Punjab Chemicals & Crop Protection Limited,EQ,,5049,2023-09-18T09:15:00.000000+0530,2026-08-28T15:15:00.000000+0530
PURVA,Puravankara Limited,EQ,,5050,2023-09-18T09:15:00.000000+0530,2026-08-28T15:15:00.000000+0530
PVP,PVP Ventures Limited,EQ,,4876,2023-09-18T09:15:00.000000+0530,2026-08-28T15:15:00.000000+0530
PVRINOX,PVR INOX Limited,EQ,Media Entertainment & Publication,5049,2023-09-18T09:15:00.000000+0530,2026-08-28T15:15:00.000000+0530
PVSL,Popular Vehicles and Services Limited,EQ,,3424,2024-09-02T09:15:00.000000+0530,2026-08-28T15:15:00.000000+0530
PWL,Physicswallah Limited,EQ,Consumer Services,1337,2025-11-18T09:15:00.000000+0530,2026-08-28T15:15:00.000000+0530
PYRAMID,Pyramid Technoplast Limited,EQ,,5048,2023-09-18T09:15:00.000000+0530,2026-08-28T15:15:00.000000+0530
QMSMEDI,QMS Medical Allied Services Limited,BE,,351,2026-06-18T09:15:00.000000+0530,2026-08-28T15:15:00.000000+0530
QPOWER,Quality Power Electrical Equipments Limited,EQ,,2585,2025-02-24T09:15:00.000000+0530,2026-08-28T15:15:00.000000+0530
QUADFUTURE,Quadrant Future Tek Limited,EQ,,2788,2025-01-14T09:15:00.000000+0530,2026-08-28T15:15:00.000000+0530
QUESS,Quess Corp Limited,EQ,,5049,2023-09-18T09:15:00.000000+0530,2026-08-28T15:15:00.000000+0530
QUICKHEAL,Quick Heal Technologies Limited,BE,,5049,2023-09-18T09:15:00.000000+0530,2026-08-28T15:15:00.000000+0530
QUINT,Quint Digital Limited,EQ,,63,2026-08-18T09:15:00.000000+0530,2026-08-28T15:15:00.000000+0530
RACE,Race Eco Chain Limited,EQ,,4985,2023-09-18T09:15:00.000000+0530,2026-08-28T15:15:00.000000+0530
RACLGEAR,RACL Geartech Limited,EQ,,2969,2024-12-06T09:15:00.000000+0530,2026-08-28T15:15:00.000000+0530
RADAAN,Radaan Mediaworks India Limited,EQ,,4029,2023-09-18T09:15:00.000000+0530,2026-08-28T15:15:00.000000+0530
RADHIKAJWE,Radhika Jeweltech Limited,EQ,,5049,2023-09-18T09:15:00.000000+0530,2026-08-28T15:15:00.000000+0530
RADIANTCMS,Radiant Cash Management Services Limited,EQ,,5048,2023-09-18T09:15:00.000000+0530,2026-08-28T15:15:00.000000+0530
RADICO,Radico Khaitan Limited,EQ,Fast Moving Consumer Goods,5037,2023-09-18T09:15:00.000000+0530,2026-08-28T14:15:00.000000+0530
RADIOCITY,Music Broadcast Limited,EQ,,5046,2023-09-18T09:15:00.000000+0530,2026-08-28T15:15:00.000000+0530
RAILTEL,Railtel Corporation Of India Limited,EQ,Telecommunication,5047,2023-09-18T09:15:00.000000+0530,2026-08-28T15:15:00.000000+0530
RAIN,Rain Industries Limited,EQ,,5049,2023-09-18T09:15:00.000000+0530,2026-08-28T15:15:00.000000+0530
RAINBOW,Rainbow Childrens Medicare Limited,EQ,Healthcare,5048,2023-09-18T09:15:00.000000+0530,2026-08-28T15:15:00.000000+0530
RAJESHEXPO,Rajesh Exports Limited,BZ,,5050,2023-09-18T09:15:00.000000+0530,2026-08-28T15:15:00.000000+0530
RAJMET,Rajnandini Metal Limited,EQ,,4928,2023-09-18T09:15:00.000000+0530,2026-08-28T15:15:00.000000+0530
RAJOOENG,Rajoo Engineers Limited,BE,,2159,2025-05-29T09:15:00.000000+0530,2026-08-28T15:15:00.000000+0530
RAJPALAYAM,Rajapalayam Mills Limited,EQ,,566,2026-04-20T14:15:00.000000+0530,2026-08-28T15:15:00.000000+0530
RAJRATAN,Rajratan Global Wire Limited,EQ,,5049,2023-09-18T09:15:00.000000+0530,2026-08-28T15:15:00.000000+0530
RAJRILTD,Raj Rayon Industries Limited,BE,,4935,2023-09-18T09:15:00.000000+0530,2026-08-28T15:15:00.000000+0530
RAJSREESUG,Rajshree Sugars & Chemicals Limited,EQ,,5015,2023-09-18T09:15:00.000000+0530,2026-08-28T15:15:00.000000+0530
RAJTV,Raj Television Network Limited,EQ,,4700,2023-09-18T09:15:00.000000+0530,2026-08-28T15:15:00.000000+0530
RALLIS,Rallis India Limited,EQ,,5050,2023-09-18T09:15:00.000000+0530,2026-08-28T15:15:00.000000+0530
RAMANEWS,Shree Rama Newsprint Limited,EQ,,4875,2023-09-18T09:15:00.000000+0530,2026-08-28T15:15:00.000000+0530
RAMAPHO,Rama Phosphates Limited,EQ,,4986,2023-09-18T09:15:00.000000+0530,2026-08-28T15:15:00.000000+0530
RAMASTEEL,Rama Steel Tubes Limited,BE,,5019,2023-09-18T09:15:00.000000+0530,2026-08-28T14:15:00.000000+0530
RAMBHAJO,Advit Jewels Limited,EQ,,298,2026-07-01T09:15:00.000000+0530,2026-08-28T15:15:00.000000+0530
RAMCOCEM,The Ramco Cements Limited,EQ,Construction Materials,5050,2023-09-18T09:15:00.000000+0530,2026-08-28T15:15:00.000000+0530
RAMCOIND,Ramco Industries Limited,EQ,,5047,2023-09-18T09:15:00.000000+0530,2026-08-28T15:15:00.000000+0530
RAMCOSYS,Ramco Systems Limited,EQ,,5047,2023-09-18T09:15:00.000000+0530,2026-08-28T15:15:00.000000+0530
RAMKY,Ramky Infrastructure Limited,EQ,,5046,2023-09-18T09:15:00.000000+0530,2026-08-28T15:15:00.000000+0530
RAMRAT,Ram Ratna Wires Limited,EQ,,5050,2023-09-18T09:15:00.000000+0530,2026-08-28T15:15:00.000000+0530
RANASUG,Rana Sugars Limited,EQ,,5051,2023-09-18T09:15:00.000000+0530,2026-08-28T15:15:00.000000+0530
RANEHOLDIN,Rane Holdings Limited,EQ,,5047,2023-09-18T09:15:00.000000+0530,2026-08-28T15:15:00.000000+0530
RATEGAIN,Rategain Travel Technologies Limited,EQ,,5048,2023-09-18T09:15:00.000000+0530,2026-08-28T15:15:00.000000+0530
RATNAMANI,Ratnamani Metals & Tubes Limited,EQ,,5050,2023-09-18T09:15:00.000000+0530,2026-08-28T15:15:00.000000+0530
RATNAVEER,Ratnaveer Precision Engineering Limited,EQ,,5000,2023-09-18T09:15:00.000000+0530,2026-08-28T15:15:00.000000+0530
RAYMOND,Raymond Limited,EQ,,5048,2023-09-18T09:15:00.000000+0530,2026-08-28T15:15:00.000000+0530
RAYMONDLSL,Raymond Lifestyle Limited,EQ,,3404,2024-09-05T09:15:00.000000+0530,2026-08-28T15:15:00.000000+0530
RAYMONDREL,Raymond Realty Limited,EQ,,1998,2025-07-01T09:15:00.000000+0530,2026-08-28T15:15:00.000000+0530
RBA,Restaurant Brands Asia Limited,EQ,,5048,2023-09-18T09:15:00.000000+0530,2026-08-28T15:15:00.000000+0530
RBLBANK,RBL Bank Limited,EQ,Financial Services,5043,2023-09-18T09:15:00.000000+0530,2026-08-28T15:15:00.000000+0530
RBZJEWEL,RBZ Jewellers Limited,EQ,,3255,2024-09-02T10:15:00.000000+0530,2026-08-28T15:15:00.000000+0530
RCF,Rashtriya Chemicals and Fertilizers Limited,EQ,,5049,2023-09-18T09:15:00.000000+0530,2026-08-28T15:15:00.000000+0530
RCOM,Reliance Communications Limited,BE,,3551,2023-09-18T09:15:00.000000+0530,2026-08-28T15:15:00.000000+0530
RECLTD,REC Limited,EQ,Financial Services,5043,2023-09-18T09:15:00.000000+0530,2026-08-28T15:15:00.000000+0530
REDINGTON,Redington Limited,EQ,Services,5049,2023-09-18T09:15:00.000000+0530,2026-08-28T15:15:00.000000+0530
REDTAPE,Redtape Limited,EQ,,5049,2023-09-18T09:15:00.000000+0530,2026-08-28T15:15:00.000000+0530
REFEX,Refex Industries Limited,EQ,,5048,2023-09-18T09:15:00.000000+0530,2026-08-28T15:15:00.000000+0530
REGAAL,Regaal Resources Limited,EQ,,1751,2025-08-20T09:15:00.000000+0530,2026-08-28T15:15:00.000000+0530
REGENCERAM,Regency Ceramics Limited,EQ,,3919,2023-09-18T09:15:00.000000+0530,2026-08-28T13:15:00.000000+0530
RELAXO,Relaxo Footwears Limited,EQ,,5050,2023-09-18T09:15:00.000000+0530,2026-08-28T15:15:00.000000+0530
RELCHEMQ,Reliance Chemotex Industries Limited,EQ,,5022,2023-09-18T09:15:00.000000+0530,2026-08-28T15:15:00.000000+0530
RELIABLE,Reliable Data Services Limited,EQ,,3606,2024-07-10T09:15:00.000000+0530,2026-08-28T15:15:00.000000+0530
RELIANCE,Reliance Industries Limited,EQ,Oil Gas & Consumable Fuels,5048,2023-09-18T09:15:00.000000+0530,2026-08-28T15:15:00.000000+0530
RELIGARE,Religare Enterprises Limited,EQ,,5050,2023-09-18T09:15:00.000000+0530,2026-08-28T15:15:00.000000+0530
RELINFRA,Reliance Infrastructure Limited,BE,,4499,2023-09-18T09:15:00.000000+0530,2026-08-28T15:15:00.000000+0530
RELTD,Ravindra Energy Limited,EQ,,3426,2024-09-02T09:15:00.000000+0530,2026-08-28T15:15:00.000000+0530
REMSONSIND,Remsons Industries Limited,EQ,,4940,2023-09-18T09:15:00.000000+0530,2026-08-28T15:15:00.000000+0530
RENUKA,Shree Renuka Sugars Limited,EQ,,5051,2023-09-18T09:15:00.000000+0530,2026-08-28T15:15:00.000000+0530
REPCOHOME,Repco Home Finance Limited,EQ,,5049,2023-09-18T09:15:00.000000+0530,2026-08-28T15:15:00.000000+0530
REPL,Rudrabhishek Enterprises Limited,BE,,4995,2023-09-18T09:15:00.000000+0530,2026-08-28T15:15:00.000000+0530
REPRO,Repro India Limited,EQ,,5042,2023-09-18T09:15:00.000000+0530,2026-08-28T15:15:00.000000+0530
RESPONIND,Responsive Industries Limited,EQ,,5049,2023-09-18T09:15:00.000000+0530,2026-08-28T15:15:00.000000+0530
RETAIL,JHS Svendgaard Retail Ventures Limited,EQ,,3157,2024-09-02T09:15:00.000000+0530,2026-08-28T15:15:00.000000+0530
RGL,Renaissance Global Limited,EQ,,5047,2023-09-18T09:15:00.000000+0530,2026-08-28T15:15:00.000000+0530
RHETAN,Rhetan TMT Limited,EQ,,1571,2025-09-26T09:15:00.000000+0530,2026-08-28T15:15:00.000000+0530
RHFL,Reliance Home Finance Limited,BZ,,4421,2023-09-18T09:15:00.000000+0530,2026-08-28T15:15:00.000000+0530
RHIM,RHI MAGNESITA INDIA LIMITED,EQ,Capital Goods,5047,2023-09-18T09:15:00.000000+0530,2026-08-28T15:15:00.000000+0530
RHL,Robust Hotels Limited,EQ,,4705,2023-09-18T09:15:00.000000+0530,2026-08-28T15:15:00.000000+0530
RICOAUTO,Rico Auto Industries Limited,EQ,,5049,2023-09-18T09:15:00.000000+0530,2026-08-28T15:15:00.000000+0530
RIIL,Reliance Industrial Infrastructure Limited,EQ,,5050,2023-09-18T09:15:00.000000+0530,2026-08-28T15:15:00.000000+0530
RIR,RIR Power Electronics Limited,EQ,,221,2026-07-16T09:15:00.000000+0530,2026-08-28T15:15:00.000000+0530
RISHABH,Rishabh Instruments Limited,EQ,,5049,2023-09-18T09:15:00.000000+0530,2026-08-28T15:15:00.000000+0530
RITCO,Ritco Logistics Limited,EQ,,5041,2023-09-18T09:15:00.000000+0530,2026-08-28T15:15:00.000000+0530
RITES,RITES Limited,EQ,Construction,5046,2023-09-18T09:15:00.000000+0530,2026-08-28T15:15:00.000000+0530
RKDL,Ravi Kumar Distilleries Limited,EQ,,4765,2023-09-18T09:15:00.000000+0530,2026-08-28T15:15:00.000000+0530
RKEC,RKEC Projects Limited,EQ,,5006,2023-09-18T09:15:00.000000+0530,2026-08-28T15:15:00.000000+0530
RKFORGE,Ramkrishna Forgings Limited,EQ,Automobile and Auto Components,5049,2023-09-18T09:15:00.000000+0530,2026-08-28T15:15:00.000000+0530
RKSWAMY,R K Swamy Limited,EQ,,3425,2024-09-02T09:15:00.000000+0530,2026-08-28T15:15:00.000000+0530
RMC,RMC Switchgears Limited,EQ,,704,2026-04-02T09:15:00.000000+0530,2026-08-28T15:15:00.000000+0530
RMDRIP,R M Drip and Sprinklers Systems Limited,BE,,1850,2025-07-30T09:15:00.000000+0530,2026-08-28T15:15:00.000000+0530
RML,Rane (Madras) Limited,EQ,,5048,2023-09-18T09:15:00.000000+0530,2026-08-28T15:15:00.000000+0530
RNBDENIMS,R&B Denims Limited,EQ,,1676,2025-09-04T09:15:00.000000+0530,2026-08-28T14:15:00.000000+0530
ROHLTD,Royal Orchid Hotels Limited,EQ,,5049,2023-09-18T09:15:00.000000+0530,2026-08-28T15:15:00.000000+0530
ROLEXRINGS,Rolex Rings Limited,EQ,,5047,2023-09-18T09:15:00.000000+0530,2026-08-28T15:15:00.000000+0530
ROLLT,Rollatainers Limited,BE,,4740,2023-09-18T09:15:00.000000+0530,2026-08-28T15:15:00.000000+0530
ROML,Raj Oil Mills Limited,EQ,,4927,2023-09-18T09:15:00.000000+0530,2026-08-28T15:15:00.000000+0530
ROSSARI,Rossari Biotech Limited,EQ,,5050,2023-09-18T09:15:00.000000+0530,2026-08-28T15:15:00.000000+0530
ROSSELLIND,Rossell India Limited,EQ,,5011,2023-09-18T09:15:00.000000+0530,2026-08-28T15:15:00.000000+0530
ROSSTECH,Rossell Techsys Limited,EQ,,2821,2024-12-10T09:15:00.000000+0530,2026-08-28T15:15:00.000000+0530
ROTO,Roto Pumps Limited,EQ,,5050,2023-09-18T09:15:00.000000+0530,2026-08-28T15:15:00.000000+0530
ROUTE,ROUTE MOBILE LIMITED,EQ,,5047,2023-09-18T09:15:00.000000+0530,2026-08-28T15:15:00.000000+0530
RPEL,Raghav Productivity Enhancers Limited,EQ,,3425,2024-09-02T09:15:00.000000+0530,2026-08-28T15:15:00.000000+0530
RPGLIFE,RPG Life Sciences Limited,EQ,,5047,2023-09-18T09:15:00.000000+0530,2026-08-28T15:15:00.000000+0530
RPOWER,Reliance Power Limited,EQ,Power,5048,2023-09-18T09:15:00.000000+0530,2026-08-28T15:15:00.000000+0530
RPPINFRA,R.P.P. Infra Projects Limited,EQ,,4903,2023-09-18T09:15:00.000000+0530,2026-08-28T15:15:00.000000+0530
RPPL,Rajshree Polypack Limited,BE,,5046,2023-09-18T09:15:00.000000+0530,2026-08-28T15:15:00.000000+0530
RPSGVENT,RPSG VENTURES LIMITED,EQ,,5047,2023-09-18T09:15:00.000000+0530,2026-08-28T15:15:00.000000+0530
RPTECH,Rashi Peripherals Limited,EQ,,3426,2024-09-02T09:15:00.000000+0530,2026-08-28T15:15:00.000000+0530
RRECL,RDB Real Estate Constructions Limited,EQ,,28,2026-08-18T09:15:00.000000+0530,2026-08-28T15:15:00.000000+0530
RRIL,RRIL Limited,EQ,,59,2026-08-18T09:15:00.000000+0530,2026-08-28T15:15:00.000000+0530
RRKABEL,R R Kabel Limited,EQ,Capital Goods,3425,2024-09-02T09:15:00.000000+0530,2026-08-28T15:15:00.000000+0530
RSDFIN,RSD Finance Limited,BE,,48,2026-08-18T09:15:00.000000+0530,2026-08-28T15:15:00.000000+0530
RSL,Rajputana Stainless Limited,EQ,,763,2026-03-19T09:15:00.000000+0530,2026-08-28T15:15:00.000000+0530
RSSOFTWARE,R. S. Software (India) Limited,EQ,,4627,2023-09-18T09:15:00.000000+0530,2026-08-28T15:15:00.000000+0530
RSWM,RSWM Limited,BE,,5050,2023-09-18T09:15:00.000000+0530,2026-08-28T15:15:00.000000+0530
RSYSTEMS,R Systems International Limited,EQ,,5048,2023-09-18T09:15:00.000000+0530,2026-08-28T15:15:00.000000+0530
RTNINDIA,RattanIndia Enterprises Limited,EQ,,5049,2023-09-18T09:15:00.000000+0530,2026-08-28T15:15:00.000000+0530
RTNPOWER,RattanIndia Power Limited,EQ,,5049,2023-09-18T09:15:00.000000+0530,2026-08-28T15:15:00.000000+0530
RTSPOWR,RTS Power Corporation Limited,EQ,,51,2026-08-18T09:15:00.000000+0530,2026-08-28T15:15:00.000000+0530
RUBFILA,Rubfila International Limited,EQ,,3423,2024-09-02T09:15:00.000000+0530,2026-08-28T15:15:00.000000+0530
RUBICON,Rubicon Research Limited,EQ,,1480,2025-10-16T09:15:00.000000+0530,2026-08-28T15:15:00.000000+0530
RUBYMILLS,The Ruby Mills Limited,BE,,5042,2023-09-18T09:15:00.000000+0530,2026-08-28T15:15:00.000000+0530
RUCHINFRA,Ruchi Infrastructure Limited,EQ,,4940,2023-09-18T09:15:00.000000+0530,2026-08-28T15:15:00.000000+0530
RUCHIRA,Ruchira Papers Limited,EQ,,5047,2023-09-18T09:15:00.000000+0530,2026-08-28T15:15:00.000000+0530
RUDRA,Rudra Global Infra Products Limited,EQ,,1165,2025-12-19T09:15:00.000000+0530,2026-08-28T15:15:00.000000+0530
RUPA,Rupa & Company Limited,EQ,,5048,2023-09-18T09:15:00.000000+0530,2026-08-28T15:15:00.000000+0530
RUSHIL,Rushil Decor Limited,EQ,,5047,2023-09-18T09:15:00.000000+0530,2026-08-28T15:15:00.000000+0530
RUSTOMJEE,Keystone Realtors Limited,EQ,,5050,2023-09-18T09:15:00.000000+0530,2026-08-28T15:15:00.000000+0530
RVHL,Ravinder Heights Limited,EQ,,4915,2023-09-18T09:15:00.000000+0530,2026-08-28T15:15:00.000000+0530
RVNL,Rail Vikas Nigam Limited,EQ,Construction,5042,2023-09-18T09:15:00.000000+0530,2026-08-28T14:15:00.000000+0530
RVTH,Revathi Equipment India Limited,EQ,,2707,2024-11-26T09:15:00.000000+0530,2026-08-28T15:15:00.000000+0530
S&SPOWER,S&S Power Switchgears Limited,EQ,,4149,2023-09-18T11:15:00.000000+0530,2026-08-28T15:15:00.000000+0530
SAATVIKGL,Saatvik Green Energy Limited,EQ,,1571,2025-09-26T09:15:00.000000+0530,2026-08-28T15:15:00.000000+0530
SAB,SAB Industries Limited,EQ,,20,2026-08-20T10:15:00.000000+0530,2026-08-27T15:15:00.000000+0530
SADBHAV,Sadbhav Engineering Limited,EQ,,4819,2023-09-18T09:15:00.000000+0530,2026-08-28T15:15:00.000000+0530
SADBHIN,Sadbhav Infrastructure Project Limited,BE,,4894,2023-09-18T09:15:00.000000+0530,2026-08-28T15:15:00.000000+0530
SADHNANIQ,Sadhana Nitrochem Limited,BE,,4769,2023-09-18T09:15:00.000000+0530,2026-08-28T14:15:00.000000+0530
SAFARI,Safari Industries (India) Limited,EQ,,5048,2023-09-18T09:15:00.000000+0530,2026-08-28T15:15:00.000000+0530
SAGARDEEP,Sagardeep Alloys Limited,EQ,,4976,2023-09-18T09:15:00.000000+0530,2026-08-28T15:15:00.000000+0530
SAGCEM,Sagar Cements Limited,EQ,,5049,2023-09-18T09:15:00.000000+0530,2026-08-28T15:15:00.000000+0530
SAGILITY,SAGILITY LIMITED,EQ,Information Technology,3080,2024-11-12T09:15:00.000000+0530,2026-08-28T15:15:00.000000+0530
SAHLIBHFI,Shalibhadra Finance Limited,EQ,,610,2026-04-10T09:15:00.000000+0530,2026-08-28T15:15:00.000000+0530
SAHYADRI,Sahyadri Industries Limited,EQ,,4997,2023-09-18T09:15:00.000000+0530,2026-08-28T15:15:00.000000+0530
SAICAPI,Sai Capital Limited,EQ,,38,2026-08-18T09:15:00.000000+0530,2026-08-28T15:15:00.000000+0530
SAIL,Steel Authority of India Limited,EQ,Metals & Mining,5049,2023-09-18T09:15:00.000000+0530,2026-08-28T15:15:00.000000+0530
SAILIFE,Sai Life Sciences Limited,EQ,Healthcare,2913,2024-12-18T09:15:00.000000+0530,2026-08-28T15:15:00.000000+0530
SAIPARENT,Sai Parenterals Limited,EQ,,707,2026-04-02T09:15:00.000000+0530,2026-08-28T15:15:00.000000+0530
SAKAR,Sakar Healthcare Limited,EQ,,5049,2023-09-18T09:15:00.000000+0530,2026-08-28T15:15:00.000000+0530
SAKHTISUG,Sakthi Sugars Limited,EQ,,5050,2023-09-18T09:15:00.000000+0530,2026-08-28T15:15:00.000000+0530
SAKSOFT,Saksoft Limited,EQ,,5047,2023-09-18T09:15:00.000000+0530,2026-08-28T15:15:00.000000+0530
SAKUMA,Sakuma Exports Limited,EQ,,4953,2023-09-18T09:15:00.000000+0530,2026-08-28T15:15:00.000000+0530
SALASAR,Salasar Techno Engineering Limited,EQ,,5051,2023-09-18T09:15:00.000000+0530,2026-08-28T15:15:00.000000+0530
SALONA,Salona Cotspin Limited,EQ,,4448,2023-09-18T09:15:00.000000+0530,2026-08-28T14:15:00.000000+0530
SALSTEEL,S.A.L. Steel Limited,EQ,,4790,2023-09-18T09:15:00.000000+0530,2026-08-28T15:15:00.000000+0530
SALZERELEC,Salzer Electronics Limited,EQ,,5049,2023-09-18T09:15:00.000000+0530,2026-08-28T15:15:00.000000+0530
SAMBANDAM,Sambandam Spinning Mills Limited,EQ,,47,2026-08-19T14:15:00.000000+0530,2026-08-28T15:15:00.000000+0530
SAMBHAAV,Sambhaav Media Limited,EQ,,4928,2023-09-18T09:15:00.000000+0530,2026-08-28T15:15:00.000000+0530
SAMBHV,Sambhv Steel Tubes Limited,EQ,,1991,2025-07-02T09:15:00.000000+0530,2026-08-28T15:15:00.000000+0530
SAMHI,Samhi Hotels Limited,EQ,,3422,2024-09-02T09:15:00.000000+0530,2026-08-28T15:15:00.000000+0530
SAMMAANCAP,Sammaan Capital Limited,EQ,Financial Services,3599,2024-07-26T09:15:00.000000+0530,2026-08-28T15:15:00.000000+0530
SAMPANN,Sampann Utpadan India Limited,EQ,,4908,2023-09-18T09:15:00.000000+0530,2026-08-28T15:15:00.000000+0530
SANATHAN,Sanathan Textiles Limited,EQ,,2870,2024-12-27T09:15:00.000000+0530,2026-08-28T15:15:00.000000+0530
SANDESH,The Sandesh Limited,EQ,,4943,2023-09-18T09:15:00.000000+0530,2026-08-28T15:15:00.000000+0530
SANDHAR,Sandhar Technologies Limited,EQ,,5049,2023-09-18T09:15:00.000000+0530,2026-08-28T15:15:00.000000+0530
SANDUMA,Sandur Manganese & Iron Ores Limited,EQ,,5049,2023-09-18T09:15:00.000000+0530,2026-08-28T15:15:00.000000+0530
SANGAMIND,Sangam (India) Limited,EQ,,5047,2023-09-18T09:15:00.000000+0530,2026-08-28T15:15:00.000000+0530
SANGHVIMOV,Sanghvi Movers Limited,EQ,,5049,2023-09-18T09:15:00.000000+0530,2026-08-28T15:15:00.000000+0530
SANGINITA,Sanginita Chemicals Limited,BE,,4811,2023-09-18T09:15:00.000000+0530,2026-08-28T15:15:00.000000+0530
SANOFI,Sanofi India Limited,EQ,,5049,2023-09-18T09:15:00.000000+0530,2026-08-28T15:15:00.000000+0530
SANOFICONR,Sanofi Consumer Healthcare India Limited,EQ,,3362,2024-09-13T09:15:00.000000+0530,2026-08-28T15:15:00.000000+0530
SANSERA,Sansera Engineering Limited,EQ,,5049,2023-09-18T09:15:00.000000+0530,2026-08-28T15:15:00.000000+0530
SANSTAR,Sanstar Limited,EQ,,3425,2024-09-02T09:15:00.000000+0530,2026-08-28T15:15:00.000000+0530
SANWARIA,Sanwaria Consumer Limited,BZ,,3757,2023-09-18T09:15:00.000000+0530,2026-08-28T15:15:00.000000+0530
SAPPHIRE,Sapphire Foods India Limited,EQ,Consumer Services,5050,2023-09-18T09:15:00.000000+0530,2026-08-28T15:15:00.000000+0530
SAPPL,Shree Ajit Pulp & Paper Limited,EQ,,49,2026-08-18T09:15:00.000000+0530,2026-08-28T15:15:00.000000+0530
SARDAEN,Sarda Energy & Minerals Limited,EQ,Metals & Mining,5050,2023-09-18T09:15:00.000000+0530,2026-08-28T15:15:00.000000+0530
SAREGAMA,Saregama India Limited,EQ,Media Entertainment & Publication,5050,2023-09-18T09:15:00.000000+0530,2026-08-28T15:15:00.000000+0530
SARLAPOLY,Sarla Performance Fibers Limited,EQ,,5048,2023-09-18T09:15:00.000000+0530,2026-08-28T15:15:00.000000+0530
SARVESHWAR,Sarveshwar Foods Limited,EQ,,4993,2023-09-18T09:15:00.000000+0530,2026-08-28T15:15:00.000000+0530
SASKEN,Sasken Technologies Limited,EQ,,5049,2023-09-18T09:15:00.000000+0530,2026-08-28T15:15:00.000000+0530
SATIA,Satia Industries Limited,EQ,,5050,2023-09-18T09:15:00.000000+0530,2026-08-28T15:15:00.000000+0530
SATIN,Satin Creditcare Network Limited,EQ,,5049,2023-09-18T09:15:00.000000+0530,2026-08-28T15:15:00.000000+0530
SAURASHCEM,Saurashtra Cement Limited,EQ,,3426,2024-09-02T09:15:00.000000+0530,2026-08-28T15:15:00.000000+0530
SAYAJIHOTL,Sayaji Hotels Limited,EQ,,222,2026-04-22T15:15:00.000000+0530,2026-08-28T15:15:00.000000+0530
SAYAJIIND,Sayaji Industries Limited,EQ,,35,2026-08-18T09:15:00.000000+0530,2026-08-28T15:15:00.000000+0530
SBC,SBC Exports Limited,EQ,,5049,2023-09-18T09:15:00.000000+0530,2026-08-28T15:15:00.000000+0530
SBCL,Shivalik Bimetal Controls Limited,EQ,,5050,2023-09-18T09:15:00.000000+0530,2026-08-28T15:15:00.000000+0530
SBFC,SBFC Finance Limited,EQ,Financial Services,5046,2023-09-18T09:15:00.000000+0530,2026-08-28T15:15:00.000000+0530
SBGLP,Suratwwala Business Group Limited,EQ,,4908,2023-09-18T09:15:00.000000+0530,2026-08-28T15:15:00.000000+0530
SBICARD,SBI Cards and Payment Services Limited,EQ,Financial Services,5042,2023-09-18T09:15:00.000000+0530,2026-08-28T15:15:00.000000+0530
SBIFUNDS,SBI Funds Management Limited,EQ,,203,2026-07-21T09:15:00.000000+0530,2026-08-28T15:15:00.000000+0530
SBILIFE,SBI Life Insurance Company Limited,EQ,Financial Services,5039,2023-09-18T09:15:00.000000+0530,2026-08-28T15:15:00.000000+0530
SBIN,State Bank of India,EQ,Financial Services,5046,2023-09-18T09:15:00.000000+0530,2026-08-28T14:15:00.000000+0530
SCANSTL,Scan Steels Limited,BE,,63,2026-08-18T09:15:00.000000+0530,2026-08-28T15:15:00.000000+0530
SCHAEFFLER,Schaeffler India Limited,EQ,Automobile and Auto Components,5049,2023-09-18T09:15:00.000000+0530,2026-08-28T15:15:00.000000+0530
SCHAND,S Chand And Company Limited,EQ,,5048,2023-09-18T09:15:00.000000+0530,2026-08-28T15:15:00.000000+0530
SCHNEIDER,Schneider Electric Infrastructure Limited,EQ,Capital Goods,5049,2023-09-18T09:15:00.000000+0530,2026-08-28T15:15:00.000000+0530
SCI,Shipping Corporation Of India Limited,EQ,Services,5049,2023-09-18T09:15:00.000000+0530,2026-08-28T15:15:00.000000+0530
SCILAL,Shipping Corporation of India Land and Assets Limited,EQ,,3426,2024-09-02T09:15:00.000000+0530,2026-08-28T15:15:00.000000+0530
SCODATUBES,Scoda Tubes Limited,EQ,,2131,2025-06-04T09:15:00.000000+0530,2026-08-28T15:15:00.000000+0530
SCPL,Sheetal Cool Products Limited,BE,,5035,2023-09-18T09:15:00.000000+0530,2026-08-28T15:15:00.000000+0530
SDBL,Som Distilleries & Breweries Limited,EQ,,5050,2023-09-18T09:15:00.000000+0530,2026-08-28T15:15:00.000000+0530
SEAMECLTD,Seamec Limited,EQ,,5050,2023-09-18T09:15:00.000000+0530,2026-08-28T15:15:00.000000+0530
SECMARK,SecMark Consultancy Limited,EQ,,2864,2024-09-02T09:15:00.000000+0530,2026-08-28T15:15:00.000000+0530
SECURKLOUD,SECUREKLOUD TECHNOLOGIES LIMITED,EQ,,4902,2023-09-18T09:15:00.000000+0530,2026-08-28T15:15:00.000000+0530
SEDEMAC,SEDEMAC Mechatronics Limited,EQ,,805,2026-03-11T09:15:00.000000+0530,2026-08-28T15:15:00.000000+0530
SEIL,Shanti Educational Initiatives Limited,EQ,,63,2026-08-18T09:15:00.000000+0530,2026-08-28T15:15:00.000000+0530
SEJALLTD,Sejal Glass Limited,EQ,,4538,2023-09-18T09:15:00.000000+0530,2026-08-28T15:15:00.000000+0530
SEKURITIND,Saint Gobain Sekurit India Limited,EQ,,63,2026-08-18T09:15:00.000000+0530,2026-08-28T15:15:00.000000+0530
SELMC,SEL Manufacturing Company Limited,EQ,,4996,2023-09-18T09:15:00.000000+0530,2026-08-28T15:15:00.000000+0530
SEMAC,Semac Construction Limited,EQ,,4358,2023-09-21T09:15:00.000000+0530,2026-08-28T14:15:00.000000+0530
SENCO,Senco Gold Limited,EQ,,5049,2023-09-18T09:15:00.000000+0530,2026-08-28T15:15:00.000000+0530
SENORES,Senores Pharmaceuticals Limited,EQ,,2864,2024-12-30T09:15:00.000000+0530,2026-08-28T15:15:00.000000+0530
SEPC,SEPC Limited,EQ,,5050,2023-09-18T09:15:00.000000+0530,2026-08-28T15:15:00.000000+0530
SERVOTECH,Servotech Renewable Power System Limited,EQ,,5049,2023-09-18T09:15:00.000000+0530,2026-08-28T15:15:00.000000+0530
SESHAPAPER,Seshasayee Paper and Boards Limited,EQ,,5050,2023-09-18T09:15:00.000000+0530,2026-08-28T15:15:00.000000+0530
SETCO,Setco Automotive Limited,BE,,4456,2023-09-18T09:15:00.000000+0530,2026-08-28T15:15:00.000000+0530
SETL,Standard Engineering Technology Limited,EQ,,1043,2026-01-19T09:15:00.000000+0530,2026-08-28T15:15:00.000000+0530
SETUINFRA,Setubandhan Infrastructure Limited,BZ,,3270,2023-09-18T09:15:00.000000+0530,2026-08-28T15:15:00.000000+0530
SEYAIND,Seya Industries Limited,BE,,3250,2023-09-18T09:15:00.000000+0530,2026-08-28T15:15:00.000000+0530
SFL,Sheela Foam Limited,EQ,,5048,2023-09-18T09:15:00.000000+0530,2026-08-28T15:15:00.000000+0530
SGFIN,SG Finserve Limited,EQ,,1822,2025-08-05T09:15:00.000000+0530,2026-08-28T15:15:00.000000+0530
SGIL,Synergy Green Industries Limited,EQ,,4998,2023-09-18T09:15:00.000000+0530,2026-08-28T15:15:00.000000+0530
SGL,STL Global Limited,EQ,,4921,2023-09-18T09:15:00.000000+0530,2026-08-28T15:15:00.000000+0530
SGLRES,SGL Resources Limited,EQ,,60,2026-08-18T09:15:00.000000+0530,2026-08-28T15:15:00.000000+0530
SGMART,SG Mart Limited,EQ,,1641,2025-09-12T09:15:00.000000+0530,2026-08-28T15:15:00.000000+0530
SGRL,Shree Ganesh Remedies Limited,EQ,,63,2026-08-18T09:15:00.000000+0530,2026-08-28T15:15:00.000000+0530
SHADOWFAX,Shadowfax Technologies Limited,EQ,,1001,2026-01-28T09:15:00.000000+0530,2026-08-28T15:15:00.000000+0530
SHAH,Shah Metacorp Limited,EQ,,221,2025-09-16T09:15:00.000000+0530,2026-08-28T15:15:00.000000+0530
SHAHALLOYS,Shah Alloys Limited,EQ,,4748,2023-09-18T09:15:00.000000+0530,2026-08-28T15:15:00.000000+0530
SHAILY,Shaily Engineering Plastics Limited,EQ,,5050,2023-09-18T09:15:00.000000+0530,2026-08-28T15:15:00.000000+0530
SHAKTIPUMP,Shakti Pumps (India) Limited,EQ,,5048,2023-09-18T09:15:00.000000+0530,2026-08-28T15:15:00.000000+0530
SHALBY,Shalby Limited,EQ,,5047,2023-09-18T09:15:00.000000+0530,2026-08-28T15:15:00.000000+0530
SHALPAINTS,Shalimar Paints Limited,BE,,5050,2023-09-18T09:15:00.000000+0530,2026-08-28T15:15:00.000000+0530
SHANKARA,Shankara Building Products Limited,EQ,,5001,2023-09-18T09:15:00.000000+0530,2026-08-28T15:15:00.000000+0530
SHANKESH,Shankesh Jewellers Limited,EQ,,28,2026-08-25T09:15:00.000000+0530,2026-08-28T15:15:00.000000+0530
SHANTI,Shanti Overseas (India) Limited,EQ,,4874,2023-09-18T09:15:00.000000+0530,2026-08-28T15:15:00.000000+0530
SHANTIGEAR,Shanthi Gears Limited,EQ,,5048,2023-09-18T09:15:00.000000+0530,2026-08-28T15:15:00.000000+0530
SHANTIGOLD,Shanti Gold International Limited,EQ,,1834,2025-08-01T09:15:00.000000+0530,2026-08-28T15:15:00.000000+0530
SHARDACROP,Sharda Cropchem Limited,EQ,,5050,2023-09-18T09:15:00.000000+0530,2026-08-28T15:15:00.000000+0530
SHARDAMOTR,Sharda Motor Industries Limited,EQ,,5050,2023-09-18T09:15:00.000000+0530,2026-08-28T15:15:00.000000+0530
SHARDUL,Shardul Securities Limited,BE,,553,2026-04-22T09:15:00.000000+0530,2026-08-28T15:15:00.000000+0530
SHAREINDIA,Share India Securities Limited,EQ,,5050,2023-09-18T09:15:00.000000+0530,2026-08-28T15:15:00.000000+0530
SHBAJRG,Shri Bajrang Alliance Limited,EQ,,54,2026-08-18T09:15:00.000000+0530,2026-08-28T14:15:00.000000+0530
SHEKHAWATI,Shekhawati Industries Limited,BE,,3305,2024-08-09T09:15:00.000000+0530,2026-08-28T15:15:00.000000+0530
SHEMAROO,Shemaroo Entertainment Limited,BE,,5000,2023-09-18T09:15:00.000000+0530,2026-08-28T15:15:00.000000+0530
SHERVANI,Shervani Industrial Syndicate Limited,EQ,,39,2026-08-19T09:15:00.000000+0530,2026-08-28T14:15:00.000000+0530
SHILCTECH,Shilchar Technologies Limited,EQ,,1309,2025-11-24T09:15:00.000000+0530,2026-08-28T15:15:00.000000+0530
SHILGRAVQ,Shilp Gravures Limited,EQ,,53,2026-08-18T10:15:00.000000+0530,2026-08-28T15:15:00.000000+0530
SHILPAMED,Shilpa Medicare Limited,EQ,,5050,2023-09-18T09:15:00.000000+0530,2026-08-28T15:15:00.000000+0530
SHINDL,Sharat Industries Limited,EQ,,61,2026-08-18T09:15:00.000000+0530,2026-08-28T15:15:00.000000+0530
SHIPROCKET,Shiprocket Limited,EQ,,56,2026-08-19T09:15:00.000000+0530,2026-08-28T15:15:00.000000+0530
SHIVAAGRO,Shiva Global Agro Industries Limited,EQ,,52,2026-08-18T09:15:00.000000+0530,2026-08-28T14:15:00.000000+0530
SHIVACEM,Shiva Cement Limited,EQ,,63,2026-08-18T09:15:00.000000+0530,2026-08-28T15:15:00.000000+0530
SHIVALIK,Shivalik Rasayan Limited,BE,,5049,2023-09-18T09:15:00.000000+0530,2026-08-28T15:15:00.000000+0530
SHIVAMAUTO,Shivam Autotech Limited,BE,,4986,2023-09-18T09:15:00.000000+0530,2026-08-28T15:15:00.000000+0530
SHIVAMILLS,Shiva Mills Limited,EQ,,4728,2023-09-18T09:15:00.000000+0530,2026-08-28T15:15:00.000000+0530
SHIVATEX,Shiva Texyarn Limited,EQ,,4890,2023-09-18T09:15:00.000000+0530,2026-08-28T15:15:00.000000+0530
SHIVAUM,Shiv Aum Steels Limited,EQ,,711,2025-11-14T09:15:00.000000+0530,2026-08-28T15:15:00.000000+0530
SHK,S H Kelkar and Company Limited,EQ,,5049,2023-09-18T09:15:00.000000+0530,2026-08-28T15:15:00.000000+0530
SHOPERSTOP,Shoppers Stop Limited,EQ,,5050,2023-09-18T09:15:00.000000+0530,2026-08-28T15:15:00.000000+0530
SHRADDHA,Shraddha Prime Projects Limited,EQ,,57,2026-08-18T09:15:00.000000+0530,2026-08-28T15:15:00.000000+0530
SHRADHA,Shradha Realty Limited,EQ,,4760,2023-09-18T09:15:00.000000+0530,2026-08-28T15:15:00.000000+0530
SHREDIGCEM,Shree Digvijay Cement Co.Ltd,EQ,,5048,2023-09-18T09:15:00.000000+0530,2026-08-28T15:15:00.000000+0530
SHREECEM,SHREE CEMENT LIMITED,EQ,Construction Materials,5038,2023-09-18T09:15:00.000000+0530,2026-08-28T15:15:00.000000+0530
SHREEJISPG,Shreeji Shipping Global Limited,EQ,,1722,2025-08-26T09:15:00.000000+0530,2026-08-28T15:15:00.000000+0530
SHREEPUSHK,Shree Pushkar Chemicals & Fertilisers Limited,EQ,,5047,2023-09-18T09:15:00.000000+0530,2026-08-28T15:15:00.000000+0530
SHREERAMA,Shree Rama Multi-Tech Limited,EQ,,4713,2023-09-18T09:15:00.000000+0530,2026-08-28T15:15:00.000000+0530
SHRENIK,Shrenik Limited,BZ,,4910,2023-09-18T09:15:00.000000+0530,2026-08-28T15:15:00.000000+0530
SHREYANIND,Shreyans Industries Limited,EQ,,4936,2023-09-18T09:15:00.000000+0530,2026-08-28T15:15:00.000000+0530
SHRIKRISH,Shri Krishna Devcon Limited,EQ,,17,2026-08-20T09:15:00.000000+0530,2026-08-28T15:15:00.000000+0530
SHRINGARMS,Shringar House of Mangalsutra Limited,EQ,,1620,2025-09-17T09:15:00.000000+0530,2026-08-28T15:15:00.000000+0530
SHRIPISTON,SPR Auto Technologies Limited,EQ,,5048,2023-09-18T09:15:00.000000+0530,2026-08-28T15:15:00.000000+0530
SHRIRAMFIN,Shriram Finance Limited,EQ,Financial Services,5044,2023-09-18T09:15:00.000000+0530,2026-08-28T14:15:00.000000+0530
SHRIRAMPPS,Shriram Properties Limited,EQ,,5051,2023-09-18T09:15:00.000000+0530,2026-08-28T15:15:00.000000+0530
SHRJAGP,Shri Jagdamba Polymers Limited,EQ,,55,2026-08-18T09:15:00.000000+0530,2026-08-28T15:15:00.000000+0530
SHUKRAPHAR,Shukra Pharmaceuticals Limited,EQ,,77,2026-08-14T09:15:00.000000+0530,2026-08-28T15:15:00.000000+0530
SHYAMCENT,Shyam Century Ferrous Limited,BE,,4900,2023-09-18T09:15:00.000000+0530,2026-08-28T15:15:00.000000+0530
SHYAMMETL,Shyam Metalics and Energy Limited,EQ,Capital Goods,5047,2023-09-18T09:15:00.000000+0530,2026-08-28T15:15:00.000000+0530
SHYAMTEL,Shyam Telecom Limited,EQ,,3739,2023-09-18T09:15:00.000000+0530,2026-08-28T15:15:00.000000+0530
SICAGEN,Sicagen India Limited,EQ,,624,2026-04-20T09:15:00.000000+0530,2026-08-28T15:15:00.000000+0530
SICALLOG,Sical Logistics Limited,BE,,3779,2023-10-12T09:15:00.000000+0530,2026-08-28T15:15:00.000000+0530
SIEL,Superior Industrial Enterprises Limited,EQ,,53,2026-08-18T09:15:00.000000+0530,2026-08-28T15:15:00.000000+0530
SIEMENS,Siemens Limited,EQ,Capital Goods,5043,2023-09-18T09:15:00.000000+0530,2026-08-28T15:15:00.000000+0530
SIGACHI,Sigachi Industries Limited,EQ,,5001,2023-09-18T09:15:00.000000+0530,2026-08-28T15:15:00.000000+0530
SIGIND,Signet Industries Limited,BE,,5035,2023-09-18T09:15:00.000000+0530,2026-08-28T15:15:00.000000+0530
SIGMA,Sigma Solve Limited,EQ,,5048,2023-09-18T09:15:00.000000+0530,2026-08-28T15:15:00.000000+0530
SIGMAADV,SIGMA ADVANCED SYSTEMS LIMITED,BE,,952,2026-02-09T09:15:00.000000+0530,2026-08-28T15:15:00.000000+0530
SIGNATURE,Signatureglobal (India) Limited,EQ,Realty,3424,2024-09-02T09:15:00.000000+0530,2026-08-28T15:15:00.000000+0530
SIGNPOST,Signpost India Limited,EQ,,3422,2024-09-02T09:15:00.000000+0530,2026-08-28T15:15:00.000000+0530
SIKA,Sika Interplant Systems Limited,EQ,,63,2026-08-18T09:15:00.000000+0530,2026-08-28T15:15:00.000000+0530
SIKKO,Sikko Industries Limited,BE,,5050,2023-09-18T09:15:00.000000+0530,2026-08-28T15:15:00.000000+0530
SIL,Standard Industries Limited,EQ,,5047,2023-09-18T09:15:00.000000+0530,2026-08-28T15:15:00.000000+0530
SILGO,Silgo Retail Limited,EQ,,4958,2023-09-18T09:15:00.000000+0530,2026-08-28T15:15:00.000000+0530
SILINV,SIL Investments Limited,EQ,,5004,2023-09-18T09:15:00.000000+0530,2026-08-28T15:15:00.000000+0530
SILLYMONKS,Silly Monks Entertainment Limited,EQ,,4659,2023-09-18T12:15:00.000000+0530,2026-08-28T15:15:00.000000+0530
SILVERTUC,Silver Touch Technologies Limited,EQ,,5024,2023-09-18T09:15:00.000000+0530,2026-08-28T15:15:00.000000+0530
SIMBHALS,Simbhaoli Sugars Limited,BZ,,4756,2023-09-18T09:15:00.000000+0530,2026-08-28T15:15:00.000000+0530
SIMPLEXINF,Simplex Infrastructures Limited,EQ,,4859,2023-09-18T09:15:00.000000+0530,2026-08-28T15:15:00.000000+0530
SIMPLXREA,Simplex Realty Limited,EQ,,22,2026-08-19T15:15:00.000000+0530,2026-08-28T15:15:00.000000+0530
SINCLAIR,Sinclairs Hotels Limited,EQ,,3422,2024-09-02T09:15:00.000000+0530,2026-08-28T15:15:00.000000+0530
SINDHUTRAD,Sindhu Trade Links Limited,EQ,,5047,2023-09-18T09:15:00.000000+0530,2026-08-28T15:15:00.000000+0530
SINGERIND,Singer India Limited,EQ,,757,2026-03-19T15:15:00.000000+0530,2026-08-28T15:15:00.000000+0530
SINTERCOM,Sintercom India Limited,EQ,,4677,2023-09-18T09:15:00.000000+0530,2026-08-28T14:15:00.000000+0530
SIRCA,Sirca Paints India Limited,EQ,,5050,2023-09-18T09:15:00.000000+0530,2026-08-28T15:15:00.000000+0530
SIS,SIS LIMITED,EQ,,5049,2023-09-18T09:15:00.000000+0530,2026-08-28T15:15:00.000000+0530
SITINET,Siti Networks Limited,BZ,,4622,2023-09-18T09:15:00.000000+0530,2026-08-28T15:15:00.000000+0530
SIYSIL,Siyaram Silk Mills Limited,EQ,,5051,2023-09-18T09:15:00.000000+0530,2026-08-28T15:15:00.000000+0530
SJS,S.J.S. Enterprises Limited,EQ,,5050,2023-09-18T09:15:00.000000+0530,2026-08-28T15:15:00.000000+0530
SJVN,SJVN Limited,EQ,Power,5048,2023-09-18T09:15:00.000000+0530,2026-08-28T15:15:00.000000+0530
SKFINDIA,SKF India Limited,EQ,,5050,2023-09-18T09:15:00.000000+0530,2026-08-28T15:15:00.000000+0530
SKFINDUS,SKF India (Industrial) Limited,EQ,,1239,2025-12-08T09:15:00.000000+0530,2026-08-28T15:15:00.000000+0530
SKIPPER,Skipper Limited,EQ,,5048,2023-09-18T09:15:00.000000+0530,2026-08-28T15:15:00.000000+0530
SKMEGGPROD,SKM Egg Products Export (India) Limited,EQ,,4997,2023-09-18T09:15:00.000000+0530,2026-08-28T15:15:00.000000+0530
SKYGOLD,SKY GOLD AND DIAMONDS LIMITED,EQ,,5043,2023-09-18T09:15:00.000000+0530,2026-08-28T15:15:00.000000+0530
SMARTLINK,Smartlink Holdings Limited,BE,,4859,2023-09-18T09:15:00.000000+0530,2026-08-28T15:15:00.000000+0530
SMARTWORKS,Smartworks Coworking Spaces Limited,EQ,,1910,2025-07-17T09:15:00.000000+0530,2026-08-28T15:15:00.000000+0530
SMCGLOBAL,SMC Global Securities Limited,EQ,,5048,2023-09-18T09:15:00.000000+0530,2026-08-28T15:15:00.000000+0530
SMLMAH,SML Mahindra Limited,EQ,,1380,2025-11-10T09:15:00.000000+0530,2026-08-28T15:15:00.000000+0530
SMLT,Sarthak Metals Limited,EQ,,5037,2023-09-18T09:15:00.000000+0530,2026-08-28T15:15:00.000000+0530
SMSPHARMA,SMS Pharmaceuticals Limited,EQ,,5049,2023-09-18T09:15:00.000000+0530,2026-08-28T15:15:00.000000+0530
SNOWMAN,Snowman Logistics Limited,EQ,,5050,2023-09-18T09:15:00.000000+0530,2026-08-28T15:15:00.000000+0530
SOBHA,Sobha Limited,EQ,Realty,5050,2023-09-18T09:15:00.000000+0530,2026-08-28T15:15:00.000000+0530
SOFTTECH,Softtech Engineers Limited,EQ,,4628,2023-09-18T09:15:00.000000+0530,2026-08-28T15:15:00.000000+0530
SOLARA,Solara Active Pharma Sciences Limited,EQ,,5049,2023-09-18T09:15:00.000000+0530,2026-08-28T15:15:00.000000+0530
SOLARINDS,Solar Industries India Limited,EQ,Chemicals,5040,2023-09-18T09:15:00.000000+0530,2026-08-28T15:15:00.000000+0530
SOLARWORLD,Solarworld Energy Solutions Limited,EQ,,1557,2025-09-30T09:15:00.000000+0530,2026-08-28T15:15:00.000000+0530
SOLEX,Solex Energy Limited,EQ,,1522,2025-10-08T09:15:00.000000+0530,2026-08-28T15:15:00.000000+0530
SOMANYCERA,Somany Ceramics Limited,EQ,,5049,2023-09-18T09:15:00.000000+0530,2026-08-28T15:15:00.000000+0530
SOMATEX,Soma Textiles & Industries Limited,EQ,,4750,2023-09-18T09:15:00.000000+0530,2026-08-28T15:15:00.000000+0530
SOMICONVEY,Somi Conveyor Beltings Limited,EQ,,4800,2023-09-18T09:15:00.000000+0530,2026-08-28T15:15:00.000000+0530
SONACOMS,Sona BLW Precision Forgings Limited,EQ,Automobile and Auto Components,5047,2023-09-18T09:15:00.000000+0530,2026-08-28T15:15:00.000000+0530
SONAL,Sonal Mercantile Limited,EQ,,19,2026-08-18T09:15:00.000000+0530,2026-08-26T14:15:00.000000+0530
SONAMLTD,SONAM LIMITED,EQ,,4691,2023-11-15T09:15:00.000000+0530,2026-08-28T15:15:00.000000+0530
SONATSOFTW,Sonata Software Limited,EQ,Information Technology,5046,2023-09-18T09:15:00.000000+0530,2026-08-28T15:15:00.000000+0530
SOTL,Savita Oil Technologies Limited,EQ,,5050,2023-09-18T09:15:00.000000+0530,2026-08-28T15:15:00.000000+0530
SOUTHBANK,The South Indian Bank Limited,EQ,,5046,2023-09-18T09:15:00.000000+0530,2026-08-28T15:15:00.000000+0530
SOUTHWEST,South West Pinnacle Exploration Limited,EQ,,5036,2023-09-18T09:15:00.000000+0530,2026-08-28T15:15:00.000000+0530
SPAL,S. P. Apparels Limited,EQ,,5049,2023-09-18T09:15:00.000000+0530,2026-08-28T15:15:00.000000+0530
SPANDANA,Spandana Sphoorty Financial Limited,EQ,,5047,2023-09-18T09:15:00.000000+0530,2026-08-28T15:15:00.000000+0530
SPARC,Sun Pharma Advanced Research Company Limited,EQ,,5050,2023-09-18T09:15:00.000000+0530,2026-08-28T15:15:00.000000+0530
SPCENET,Spacenet Enterprises India Limited,EQ,,4898,2023-09-18T09:15:00.000000+0530,2026-08-28T15:15:00.000000+0530
SPECIALITY,Speciality Restaurants Limited,BE,,220,2025-09-16T09:15:00.000000+0530,2026-08-28T15:15:00.000000+0530
SPECTRUM,Spectrum Electrical Industries Limited,BE,,2406,2025-03-28T09:15:00.000000+0530,2026-08-28T15:15:00.000000+0530
SPELS,SPEL Semiconductor Limited,EQ,,63,2026-08-18T09:15:00.000000+0530,2026-08-28T15:15:00.000000+0530
SPENCERS,Spencer's Retail Limited,EQ,,5048,2023-09-18T09:15:00.000000+0530,2026-08-28T15:15:00.000000+0530
SPIC,Southern Petrochemicals Industries Corporation  Limited,EQ,,5050,2023-09-18T09:15:00.000000+0530,2026-08-28T15:15:00.000000+0530
SPLIL,SPL Industries Limited,EQ,,4868,2023-09-18T09:15:00.000000+0530,2026-08-28T15:15:00.000000+0530
SPLPETRO,Supreme Petrochem Limited,EQ,Chemicals,5050,2023-09-18T09:15:00.000000+0530,2026-08-28T15:15:00.000000+0530
SPMLINFRA,SPML Infra Limited,EQ,,4879,2023-09-18T09:15:00.000000+0530,2026-08-28T15:15:00.000000+0530
SPORTKING,Sportking India Limited,EQ,,5048,2023-09-18T09:15:00.000000+0530,2026-08-28T15:15:00.000000+0530
SRD,Shankar Lal Rampal Dye-Chem Limited,EQ,,3176,2024-10-09T09:15:00.000000+0530,2026-08-28T15:15:00.000000+0530
SREEL,Sreeleathers Limited,EQ,,5045,2023-09-18T09:15:00.000000+0530,2026-08-28T15:15:00.000000+0530
SRF,SRF Limited,EQ,Chemicals,5042,2023-09-18T09:15:00.000000+0530,2026-08-28T14:15:00.000000+0530
SRGHFL,SRG Housing Finance Limited,EQ,,4751,2023-09-18T09:15:00.000000+0530,2026-08-28T15:15:00.000000+0530
SRHHYPOLTD,Sree Rayalaseema Hi-Strength Hypo Limited,EQ,,5048,2023-09-18T09:15:00.000000+0530,2026-08-28T15:15:00.000000+0530
SRIKPRIND,Sri KPR Industries Limited,EQ,,53,2026-08-18T10:15:00.000000+0530,2026-08-28T15:15:00.000000+0530
SRM,SRM Contractors Limited,EQ,,3425,2024-09-02T09:15:00.000000+0530,2026-08-28T15:15:00.000000+0530
SRTL,Shree Ram Twistex Limited,EQ,,847,2026-03-02T09:15:00.000000+0530,2026-08-28T15:15:00.000000+0530
SSDL,Saraswati Saree Depot Limited,EQ,,3425,2024-09-02T09:15:00.000000+0530,2026-08-28T15:15:00.000000+0530
SSWL,Steel Strips Wheels Limited,EQ,,5051,2023-09-18T09:15:00.000000+0530,2026-08-28T15:15:00.000000+0530
STALLION,Stallion India Fluorochemicals Limited,BE,,2693,2025-01-23T09:15:00.000000+0530,2026-08-28T15:15:00.000000+0530
STANLEY,Stanley Lifestyles Limited,EQ,,3424,2024-09-02T09:15:00.000000+0530,2026-08-28T15:15:00.000000+0530
STAR,Strides Pharma Science Limited,EQ,,5048,2023-09-18T09:15:00.000000+0530,2026-08-28T15:15:00.000000+0530
STARCEMENT,Star Cement Limited,EQ,,5050,2023-09-18T09:15:00.000000+0530,2026-08-28T15:15:00.000000+0530
STARHEALTH,Star Health and Allied Insurance Company Limited,EQ,Financial Services,5048,2023-09-18T09:15:00.000000+0530,2026-08-28T15:15:00.000000+0530
STARPAPER,Star Paper Mills Limited,EQ,,5035,2023-09-18T09:15:00.000000+0530,2026-08-28T15:15:00.000000+0530
STARTECK,Starteck Finance Limited,EQ,,4293,2023-09-18T09:15:00.000000+0530,2026-08-28T15:15:00.000000+0530
STCINDIA,The State Trading Corporation of India Limited,EQ,,5047,2023-09-18T09:15:00.000000+0530,2026-08-28T15:15:00.000000+0530
STEELCAS,Steelcast Limited,EQ,,5048,2023-09-18T09:15:00.000000+0530,2026-08-28T15:15:00.000000+0530
STEELCITY,Steel City Securities Limited,EQ,,5043,2023-09-18T09:15:00.000000+0530,2026-08-28T15:15:00.000000+0530
STEELXIND,STEEL EXCHANGE INDIA LIMITED,EQ,,5048,2023-09-18T09:15:00.000000+0530,2026-08-28T15:15:00.000000+0530
STEL,Stel Holdings Limited,EQ,,4960,2023-09-18T09:15:00.000000+0530,2026-08-28T15:15:00.000000+0530
STERTOOLS,Sterling Tools Limited,BE,,5050,2023-09-18T09:15:00.000000+0530,2026-08-28T15:15:00.000000+0530
STLNETWORK,STL Networks Limited,EQ,,1683,2025-09-04T09:15:00.000000+0530,2026-08-28T15:15:00.000000+0530
STLSTRINF,Steel Strips Infrastructures Limited,EQ,,40,2026-08-18T09:15:00.000000+0530,2026-08-28T15:15:00.000000+0530
STLTECH,Sterlite Technologies Limited,BE,,5048,2023-09-18T09:15:00.000000+0530,2026-08-28T15:15:00.000000+0530
STOVEKRAFT,Stove Kraft Limited,EQ,,5049,2023-09-18T09:15:00.000000+0530,2026-08-28T15:15:00.000000+0530
STUDDS,Studds Accessories Limited,EQ,,1386,2025-11-07T09:15:00.000000+0530,2026-08-28T15:15:00.000000+0530
STYL,Seshaasai Technologies Limited,EQ,,1556,2025-09-30T09:15:00.000000+0530,2026-08-28T15:15:00.000000+0530
STYLAMIND,Stylam Industries Limited,EQ,,5047,2023-09-18T09:15:00.000000+0530,2026-08-28T15:15:00.000000+0530
STYLEBAAZA,Baazar Style Retail Limited,EQ,,3397,2024-09-06T09:15:00.000000+0530,2026-08-28T15:15:00.000000+0530
STYRENIX,Styrenix Performance Materials Limited,EQ,,5049,2023-09-18T09:15:00.000000+0530,2026-08-28T15:15:00.000000+0530
SUBEXLTD,Subex Limited,EQ,,5050,2023-09-18T09:15:00.000000+0530,2026-08-28T15:15:00.000000+0530
SUBROS,Subros Limited,EQ,,5049,2023-09-18T09:15:00.000000+0530,2026-08-28T15:15:00.000000+0530
SUDARCOLOR,Sudarshan Colorants India Limited,EQ,,1033,2026-01-20T09:15:00.000000+0530,2026-08-28T15:15:00.000000+0530
SUDARSCHEM,Sudarshan Chemical Industries Limited,EQ,,5049,2023-09-18T09:15:00.000000+0530,2026-08-28T15:15:00.000000+0530
SUDEEPPHRM,Sudeep Pharma Limited,EQ,,1282,2025-11-28T09:15:00.000000+0530,2026-08-28T15:15:00.000000+0530
SUKHJITS,Sukhjit Starch & Chemicals Limited,EQ,,5045,2023-09-18T09:15:00.000000+0530,2026-08-28T15:15:00.000000+0530
SULA,Sula Vineyards Limited,EQ,,5047,2023-09-18T09:15:00.000000+0530,2026-08-28T15:15:00.000000+0530
SUMEDHA,Sumedha Fiscal Services Limited,EQ,,49,2026-08-18T09:15:00.000000+0530,2026-08-28T15:15:00.000000+0530
SUMEETINDS,Sumeet Industries Limited,EQ,,3124,2023-09-18T09:15:00.000000+0530,2026-08-28T15:15:00.000000+0530
SUMICHEM,Sumitomo Chemical India Limited,EQ,Chemicals,5047,2023-09-18T09:15:00.000000+0530,2026-08-28T15:15:00.000000+0530
SUMIT,Sumit Woods Limited,EQ,,218,2025-09-16T09:15:00.000000+0530,2026-08-28T15:15:00.000000+0530
SUMMITSEC,Summit Securities Limited,EQ,,5048,2023-09-18T09:15:00.000000+0530,2026-08-28T15:15:00.000000+0530
SUNCLAY,Sundaram Clayton Limited,EQ,,3421,2024-09-02T09:15:00.000000+0530,2026-08-28T15:15:00.000000+0530
SUNDARAM,Sundaram Multi Pap Limited,EQ,,5017,2023-09-18T09:15:00.000000+0530,2026-08-28T15:15:00.000000+0530
SUNDARMFIN,Sundaram Finance Limited,EQ,Financial Services,5048,2023-09-18T09:15:00.000000+0530,2026-08-28T15:15:00.000000+0530
SUNDRMBRAK,Sundaram Brake Linings Limited,BE,,4865,2023-09-18T09:15:00.000000+0530,2026-08-28T15:15:00.000000+0530
SUNDRMFAST,Sundram Fasteners Limited,EQ,,5048,2023-09-18T09:15:00.000000+0530,2026-08-28T15:15:00.000000+0530
SUNDROP,Sundrop Brands Limited,EQ,,2429,2025-03-28T09:15:00.000000+0530,2026-08-28T15:15:00.000000+0530
SUNFLAG,Sunflag Iron And Steel Company Limited,EQ,,5050,2023-09-18T09:15:00.000000+0530,2026-08-28T15:15:00.000000+0530
SUNLOC,Sunil Healthcare Limited,EQ,,21,2026-08-18T09:15:00.000000+0530,2026-08-28T15:15:00.000000+0530
SUNPHARMA,Sun Pharmaceutical Industries Limited,EQ,Healthcare,5043,2023-09-18T09:15:00.000000+0530,2026-08-28T15:15:00.000000+0530
SUNRAKSHAK,Sunrakshakk Industries India Limited,EQ,,63,2026-08-18T09:15:00.000000+0530,2026-08-28T15:15:00.000000+0530
SUNSHIEL,Sunshield Chemicals Limited,EQ,,61,2026-08-18T09:15:00.000000+0530,2026-08-28T15:15:00.000000+0530
SUNSHINE,Sunshine Pictures Limited,EQ,,28,2026-08-25T09:15:00.000000+0530,2026-08-28T15:15:00.000000+0530
SUNTECK,Sunteck Realty Limited,EQ,,5048,2023-09-18T09:15:00.000000+0530,2026-08-28T15:15:00.000000+0530
SUNTV,Sun TV Network Limited,EQ,Media Entertainment & Publication,5050,2023-09-18T09:15:00.000000+0530,2026-08-28T15:15:00.000000+0530
SUPERHOUSE,Superhouse Limited,EQ,,4950,2023-09-18T09:15:00.000000+0530,2026-08-28T15:15:00.000000+0530
SUPERSPIN,Super Spinning Mills Limited,BE,,4698,2023-09-18T09:15:00.000000+0530,2026-08-28T13:15:00.000000+0530
SUPRAJIT,Suprajit Engineering Limited,EQ,,5050,2023-09-18T09:15:00.000000+0530,2026-08-28T15:15:00.000000+0530
SUPREME,Supreme Holdings & Hospitality (India) Limited,EQ,,2671,2025-02-03T09:15:00.000000+0530,2026-08-28T15:15:00.000000+0530
SUPREMEENG,Supreme Engineering Limited,BZ,,3709,2023-09-18T09:15:00.000000+0530,2026-08-28T14:15:00.000000+0530
SUPREMEIND,Supreme Industries Limited,EQ,Capital Goods,5036,2023-09-18T09:15:00.000000+0530,2026-08-28T15:15:00.000000+0530
SUPREMEINF,Supreme Infrastructure India Limited,EQ,,3976,2023-09-18T11:15:00.000000+0530,2026-08-28T15:15:00.000000+0530
SUPRIYA,Supriya Lifescience Limited,EQ,,5049,2023-09-18T09:15:00.000000+0530,2026-08-28T15:15:00.000000+0530
SUPTANERY,Super Tannery Limited,BE,,62,2026-08-18T09:15:00.000000+0530,2026-08-28T14:15:00.000000+0530
SURAJEST,Suraj Estate Developers Limited,EQ,,3425,2024-09-02T09:15:00.000000+0530,2026-08-28T15:15:00.000000+0530
SURAJLTD,Suraj Limited,EQ,,2849,2024-09-02T09:15:00.000000+0530,2026-08-28T15:15:00.000000+0530
SURAKSHA,Suraksha Diagnostic Limited,EQ,,2970,2024-12-06T09:15:00.000000+0530,2026-08-28T15:15:00.000000+0530
SURANASOL,Surana Solar Limited,EQ,,5016,2023-09-18T09:15:00.000000+0530,2026-08-28T15:15:00.000000+0530
SURANAT&P,Surana Telecom and Power Limited,EQ,,5023,2023-09-18T09:15:00.000000+0530,2026-08-28T15:15:00.000000+0530
SURYALA,Suryalata Spinning Mills Limited,EQ,,46,2026-08-18T10:15:00.000000+0530,2026-08-28T15:15:00.000000+0530
SURYALAXMI,Suryalakshmi Cotton Mills Limited,EQ,,4920,2023-09-18T09:15:00.000000+0530,2026-08-28T15:15:00.000000+0530
SURYAROSNI,Surya Roshni Limited,EQ,,5048,2023-09-18T09:15:00.000000+0530,2026-08-28T15:15:00.000000+0530
SURYODAY,Suryoday Small Finance Bank Limited,EQ,,5047,2023-09-18T09:15:00.000000+0530,2026-08-28T15:15:00.000000+0530
SUTLEJTEX,Sutlej Textiles and Industries Limited,BE,,4988,2023-09-18T09:15:00.000000+0530,2026-08-28T15:15:00.000000+0530
SUVEN,Suven Life Sciences Limited,EQ,,5047,2023-09-18T09:15:00.000000+0530,2026-08-28T15:15:00.000000+0530
SUVIDHAA,Suvidhaa Infoserve Limited,EQ,,5020,2023-09-18T09:15:00.000000+0530,2026-08-28T15:15:00.000000+0530
SUYOG,Suyog Telematics Limited,EQ,,3330,2024-09-02T09:15:00.000000+0530,2026-08-28T15:15:00.000000+0530
SUZLON,Suzlon Energy Limited,EQ,Capital Goods,5049,2023-09-18T09:15:00.000000+0530,2026-08-28T15:15:00.000000+0530
SVGLOBAL,S V Global Mill Limited,EQ,,43,2026-08-18T09:15:00.000000+0530,2026-08-28T15:15:00.000000+0530
SVLL,Shree Vasu Logistics Limited,BE,,3939,2023-09-18T11:15:00.000000+0530,2026-08-28T14:15:00.000000+0530
SVPGLOB,SVP GLOBAL TEXTILES LIMITED,EQ,,4733,2023-09-18T09:15:00.000000+0530,2026-08-28T15:15:00.000000+0530
SWANCORP,SWAN CORP LIMITED,EQ,Chemicals,1682,2025-09-04T09:15:00.000000+0530,2026-08-28T15:15:00.000000+0530
SWANDEF,Swan Defence and Heavy Industries Limited,BE,,1447,2025-01-21T09:15:00.000000+0530,2026-08-28T15:15:00.000000+0530
SWARAJ,Swaraj Suiting Limited,BE,,83,2026-08-13T09:15:00.000000+0530,2026-08-28T15:15:00.000000+0530
SWARAJENG,Swaraj Engines Limited,EQ,,5048,2023-09-18T09:15:00.000000+0530,2026-08-28T15:15:00.000000+0530
SWARNSAR,Swarnsarita Jewels India Limited,EQ,,53,2026-08-18T09:15:00.000000+0530,2026-08-28T15:15:00.000000+0530
SWELECTES,Swelect Energy Systems Limited,EQ,,4949,2023-09-18T09:15:00.000000+0530,2026-08-28T15:15:00.000000+0530
SWIGGY,Swiggy Limited,EQ,Consumer Services,3073,2024-11-13T09:15:00.000000+0530,2026-08-28T14:15:00.000000+0530
SWISSMLTRY,Swiss Military Consumer Goods Limited,EQ,,63,2026-08-18T09:15:00.000000+0530,2026-08-28T15:15:00.000000+0530
SWSOLAR,Sterling and Wilson Renewable Energy Limited,EQ,,5050,2023-09-18T09:15:00.000000+0530,2026-08-28T15:15:00.000000+0530
SYMPHONY,Symphony Limited,EQ,,5048,2023-09-18T09:15:00.000000+0530,2026-08-28T15:15:00.000000+0530
SYNCOMF,Syncom Formulations (India) Limited,EQ,,5049,2023-09-18T09:15:00.000000+0530,2026-08-28T15:15:00.000000+0530
SYNGENE,Syngene International Limited,EQ,Healthcare,5046,2023-09-18T09:15:00.000000+0530,2026-08-28T15:15:00.000000+0530
SYRMA,Syrma SGS Technology Limited,EQ,Capital Goods,5049,2023-09-18T09:15:00.000000+0530,2026-08-28T15:15:00.000000+0530
SYSTMTXC,Systematix Corporate Services Limited,BE,,1516,2025-10-06T09:15:00.000000+0530,2026-08-28T14:15:00.000000+0530
TAALTECH,Taal Tech Limited,EQ,,63,2026-08-18T09:15:00.000000+0530,2026-08-28T15:15:00.000000+0530
TAINWALCHM,Tainwala Chemical and Plastic (I) Limited,EQ,,4823,2023-09-18T09:15:00.000000+0530,2026-08-28T14:15:00.000000+0530
TAJGVK,Taj GVK Hotels & Resorts Limited,EQ,,5047,2023-09-18T09:15:00.000000+0530,2026-08-28T15:15:00.000000+0530
TAKE,TAKE Limited,EQ,,4837,2023-09-18T09:15:00.000000+0530,2026-08-28T15:15:00.000000+0530
TALBROAUTO,Talbros Automotive Components Limited,EQ,,5048,2023-09-18T09:15:00.000000+0530,2026-08-28T15:15:00.000000+0530
TAMBOLIIN,Tamboli Industries Limited,BE,,61,2026-08-18T09:15:00.000000+0530,2026-08-28T15:15:00.000000+0530
TANAA,Taneja Aerospace & Aviation Limited,EQ,,63,2026-08-18T09:15:00.000000+0530,2026-08-28T15:15:00.000000+0530
TANLA,Tanla Platforms Limited,EQ,,5049,2023-09-18T09:15:00.000000+0530,2026-08-28T15:15:00.000000+0530
TARACHAND,Tara Chand InfraLogistic Solutions Limited,EQ,,3982,2024-04-16T09:15:00.000000+0530,2026-08-28T15:15:00.000000+0530
TARAPUR,Tarapur Transformers Limited,EQ,,4406,2023-09-18T09:15:00.000000+0530,2026-08-28T15:15:00.000000+0530
TARC,TARC Limited,EQ,,219,2025-09-16T09:15:00.000000+0530,2026-08-28T15:15:00.000000+0530
TARIL,Transformers And Rectifiers (India) Limited,EQ,Capital Goods,3459,2024-08-26T09:15:00.000000+0530,2026-08-28T15:15:00.000000+0530
TARMAT,Tarmat Limited,EQ,,4930,2023-09-18T09:15:00.000000+0530,2026-08-28T15:15:00.000000+0530
TARSONS,Tarsons Products Limited,EQ,,5048,2023-09-18T09:15:00.000000+0530,2026-08-28T15:15:00.000000+0530
TASTYBITE,Tasty Bite Eatables Limited,EQ,,5050,2023-09-18T09:15:00.000000+0530,2026-08-28T15:15:00.000000+0530
TATACAP,Tata Capital Limited,EQ,Financial Services,1500,2025-10-13T09:15:00.000000+0530,2026-08-28T15:15:00.000000+0530
TATACHEM,Tata Chemicals Limited,EQ,Chemicals,5049,2023-09-18T09:15:00.000000+0530,2026-08-28T15:15:00.000000+0530
TATACOMM,Tata Communications Limited,EQ,Telecommunication,5048,2023-09-18T09:15:00.000000+0530,2026-08-28T15:15:00.000000+0530
TATACONSUM,TATA CONSUMER PRODUCTS LIMITED,EQ,Fast Moving Consumer Goods,5045,2023-09-18T09:15:00.000000+0530,2026-08-28T15:15:00.000000+0530
TATAELXSI,Tata Elxsi Limited,EQ,Information Technology,5040,2023-09-18T09:15:00.000000+0530,2026-08-28T14:15:00.000000+0530
TATAINVEST,Tata Investment Corporation Limited,EQ,Financial Services,5049,2023-09-18T09:15:00.000000+0530,2026-08-28T15:15:00.000000+0530
TATAPOWER,Tata Power Company Limited,EQ,Power,5048,2023-09-18T09:15:00.000000+0530,2026-08-28T15:15:00.000000+0530
TATASTEEL,Tata Steel Limited,EQ,Metals & Mining,5047,2023-09-18T09:15:00.000000+0530,2026-08-28T15:15:00.000000+0530
TATATECH,Tata Technologies Limited,EQ,Information Technology,3423,2024-09-02T09:15:00.000000+0530,2026-08-28T15:15:00.000000+0530
TATVA,Tatva Chintan Pharma Chem Limited,EQ,,5048,2023-09-18T09:15:00.000000+0530,2026-08-28T15:15:00.000000+0530
TBOTEK,TBO Tek Limited,EQ,Consumer Services,3423,2024-09-02T09:15:00.000000+0530,2026-08-28T15:15:00.000000+0530
TBZ,Tribhovandas Bhimji Zaveri Limited,EQ,,5050,2023-09-18T09:15:00.000000+0530,2026-08-28T15:15:00.000000+0530
TCC,TCC Concept Limited,EQ,,858,2026-02-25T09:15:00.000000+0530,2026-08-28T15:15:00.000000+0530
TCI,Transport Corporation of India Limited,EQ,,5050,2023-09-18T09:15:00.000000+0530,2026-08-28T15:15:00.000000+0530
TCIEXP,TCI Express Limited,EQ,,5048,2023-09-18T09:15:00.000000+0530,2026-08-28T15:15:00.000000+0530
TCIFINANCE,TCI Finance Limited,BE,,3843,2023-09-18T09:15:00.000000+0530,2026-08-28T15:15:00.000000+0530
TCPLPACK,TCPL Packaging Limited,EQ,,5049,2023-09-18T09:15:00.000000+0530,2026-08-28T15:15:00.000000+0530
TCS,Tata Consultancy Services Limited,EQ,Information Technology,5044,2023-09-18T09:15:00.000000+0530,2026-08-28T14:15:00.000000+0530
TDPOWERSYS,TD Power Systems Limited,EQ,,5050,2023-09-18T09:15:00.000000+0530,2026-08-28T15:15:00.000000+0530
TEAMGTY,Team India Guaranty Limited,EQ,,1413,2025-08-13T09:15:00.000000+0530,2026-08-28T15:15:00.000000+0530
TEAMLEASE,Teamlease Services Limited,EQ,,5048,2023-09-18T09:15:00.000000+0530,2026-08-28T15:15:00.000000+0530
TECHM,Tech Mahindra Limited,EQ,Information Technology,5044,2023-09-18T09:15:00.000000+0530,2026-08-28T14:15:00.000000+0530
TECHNOCRAF,Technocraft Ventures Limited,EQ,,77,2026-08-14T09:15:00.000000+0530,2026-08-28T15:15:00.000000+0530
TECHNOE,Techno Electric & Engineering Company Limited,EQ,Construction,5049,2023-09-18T09:15:00.000000+0530,2026-08-28T15:15:00.000000+0530
TECHNVISN,TechNVision Ventures Limited,EQ,,62,2026-08-18T09:15:00.000000+0530,2026-08-28T15:15:00.000000+0530
TECILCHEM,TECIL Chemicals and Hydro Power Limited,EQ,,3032,2023-09-18T10:15:00.000000+0530,2026-08-28T15:15:00.000000+0530
TEGA,Tega Industries Limited,EQ,Capital Goods,5047,2023-09-18T09:15:00.000000+0530,2026-08-28T15:15:00.000000+0530
TEJASNET,Tejas Networks Limited,EQ,Telecommunication,5049,2023-09-18T09:15:00.000000+0530,2026-08-28T15:15:00.000000+0530
TEMBO,Tembo Global Industries Limited,EQ,,4829,2023-09-18T09:15:00.000000+0530,2026-08-28T15:15:00.000000+0530
TEMPSENS,Tempsens Instruments (India) Limited,EQ,,7,2026-08-28T09:15:00.000000+0530,2026-08-28T15:15:00.000000+0530
TENNIND,Tenneco Clean Air India Limited,EQ,Automobile and Auto Components,1330,2025-11-19T09:15:00.000000+0530,2026-08-28T15:15:00.000000+0530
TERAI,Terai Tea Company Limited,EQ,,18,2026-08-18T09:15:00.000000+0530,2026-08-28T14:15:00.000000+0530
TERASOFT,Tera Software Limited,EQ,,4660,2023-09-18T09:15:00.000000+0530,2026-08-28T15:15:00.000000+0530
TEXINFRA,Texmaco Infrastructure & Holdings Limited,EQ,,5050,2023-09-18T09:15:00.000000+0530,2026-08-28T15:15:00.000000+0530
TEXMOPIPES,Texmo Pipes and Products Limited,EQ,,5050,2023-09-18T09:15:00.000000+0530,2026-08-28T15:15:00.000000+0530
TEXRAIL,Texmaco Rail & Engineering Limited,EQ,,5046,2023-09-18T09:15:00.000000+0530,2026-08-28T15:15:00.000000+0530
TFCILTD,Tourism Finance Corporation of India Limited,EQ,,5050,2023-09-18T09:15:00.000000+0530,2026-08-28T15:15:00.000000+0530
TFL,Transwarranty Finance Limited,EQ,,4597,2023-09-18T09:15:00.000000+0530,2026-08-28T15:15:00.000000+0530
TGBHOTELS,TGB Banquets And Hotels Limited,EQ,,4952,2023-09-18T09:15:00.000000+0530,2026-08-28T15:15:00.000000+0530
TGVSL,TGV Sraac Limited,EQ,,63,2026-08-18T09:15:00.000000+0530,2026-08-28T15:15:00.000000+0530
THACKER,Thacker & Company Limited,BE,,17,2026-08-18T11:15:00.000000+0530,2026-08-28T15:15:00.000000+0530
THAKDEV,Thakkers Developers Limited,EQ,,24,2026-08-18T09:15:00.000000+0530,2026-08-27T11:15:00.000000+0530
THANGAMAYL,Thangamayil Jewellery Limited,EQ,,5049,2023-09-18T09:15:00.000000+0530,2026-08-28T15:15:00.000000+0530
THEINVEST,The Investment Trust Of India Limited,EQ,,4997,2023-09-18T09:15:00.000000+0530,2026-08-28T15:15:00.000000+0530
THEJO,Thejo Engineering Limited,EQ,,4951,2023-10-10T09:15:00.000000+0530,2026-08-28T15:15:00.000000+0530
THELEELA,Leela Palaces Hotels & Resorts Limited,EQ,Consumer Services,2144,2025-06-02T09:15:00.000000+0530,2026-08-28T15:15:00.000000+0530
THEMISMED,Themis Medicare Limited,EQ,,5050,2023-09-18T09:15:00.000000+0530,2026-08-28T15:15:00.000000+0530
THERMAX,Thermax Limited,EQ,Capital Goods,5049,2023-09-18T09:15:00.000000+0530,2026-08-28T15:15:00.000000+0530
THOMASCOOK,Thomas Cook  (India)  Limited,EQ,,5050,2023-09-18T09:15:00.000000+0530,2026-08-28T15:15:00.000000+0530
THOMASCOTT,Thomas Scott (India) Limited,EQ,,4477,2023-09-18T09:15:00.000000+0530,2026-08-28T15:15:00.000000+0530
THYROCARE,Thyrocare Technologies Limited,EQ,,5048,2023-09-18T09:15:00.000000+0530,2026-08-28T15:15:00.000000+0530
TI,Tilaknagar Industries Limited,EQ,,5049,2023-09-18T09:15:00.000000+0530,2026-08-28T15:15:00.000000+0530
TICL,Twamev Construction and Infrastructure Limited,BE,,2603,2025-02-07T09:15:00.000000+0530,2026-08-28T15:15:00.000000+0530
TIGERLOGS,Tiger Logistics (India) Limited,EQ,,1610,2025-09-18T09:15:00.000000+0530,2026-08-28T15:15:00.000000+0530
TIIL,Technocraft Industries (India) Limited,EQ,,5049,2023-09-18T09:15:00.000000+0530,2026-08-28T15:15:00.000000+0530
TIINDIA,Tube Investments of India Limited,EQ,Automobile and Auto Components,5033,2023-09-18T09:15:00.000000+0530,2026-08-28T14:15:00.000000+0530
TIJARIA,Tijaria Polypipes Limited,EQ,,4595,2023-09-18T09:15:00.000000+0530,2026-08-28T15:15:00.000000+0530
TIL,TIL Limited,BE,,4473,2023-09-18T09:15:00.000000+0530,2026-08-28T15:15:00.000000+0530
TIMETECHNO,Time Technoplast Limited,EQ,,5051,2023-09-18T09:15:00.000000+0530,2026-08-28T15:15:00.000000+0530
TIMEX,Timex Group India Limited,EQ,,620,2026-04-23T09:15:00.000000+0530,2026-08-28T15:15:00.000000+0530
TIMKEN,Timken India Limited,EQ,Capital Goods,5049,2023-09-18T09:15:00.000000+0530,2026-08-28T15:15:00.000000+0530
TINNARUBR,Tinna Rubber and Infrastructure Limited,EQ,,2353,2025-04-17T11:15:00.000000+0530,2026-08-28T15:15:00.000000+0530
TIPSFILMS,Tips Films Limited,EQ,,4955,2023-09-18T09:15:00.000000+0530,2026-08-28T15:15:00.000000+0530
TIPSMUSIC,Tips Music Limited,EQ,,3285,2024-09-30T09:15:00.000000+0530,2026-08-28T15:15:00.000000+0530
TIRUMALCHM,Thirumalai Chemicals Limited,EQ,,5049,2023-09-18T09:15:00.000000+0530,2026-08-28T15:15:00.000000+0530
TIRUPATIFL,Tirupati Forge Limited,BE,,4667,2023-09-18T09:15:00.000000+0530,2026-08-28T15:15:00.000000+0530
TITAGARH,TITAGARH RAIL SYSTEMS LIMITED,EQ,Capital Goods,5047,2023-09-18T09:15:00.000000+0530,2026-08-28T15:15:00.000000+0530
TITAN,Titan Company Limited,EQ,Consumer Durables,5042,2023-09-18T09:15:00.000000+0530,2026-08-28T15:15:00.000000+0530
TMB,Tamilnad Mercantile Bank Limited,EQ,,5048,2023-09-18T09:15:00.000000+0530,2026-08-28T15:15:00.000000+0530
TMCV,Tata Motors Limited,EQ,Capital Goods,1365,2025-11-12T09:15:00.000000+0530,2026-08-28T15:15:00.000000+0530
TMPV,Tata Motors Passenger Vehicles Limited,EQ,Automobile and Auto Components,1448,2025-10-24T09:15:00.000000+0530,2026-08-28T15:15:00.000000+0530
TNPETRO,Tamilnadu PetroProducts Limited,EQ,,5049,2023-09-18T09:15:00.000000+0530,2026-08-28T15:15:00.000000+0530
TNPL,Tamil Nadu Newsprint & Papers Limited,EQ,,5049,2023-09-18T09:15:00.000000+0530,2026-08-28T15:15:00.000000+0530
TNTELE,Tamilnadu Telecommunication Limited,EQ,,4751,2023-09-18T09:15:00.000000+0530,2026-08-28T15:15:00.000000+0530
TOKYOPLAST,Tokyo Plast International Limited,EQ,,4821,2023-09-18T09:15:00.000000+0530,2026-08-28T15:15:00.000000+0530
TOLINS,Tolins Tyres Limited,EQ,,3356,2024-09-16T09:15:00.000000+0530,2026-08-28T15:15:00.000000+0530
TORNTPHARM,Torrent Pharmaceuticals Limited,EQ,Healthcare,5043,2023-09-18T09:15:00.000000+0530,2026-08-28T15:15:00.000000+0530
TORNTPOWER,Torrent Power Limited,EQ,Power,5049,2023-09-18T09:15:00.000000+0530,2026-08-28T15:15:00.000000+0530
TOTAL,Total Transport Systems Limited,EQ,,4960,2023-09-18T09:15:00.000000+0530,2026-08-28T15:15:00.000000+0530
TOUCHWOOD,Touchwood Entertainment Limited,EQ,,4594,2023-09-18T12:15:00.000000+0530,2026-08-28T15:15:00.000000+0530
TOYAMSL,Toyam Sports Limited,EQ,,63,2026-08-18T09:15:00.000000+0530,2026-08-28T15:15:00.000000+0530
TPHQ,Teamo Productions HQ Limited,BE,,4677,2023-10-20T09:15:00.000000+0530,2026-08-28T15:15:00.000000+0530
TPLPLASTEH,TPL Plastech Limited,EQ,,5049,2023-09-18T09:15:00.000000+0530,2026-08-28T15:15:00.000000+0530
TRACXN,Tracxn Technologies Limited,EQ,,5050,2023-09-18T09:15:00.000000+0530,2026-08-28T15:15:00.000000+0530
TRANSCOR,Transcorp International Limited,EQ,,57,2026-08-18T09:15:00.000000+0530,2026-08-28T15:15:00.000000+0530
TRANSPEK,Transpek Industry Limited,BE,,616,2026-04-22T09:15:00.000000+0530,2026-08-28T15:15:00.000000+0530
TRANSRAILL,Transrail Lighting Limited,EQ,,2872,2024-12-27T09:15:00.000000+0530,2026-08-28T15:15:00.000000+0530
TRANSWORLD,TRANSWORLD SHIPPING LINES LIMITED,BE,,3155,2024-10-23T09:15:00.000000+0530,2026-08-28T14:15:00.000000+0530
TRAVELFOOD,Travel Food Services Limited,EQ,Consumer Services,1935,2025-07-14T09:15:00.000000+0530,2026-08-28T15:15:00.000000+0530
TREEHOUSE,Tree House Education & Accessories Limited,EQ,,4893,2023-09-18T09:15:00.000000+0530,2026-08-28T14:15:00.000000+0530
TREJHARA,TREJHARA SOLUTIONS LIMITED,EQ,,4755,2023-09-18T09:15:00.000000+0530,2026-08-28T15:15:00.000000+0530
TREL,Transindia Real Estate Limited,EQ,,5051,2023-09-18T09:15:00.000000+0530,2026-08-28T15:15:00.000000+0530
TRENT,Trent Limited,EQ,Consumer Services,5043,2023-09-18T09:15:00.000000+0530,2026-08-28T15:15:00.000000+0530
TRF,TRF Limited,EQ,,4944,2023-09-18T09:15:00.000000+0530,2026-08-28T15:15:00.000000+0530
TRIDENT,Trident Limited,EQ,Textiles,5049,2023-09-18T09:15:00.000000+0530,2026-08-28T15:15:00.000000+0530
TRIGYN,Trigyn Technologies Limited,EQ,,5050,2023-09-18T09:15:00.000000+0530,2026-08-28T15:15:00.000000+0530
TRITONV,Triton Valves Limited,EQ,,63,2026-08-18T09:15:00.000000+0530,2026-08-28T15:15:00.000000+0530
TRITURBINE,Triveni Turbine Limited,EQ,Capital Goods,5049,2023-09-18T09:15:00.000000+0530,2026-08-28T15:15:00.000000+0530
TRIVENI,Triveni Engineering & Industries Limited,EQ,,5050,2023-09-18T09:15:00.000000+0530,2026-08-28T15:15:00.000000+0530
TRU,TruCap Finance Limited,EQ,,4822,2023-09-18T09:15:00.000000+0530,2026-08-28T15:15:00.000000+0530
TRUALT,TruAlt Bioenergy Limited,EQ,,1536,2025-10-06T09:15:00.000000+0530,2026-08-28T15:15:00.000000+0530
TSFINV,TSF INVESTMENTS LIMITED,EQ,,1480,2025-10-16T09:15:00.000000+0530,2026-08-28T15:15:00.000000+0530
TTKHLTCARE,TTK Healthcare Limited,EQ,,5044,2023-09-18T09:15:00.000000+0530,2026-08-28T15:15:00.000000+0530
TTKPRESTIG,TTK Prestige Limited,EQ,,5049,2023-09-18T09:15:00.000000+0530,2026-08-28T15:15:00.000000+0530
TTL,T T Limited,EQ,,5041,2023-09-18T09:15:00.000000+0530,2026-08-28T15:15:00.000000+0530
TTML,Tata Teleservices (Maharashtra) Limited,EQ,Telecommunication,5049,2023-09-18T09:15:00.000000+0530,2026-08-28T15:15:00.000000+0530
TURTLEMINT,Turtlemint Fintech Solutions Limited,EQ,,312,2026-06-29T09:15:00.000000+0530,2026-08-28T15:15:00.000000+0530
TUTIALKA,Tuticorin Alkali Chemicals & Fertilizers Limited,EQ,,63,2026-08-18T09:15:00.000000+0530,2026-08-28T15:15:00.000000+0530
TVSELECT,TVS Electronics Limited,EQ,,4963,2023-09-18T09:15:00.000000+0530,2026-08-28T15:15:00.000000+0530
TVSHLTD,TVS Holdings Limited,EQ,,5028,2023-09-18T09:15:00.000000+0530,2026-08-28T15:15:00.000000+0530
TVSMOTOR,TVS Motor Company Limited,EQ,Automobile and Auto Components,5044,2023-09-18T09:15:00.000000+0530,2026-08-28T15:15:00.000000+0530
TVSSCS,TVS Supply Chain Solutions Limited,EQ,,5046,2023-09-18T09:15:00.000000+0530,2026-08-28T15:15:00.000000+0530
TVSSRICHAK,TVS Srichakra Limited,EQ,,5049,2023-09-18T09:15:00.000000+0530,2026-08-28T15:15:00.000000+0530
TVTODAY,TV Today Network Limited,EQ,,5050,2023-09-18T09:15:00.000000+0530,2026-08-28T15:15:00.000000+0530
TVVISION,TV Vision Limited,BE,,4283,2023-09-18T09:15:00.000000+0530,2026-08-28T15:15:00.000000+0530
UBL,United Breweries Limited,EQ,Fast Moving Consumer Goods,5047,2023-09-18T09:15:00.000000+0530,2026-08-28T15:15:00.000000+0530
UCAL,UCAL LIMITED,BE,,5036,2023-09-18T09:15:00.000000+0530,2026-08-28T15:15:00.000000+0530
UCOBANK,UCO Bank,EQ,Financial Services,5050,2023-09-18T09:15:00.000000+0530,2026-08-28T15:15:00.000000+0530
UDAYJEW,Uday Jewellery Industries Limited,EQ,,56,2026-08-18T09:15:00.000000+0530,2026-08-28T14:15:00.000000+0530
UDS,Updater Services Limited,EQ,,3425,2024-09-02T09:15:00.000000+0530,2026-08-28T15:15:00.000000+0530
UEL,Ujaas Energy Limited,EQ,,1972,2024-04-16T09:15:00.000000+0530,2026-08-28T15:15:00.000000+0530
UFBL,United Foodbrands Limited,BE,,1500,2025-10-13T09:15:00.000000+0530,2026-08-28T15:15:00.000000+0530
UFLEX,UFLEX Limited,EQ,,5050,2023-09-18T09:15:00.000000+0530,2026-08-28T15:15:00.000000+0530
UFO,UFO Moviez India Limited,EQ,,5048,2023-09-18T09:15:00.000000+0530,2026-08-28T15:15:00.000000+0530
UGARSUGAR,The Ugar Sugar Works Limited,EQ,,5048,2023-09-18T09:15:00.000000+0530,2026-08-28T15:15:00.000000+0530
UGROCAP,Ugro Capital Limited,EQ,,5048,2023-09-18T09:15:00.000000+0530,2026-08-28T15:15:00.000000+0530
UJJIVANSFB,Ujjivan Small Finance Bank Limited,EQ,,5050,2023-09-18T09:15:00.000000+0530,2026-08-28T15:15:00.000000+0530
ULTRACEMCO,UltraTech Cement Limited,EQ,Construction Materials,5036,2023-09-18T09:15:00.000000+0530,2026-08-28T14:15:00.000000+0530
ULTRAMAR,Ultramarine & Pigments Limited,EQ,,626,2026-04-22T09:15:00.000000+0530,2026-08-28T15:15:00.000000+0530
UMAEXPORTS,Uma Exports Limited,BE,,4881,2023-09-18T09:15:00.000000+0530,2026-08-28T14:15:00.000000+0530
UMESLTD,Usha Martin Education & Solutions Limited,EQ,,4844,2023-09-18T09:15:00.000000+0530,2026-08-28T15:15:00.000000+0530
UMIYA-MRO,UMIYA BUILDCON LIMITED,EQ,,2348,2025-04-15T09:15:00.000000+0530,2026-08-28T15:15:00.000000+0530
UNICHEMLAB,Unichem Laboratories Limited,EQ,,5049,2023-09-18T09:15:00.000000+0530,2026-08-28T15:15:00.000000+0530
UNIDT,United Drilling Tools Limited,BE,,5035,2023-09-18T09:15:00.000000+0530,2026-08-28T15:15:00.000000+0530
UNIECOM,Unicommerce Esolutions Limited,EQ,,3424,2024-09-02T09:15:00.000000+0530,2026-08-28T15:15:00.000000+0530
UNIENTER,Uniphos Enterprises Limited,EQ,,4971,2023-09-18T09:15:00.000000+0530,2026-08-28T15:15:00.000000+0530
UNIINFO,Uniinfo Telecom Services Limited,EQ,,4496,2023-09-18T09:15:00.000000+0530,2026-08-28T11:15:00.000000+0530
UNIMECH,Unimech Aerospace and Manufacturing Limited,EQ,,2859,2024-12-31T09:15:00.000000+0530,2026-08-28T15:15:00.000000+0530
UNIONBANK,Union Bank of India,EQ,Financial Services,5040,2023-09-18T09:15:00.000000+0530,2026-08-28T15:15:00.000000+0530
UNIPARTS,Uniparts India Limited,EQ,,5048,2023-09-18T09:15:00.000000+0530,2026-08-28T15:15:00.000000+0530
UNITDSPR,United Spirits Limited,EQ,Fast Moving Consumer Goods,3822,2024-06-07T09:15:00.000000+0530,2026-08-28T14:15:00.000000+0530
UNITECH,Unitech Limited,EQ,,5048,2023-09-18T09:15:00.000000+0530,2026-08-28T15:15:00.000000+0530
UNITEDPOLY,United Polyfab Gujarat Limited,EQ,,4866,2023-09-18T09:15:00.000000+0530,2026-08-28T15:15:00.000000+0530
UNITEDTEA,The United Nilgiri Tea Estates Company Limited,EQ,,4943,2023-09-18T09:15:00.000000+0530,2026-08-28T15:15:00.000000+0530
UNIVASTU,Univastu India Limited,BE,,5021,2023-09-18T09:15:00.000000+0530,2026-08-28T15:15:00.000000+0530
UNIVCABLES,Universal Cables Limited,EQ,,5049,2023-09-18T09:15:00.000000+0530,2026-08-28T15:15:00.000000+0530
UNIVPHOTO,Universus Photo Imagings Limited,BE,,4684,2023-09-18T09:15:00.000000+0530,2026-08-28T14:15:00.000000+0530
UNOMINDA,UNO Minda Limited,EQ,Automobile and Auto Components,5040,2023-09-18T09:15:00.000000+0530,2026-08-28T15:15:00.000000+0530
UPHOT,U P Hotels Limited,EQ,,11,2026-08-18T10:15:00.000000+0530,2026-08-28T15:15:00.000000+0530
UPL,UPL Limited,EQ,Chemicals,5044,2023-09-18T09:15:00.000000+0530,2026-08-28T14:15:00.000000+0530
URAVIDEF,Uravi Defence and Technology Limited,BE,,2725,2025-01-16T09:15:00.000000+0530,2026-08-28T15:15:00.000000+0530
URBANCO,Urban Company Limited,EQ,Consumer Services,1620,2025-09-17T09:15:00.000000+0530,2026-08-28T15:15:00.000000+0530
URJA,Urja Global Limited,EQ,,4960,2023-09-18T09:15:00.000000+0530,2026-08-28T15:15:00.000000+0530
USHAMART,Usha Martin Limited,EQ,Capital Goods,5049,2023-09-18T09:15:00.000000+0530,2026-08-28T15:15:00.000000+0530
USK,Udayshivakumar Infra Limited,EQ,,4965,2023-09-18T09:15:00.000000+0530,2026-08-28T15:15:00.000000+0530
UTIAMC,UTI Asset Management Company Limited,EQ,Financial Services,5050,2023-09-18T09:15:00.000000+0530,2026-08-28T15:15:00.000000+0530
UTKARSHBNK,Utkarsh Small Finance Bank Limited,EQ,,5049,2023-09-18T09:15:00.000000+0530,2026-08-28T15:15:00.000000+0530
UTLSOLAR,Fujiyama Power Systems Limited,EQ,,1323,2025-11-20T09:15:00.000000+0530,2026-08-28T15:15:00.000000+0530
UTTAMSUGAR,Uttam Sugar Mills Limited,EQ,,5049,2023-09-18T09:15:00.000000+0530,2026-08-28T15:15:00.000000+0530
UYFINCORP,U. Y. Fincorp Limited,BE,,3266,2024-10-03T09:15:00.000000+0530,2026-08-28T15:15:00.000000+0530
V2RETAIL,V2 Retail Limited,EQ,,4975,2023-09-18T09:15:00.000000+0530,2026-08-28T15:15:00.000000+0530
VADILALIND,Vadilal Industries Limited,EQ,,5047,2023-09-18T09:15:00.000000+0530,2026-08-28T15:15:00.000000+0530
VADILENT,Vadilal Enterprises Limited,EQ,,19,2026-08-19T09:15:00.000000+0530,2026-08-28T15:15:00.000000+0530
VAIBHAVGBL,Vaibhav Global Limited,EQ,,5047,2023-09-18T09:15:00.000000+0530,2026-08-28T15:15:00.000000+0530
VAISHALI,Vaishali Pharma Limited,EQ,,5008,2023-09-18T09:15:00.000000+0530,2026-08-28T15:15:00.000000+0530
VAKRANGEE,Vakrangee Limited,EQ,,5006,2023-09-18T09:15:00.000000+0530,2026-08-28T15:15:00.000000+0530
VALIANTLAB,Valiant Laboratories Limited,BE,,3402,2024-09-02T09:15:00.000000+0530,2026-08-28T15:15:00.000000+0530
VALIANTORG,Valiant Organics Limited,BE,,5045,2023-09-18T09:15:00.000000+0530,2026-08-28T15:15:00.000000+0530
VAML,Vedanta Aluminium Metal Limited,EQ,,375,2026-06-15T09:15:00.000000+0530,2026-08-28T15:15:00.000000+0530
VARDHACRLC,Vardhman Acrylics Limited,BE,,5047,2023-09-18T09:15:00.000000+0530,2026-08-28T15:15:00.000000+0530
VARDMNPOLY,Vardhman Polytex Limited,EQ,,4867,2023-09-18T09:15:00.000000+0530,2026-08-28T15:15:00.000000+0530
VARROC,Varroc Engineering Limited,EQ,,5048,2023-09-18T09:15:00.000000+0530,2026-08-28T15:15:00.000000+0530
VASCONEQ,Vascon Engineers Limited,EQ,,5050,2023-09-18T09:15:00.000000+0530,2026-08-28T15:15:00.000000+0530
VASUPRADA,Shri Vasuprada Plantations Limited,EQ,,9,2026-08-18T11:15:00.000000+0530,2026-08-28T14:15:00.000000+0530
VASWANI,Vaswani Industries Limited,EQ,,4987,2023-09-18T09:15:00.000000+0530,2026-08-28T15:15:00.000000+0530
VBL,Varun Beverages Limited,EQ,Fast Moving Consumer Goods,5048,2023-09-18T09:15:00.000000+0530,2026-08-28T15:15:00.000000+0530
VCL,Vaxtex Cotfab Limited,BE,,4553,2023-09-18T09:15:00.000000+0530,2026-08-28T15:15:00.000000+0530
VEDAVAAG,VEDAVAAG Systems Limited,EQ,,63,2026-08-18T09:15:00.000000+0530,2026-08-28T15:15:00.000000+0530
VEDL,Vedanta Limited,EQ,Metals & Mining,5045,2023-09-18T09:15:00.000000+0530,2026-08-28T15:15:00.000000+0530
VEDPOWER,Vedanta Power Limited,EQ,,375,2026-06-15T09:15:00.000000+0530,2026-08-28T15:15:00.000000+0530
VEEDOL,Veedol Corporation Limited,EQ,,3242,2024-10-09T09:15:00.000000+0530,2026-08-28T15:15:00.000000+0530
VELJAN,Veljan Denison Limited,BE,,59,2026-08-18T09:15:00.000000+0530,2026-08-28T15:15:00.000000+0530
VENKEYS,Venky's (India) Limited,EQ,,5050,2023-09-18T09:15:00.000000+0530,2026-08-28T15:15:00.000000+0530
VENTIVE,Ventive Hospitality Limited,EQ,,2866,2024-12-30T09:15:00.000000+0530,2026-08-28T15:15:00.000000+0530
VENUSPIPES,Venus Pipes & Tubes Limited,EQ,,5049,2023-09-18T09:15:00.000000+0530,2026-08-28T15:15:00.000000+0530
VENUSREM,Venus Remedies Limited,BE,,5001,2023-09-18T09:15:00.000000+0530,2026-08-28T15:15:00.000000+0530
VERANDA,Veranda Learning Solutions Limited,EQ,,5049,2023-09-18T09:15:00.000000+0530,2026-08-28T15:15:00.000000+0530
VERTOZ,Vertoz Limited,BE,,4845,2023-09-18T09:15:00.000000+0530,2026-08-28T15:15:00.000000+0530
VESUVIUS,Vesuvius India Limited,EQ,,5049,2023-09-18T09:15:00.000000+0530,2026-08-28T15:15:00.000000+0530
VETO,Veto Switchgears And Cables Limited,BE,,5008,2023-09-18T09:15:00.000000+0530,2026-08-28T15:15:00.000000+0530
VGCL,Vibrant Global Capital Limited,EQ,,54,2026-08-18T09:15:00.000000+0530,2026-08-28T15:15:00.000000+0530
VGL,VARVEE GLOBAL LIMITED,EQ,,1498,2025-10-13T09:15:00.000000+0530,2026-08-28T15:15:00.000000+0530
VGUARD,V-Guard Industries Limited,EQ,,5049,2023-09-18T09:15:00.000000+0530,2026-08-28T15:15:00.000000+0530
VHL,Vardhman Holdings Limited,EQ,,4974,2023-09-18T09:15:00.000000+0530,2026-08-28T15:15:00.000000+0530
VHLTD,Viceroy Hotels Limited,BE,,3594,2024-04-03T09:15:00.000000+0530,2026-08-28T15:15:00.000000+0530
VIDHIING,Vidhi Specialty Food Ingredients Limited,EQ,,5046,2023-09-18T09:15:00.000000+0530,2026-08-28T15:15:00.000000+0530
VIDYAWIRES,Vidya Wires Limited,EQ,,1225,2025-12-10T09:15:00.000000+0530,2026-08-28T15:15:00.000000+0530
VIJAYA,Vijaya Diagnostic Centre Limited,EQ,Healthcare,5046,2023-09-18T09:15:00.000000+0530,2026-08-28T15:15:00.000000+0530
VIJIFIN,Viji Finance Limited,BE,,4625,2023-09-18T09:15:00.000000+0530,2026-08-28T14:15:00.000000+0530
VIJSOLX,Vijay Solvex Limited,EQ,,44,2026-08-18T09:15:00.000000+0530,2026-08-28T15:15:00.000000+0530
VIKASECO,Vikas EcoTech Limited,EQ,,5050,2023-09-18T09:15:00.000000+0530,2026-08-28T15:15:00.000000+0530
VIKASLIFE,Vikas Lifecare Limited,EQ,,5048,2023-09-18T09:15:00.000000+0530,2026-08-28T15:15:00.000000+0530
VIKRAMSOLR,Vikram Solar Limited,EQ,,1722,2025-08-26T09:15:00.000000+0530,2026-08-28T15:15:00.000000+0530
VIKRAN,Vikran Engineering Limited,EQ,,1689,2025-09-03T09:15:00.000000+0530,2026-08-28T15:15:00.000000+0530
VIMTALABS,Vimta Labs Limited,EQ,,5050,2023-09-18T09:15:00.000000+0530,2026-08-28T15:15:00.000000+0530
VINATIORGA,Vinati Organics Limited,EQ,,5049,2023-09-18T09:15:00.000000+0530,2026-08-28T15:15:00.000000+0530
VINCOFE,Vintage Coffee And Beverages Limited,EQ,,3194,2024-10-18T09:15:00.000000+0530,2026-08-28T15:15:00.000000+0530
VINDHYATEL,Vindhya Telelinks Limited,EQ,,5049,2023-09-18T09:15:00.000000+0530,2026-08-28T15:15:00.000000+0530
VINEETLAB,Vineet Laboratories Limited,EQ,,4836,2023-09-18T09:15:00.000000+0530,2026-08-28T15:15:00.000000+0530
VINNY,Vinny Overseas Limited,EQ,,4883,2023-09-18T09:15:00.000000+0530,2026-08-28T14:15:00.000000+0530
VINYLINDIA,Vinyl Chemicals (India) Limited,EQ,,5046,2023-09-18T09:15:00.000000+0530,2026-08-28T15:15:00.000000+0530
VIPCLOTHNG,VIP Clothing Limited,EQ,,5005,2023-09-18T09:15:00.000000+0530,2026-08-28T15:15:00.000000+0530
VIPIND,VIP Industries Limited,EQ,,5047,2023-09-18T09:15:00.000000+0530,2026-08-28T15:15:00.000000+0530
VIPULLTD,Vipul Limited,BE,,4714,2023-09-18T09:15:00.000000+0530,2026-08-28T14:15:00.000000+0530
VIRAT,Virat Industries Limited,EQ,,57,2026-08-18T09:15:00.000000+0530,2026-08-28T15:15:00.000000+0530
VIRINCHI,Virinchi Limited,EQ,,5045,2023-09-18T09:15:00.000000+0530,2026-08-28T15:15:00.000000+0530
VIRTUALG,Virtual Global Education Limited,EQ,,56,2026-08-19T09:15:00.000000+0530,2026-08-28T15:15:00.000000+0530
VISACHROME,VISA Chrome Limited,EQ,,485,2026-05-20T09:15:00.000000+0530,2026-08-28T15:15:00.000000+0530
VISAKAIND,Visaka Industries Limited,EQ,,5049,2023-09-18T09:15:00.000000+0530,2026-08-28T15:15:00.000000+0530
VISHAL,Vishal Fabrics Limited,EQ,,553,2023-09-18T09:15:00.000000+0530,2026-08-28T15:15:00.000000+0530
VISHNU,Vishnu Chemicals Limited,EQ,,5050,2023-09-18T09:15:00.000000+0530,2026-08-28T15:15:00.000000+0530
VISHWARAJ,Vishwaraj Sugar Industries Limited,EQ,,5050,2023-09-18T09:15:00.000000+0530,2026-08-28T15:15:00.000000+0530
VISL,Vedanta Iron and Steel Limited,EQ,,375,2026-06-15T09:15:00.000000+0530,2026-08-28T15:15:00.000000+0530
VITAL,Vital Chemtech Limited,BE,,549,2026-03-11T09:15:00.000000+0530,2026-08-28T14:15:00.000000+0530
VIVIANA,Viviana Power Tech Limited,BE,,438,2026-06-02T09:15:00.000000+0530,2026-08-28T15:15:00.000000+0530
VIVIDHA,Visagar Polytex Limited,EQ,,4915,2023-09-18T09:15:00.000000+0530,2026-08-28T15:15:00.000000+0530
VIVIMEDLAB,Vivimed Labs Limited,BE,,1173,2025-12-18T09:15:00.000000+0530,2026-08-28T15:15:00.000000+0530
VIVOBIOT,Vivo Bio Tech Limited,EQ,,62,2026-08-18T09:15:00.000000+0530,2026-08-28T15:15:00.000000+0530
VIYASH,Viyash Scientific Limited,EQ,,1016,2026-01-23T09:15:00.000000+0530,2026-08-28T15:15:00.000000+0530
VLEGOV,VL E-Governance & IT Solutions Limited,BE,,4851,2023-09-18T09:15:00.000000+0530,2026-08-28T15:15:00.000000+0530
VLSFINANCE,VLS Finance Limited,EQ,,5045,2023-09-18T09:15:00.000000+0530,2026-08-28T15:15:00.000000+0530
VMART,V-Mart Retail Limited,EQ,,5049,2023-09-18T09:15:00.000000+0530,2026-08-28T15:15:00.000000+0530
VMM,Vishal Mega Mart Limited,EQ,Consumer Services,217,2025-09-16T09:15:00.000000+0530,2026-08-28T15:15:00.000000+0530
VMSTMT,VMS TMT Limited,EQ,,1584,2025-09-24T09:15:00.000000+0530,2026-08-28T15:15:00.000000+0530
VOEPL,Virtuoso Optoelectronics Limited,EQ,,298,2026-07-01T09:15:00.000000+0530,2026-08-28T15:15:00.000000+0530
VOGL,Vedanta Oil and Gas Limited,EQ,,375,2026-06-15T09:15:00.000000+0530,2026-08-28T15:15:00.000000+0530
VOITHPAPR,Voith Paper Fabrics India Limited,EQ,,44,2026-08-18T09:15:00.000000+0530,2026-08-28T15:15:00.000000+0530
VOLTAMP,Voltamp Transformers Limited,EQ,,5050,2023-09-18T09:15:00.000000+0530,2026-08-28T15:15:00.000000+0530
VOLTAS,Voltas Limited,EQ,Consumer Durables,5043,2023-09-18T09:15:00.000000+0530,2026-08-28T14:15:00.000000+0530
VPRPL,Vishnu Prakash R Punglia Limited,EQ,,5002,2023-09-18T09:15:00.000000+0530,2026-08-28T15:15:00.000000+0530
VRAJ,Vraj Iron and Steel Limited,EQ,,3423,2024-09-02T09:15:00.000000+0530,2026-08-28T15:15:00.000000+0530
VRLLOG,VRL Logistics Limited,EQ,,5048,2023-09-18T09:15:00.000000+0530,2026-08-28T15:15:00.000000+0530
VSSL,Vardhman Special Steels Limited,EQ,,5050,2023-09-18T09:15:00.000000+0530,2026-08-28T15:15:00.000000+0530
VSTIND,VST Industries Limited,EQ,,5048,2023-09-18T09:15:00.000000+0530,2026-08-28T15:15:00.000000+0530
VSTL,Vibhor Steel Tubes Limited,EQ,,3415,2024-09-02T10:15:00.000000+0530,2026-08-28T15:15:00.000000+0530
VSTTILLERS,V.S.T Tillers Tractors Limited,EQ,,5049,2023-09-18T09:15:00.000000+0530,2026-08-28T15:15:00.000000+0530
VTL,Vardhman Textiles Limited,EQ,Textiles,5049,2023-09-18T09:15:00.000000+0530,2026-08-28T15:15:00.000000+0530
VTMLTD,VTM Limited,EQ,,70,2026-08-17T09:15:00.000000+0530,2026-08-28T15:15:00.000000+0530
WAAREEENER,Waaree Energies Limited,EQ,Capital Goods,3150,2024-10-28T09:15:00.000000+0530,2026-08-28T15:15:00.000000+0530
WAAREEINDO,Indosolar Limited,EQ,,1519,2025-06-19T09:15:00.000000+0530,2026-08-28T15:15:00.000000+0530
WAAREERTL,Waaree Renewable Technologies Limited,EQ,,2381,2025-04-09T09:15:00.000000+0530,2026-08-28T15:15:00.000000+0530
WABAG,VA Tech Wabag Limited,EQ,,5049,2023-09-18T09:15:00.000000+0530,2026-08-28T15:15:00.000000+0530
WAKEFIT,Wakefit Innovations Limited,EQ,,1205,2025-12-15T09:15:00.000000+0530,2026-08-28T15:15:00.000000+0530
WALCHANNAG,Walchandnagar Industries Limited,EQ,,4983,2023-09-18T09:15:00.000000+0530,2026-08-28T15:15:00.000000+0530
WANBURY,Wanbury Limited,EQ,,4885,2023-09-18T10:15:00.000000+0530,2026-08-28T15:15:00.000000+0530
WARDINMOBI,Wardwizard Innovations & Mobility Limited,EQ,,63,2026-08-18T09:15:00.000000+0530,2026-08-28T15:15:00.000000+0530
WATERBASE,Waterbase Limited,EQ,,239,2023-09-18T09:15:00.000000+0530,2026-08-28T15:15:00.000000+0530
WCIL,Western Carriers (India) Limited,EQ,,3314,2024-09-24T09:15:00.000000+0530,2026-08-28T15:15:00.000000+0530
WEALTH,Wealth First Portfolio Managers Limited,EQ,,4987,2023-09-18T09:15:00.000000+0530,2026-08-28T15:15:00.000000+0530
WEBELSOLAR,Websol Energy System Limited,EQ,,5049,2023-09-18T09:15:00.000000+0530,2026-08-28T15:15:00.000000+0530
WEIZMANIND,Weizmann Limited,EQ,,4791,2023-09-18T09:15:00.000000+0530,2026-08-28T15:15:00.000000+0530
WEL,Wonder Electricals Limited,EQ,,4902,2023-09-18T09:15:00.000000+0530,2026-08-28T15:15:00.000000+0530
WELCORP,Welspun Corp Limited,EQ,Capital Goods,5048,2023-09-18T09:15:00.000000+0530,2026-08-28T15:15:00.000000+0530
WELENT,Welspun Enterprises Limited,EQ,,5047,2023-09-18T09:15:00.000000+0530,2026-08-28T15:15:00.000000+0530
WELINV,Welspun Investments and Commercials Limited,BE,,4373,2023-09-18T09:15:00.000000+0530,2026-08-28T14:15:00.000000+0530
WELSPLSOL,Welspun Specialty Solutions Limited,EQ,,63,2026-08-18T09:15:00.000000+0530,2026-08-28T15:15:00.000000+0530
WELSPUNLIV,Welspun Living Limited,EQ,Textiles,4643,2023-12-14T09:15:00.000000+0530,2026-08-28T15:15:00.000000+0530
WENDT,Wendt (India) Limited,EQ,,5040,2023-09-18T09:15:00.000000+0530,2026-08-28T15:15:00.000000+0530
WESTLIFE,WESTLIFE FOODWORLD LIMITED,EQ,,5049,2023-09-18T09:15:00.000000+0530,2026-08-28T15:15:00.000000+0530
WEWIN,WE WIN LIMITED,EQ,,4401,2023-09-18T09:15:00.000000+0530,2026-08-28T13:15:00.000000+0530
WEWORK,WeWork India Management Limited,EQ,,1508,2025-10-10T09:15:00.000000+0530,2026-08-28T15:15:00.000000+0530
WHBRADY,WH Brady & Company Limited,EQ,,29,2026-08-18T10:15:00.000000+0530,2026-08-27T15:15:00.000000+0530
WHEELS,Wheels India Limited,EQ,,5050,2023-09-18T09:15:00.000000+0530,2026-08-28T15:15:00.000000+0530
WHIRLPOOL,Whirlpool of India Limited,EQ,Consumer Durables,5049,2023-09-18T09:15:00.000000+0530,2026-08-28T15:15:00.000000+0530
WILLAMAGOR,Williamson Magor & Company Limited,EQ,,4721,2023-09-18T09:15:00.000000+0530,2026-08-28T15:15:00.000000+0530
WINDLAS,Windlas Biotech Limited,EQ,,5049,2023-09-18T09:15:00.000000+0530,2026-08-28T15:15:00.000000+0530
WINDMACHIN,Windsor Machines Limited,EQ,,5010,2023-09-18T09:15:00.000000+0530,2026-08-28T15:15:00.000000+0530
WIPL,The Western India Plywoods Limited,EQ,,4343,2023-09-18T10:15:00.000000+0530,2026-08-28T14:15:00.000000+0530
WIPRO,Wipro Limited,EQ,Information Technology,5048,2023-09-18T09:15:00.000000+0530,2026-08-28T15:15:00.000000+0530
WOCKPHARMA,Wockhardt Limited,EQ,Healthcare,5048,2023-09-18T09:15:00.000000+0530,2026-08-28T15:15:00.000000+0530
WONDERLA,Wonderla Holidays Limited,EQ,,5049,2023-09-18T09:15:00.000000+0530,2026-08-28T15:15:00.000000+0530
WORTHPERI,Worth Peripherals Limited,EQ,,1445,2025-10-10T09:15:00.000000+0530,2026-08-28T15:15:00.000000+0530
WPIL,WPIL Limited,EQ,,63,2026-08-18T09:15:00.000000+0530,2026-08-28T15:15:00.000000+0530
WSI,W S Industries (I) Limited,EQ,,4923,2023-09-18T09:15:00.000000+0530,2026-08-28T15:15:00.000000+0530
WSTCSTPAPR,West Coast Paper Mills Limited,EQ,,5049,2023-09-18T09:15:00.000000+0530,2026-08-28T15:15:00.000000+0530
XCHANGING,Xchanging Solutions Limited,EQ,,5048,2023-09-18T09:15:00.000000+0530,2026-08-28T15:15:00.000000+0530
XELPMOC,Xelpmoc Design And Tech Limited,EQ,,5030,2023-09-18T09:15:00.000000+0530,2026-08-28T15:15:00.000000+0530
XPROINDIA,Xpro India Limited,EQ,,5048,2023-09-18T09:15:00.000000+0530,2026-08-28T15:15:00.000000+0530
XTGLOBAL,Xtglobal Infotech Limited,EQ,,3341,2024-09-16T09:15:00.000000+0530,2026-08-28T15:15:00.000000+0530
XTRANET,Xtranet Technologies Limited,EQ,,154,2026-07-30T09:15:00.000000+0530,2026-08-28T15:15:00.000000+0530
YASHO,Yasho Industries Limited,EQ,,5049,2023-09-18T09:15:00.000000+0530,2026-08-28T15:15:00.000000+0530
YATHARTH,Yatharth Hospital & Trauma Care Services Limited,EQ,,5049,2023-09-18T09:15:00.000000+0530,2026-08-28T15:15:00.000000+0530
YATRA,Yatra Online Limited,EQ,,3427,2024-09-02T09:15:00.000000+0530,2026-08-28T15:15:00.000000+0530
YESBANK,Yes Bank Limited,EQ,Financial Services,5046,2023-09-18T09:15:00.000000+0530,2026-08-28T15:15:00.000000+0530
YOGI,Yogi Limited,EQ,,32,2026-08-18T15:15:00.000000+0530,2026-08-28T13:15:00.000000+0530
YUKEN,Yuken India Limited,EQ,,5046,2023-09-18T09:15:00.000000+0530,2026-08-28T15:15:00.000000+0530
ZAGGLE,Zaggle Prepaid Ocean Services Limited,EQ,,3425,2024-09-02T09:15:00.000000+0530,2026-08-28T15:15:00.000000+0530
ZEEL,Zee Entertainment Enterprises Limited,EQ,Media Entertainment & Publication,5049,2023-09-18T09:15:00.000000+0530,2026-08-28T15:15:00.000000+0530
ZEELEARN,Zee Learn Limited,BE,,4747,2023-09-18T09:15:00.000000+0530,2026-08-28T15:15:00.000000+0530
ZEEMEDIA,Zee Media Corporation Limited,EQ,,5050,2023-09-18T09:15:00.000000+0530,2026-08-28T15:15:00.000000+0530
ZENITHEXPO,Zenith Exports Limited,EQ,,3852,2023-09-18T09:15:00.000000+0530,2026-08-28T09:15:00.000000+0530
ZENITHSTL,Zenith Steel Pipes & Industries Limited,EQ,,4898,2023-09-18T09:15:00.000000+0530,2026-08-28T15:15:00.000000+0530
ZENSARTECH,Zensar Technologies Limited,EQ,Information Technology,5046,2023-09-18T09:15:00.000000+0530,2026-08-28T15:15:00.000000+0530
ZENTEC,Zen Technologies Limited,EQ,Capital Goods,5050,2023-09-18T09:15:00.000000+0530,2026-08-28T15:15:00.000000+0530
ZFCVINDIA,ZF Commercial Vehicle Control Systems India Limited,EQ,Automobile and Auto Components,5049,2023-09-18T09:15:00.000000+0530,2026-08-28T15:15:00.000000+0530
ZFSTEERING,ZF Steering Gear (India) Limited,EQ,,621,2026-04-21T10:15:00.000000+0530,2026-08-28T15:15:00.000000+0530
ZIMLAB,Zim Laboratories Limited,EQ,,5003,2023-09-18T09:15:00.000000+0530,2026-08-28T15:15:00.000000+0530
ZODIAC,Zodiac Energy Limited,EQ,,4890,2023-09-18T09:15:00.000000+0530,2026-08-28T15:15:00.000000+0530
ZODIACLOTH,Zodiac Clothing Company Limited,EQ,,5011,2023-09-18T09:15:00.000000+0530,2026-08-28T14:15:00.000000+0530
ZOTA,Zota Health Care LImited,EQ,,5050,2023-09-18T09:15:00.000000+0530,2026-08-28T15:15:00.000000+0530
ZSARACOM,Saraswati Commercial India Limited,EQ,,55,2026-08-18T09:15:00.000000+0530,2026-08-28T15:15:00.000000+0530
ZUARI,Zuari Agro Chemicals Limited,EQ,,5050,2023-09-18T09:15:00.000000+0530,2026-08-28T15:15:00.000000+0530
ZUARIIND,ZUARI INDUSTRIES LIMITED,EQ,,5047,2023-09-18T09:15:00.000000+0530,2026-08-28T15:15:00.000000+0530
ZYDUSLIFE,Zydus Lifesciences Limited,EQ,Healthcare,5042,2023-09-18T09:15:00.000000+0530,2026-08-28T14:15:00.000000+0530
ZYDUSWELL,Zydus Wellness Limited,EQ,Fast Moving Consumer Goods,5049,2023-09-18T09:15:00.000000+0530,2026-08-28T15:15:00.000000+0530
